split_source,source_row_id,review_text,review_text_clean
train,15,Packed with so much information.  I look forward to getting it each time.,Packed with so much information. I look forward to getting it each time.
train,19,"-It keeps me up with the lasest PC technology.

-Reviews are very unbiased

-Too many Game technology articles",-It keeps me up with the lasest PC technology. -Reviews are very unbiased -Too many Game technology articles
train,36,It has only a few good articles (2 or 3) and the rest are just ads.  Simply put too many ads.,It has only a few good articles (2 or 3) and the rest are just ads. Simply put too many ads.
train,37,It took two months to receive the first magazine and didn't receive any more after that.  Defenitely the last magazine subscription I order from Amazon.,It took two months to receive the first magazine and didn't receive any more after that. Defenitely the last magazine subscription I order from Amazon.
train,41,"When the renewal starts since I purchase it.
The letter came yesterday to renewal it so now do it.",When the renewal starts since I purchase it. The letter came yesterday to renewal it so now do it.
train,44,"sucks
you may or may not receive you order",sucks you may or may not receive you order
train,51,This magazine is about 70% advertisements.  It's a shame.  I canceled my subscription.,This magazine is about 70% advertisements. It's a shame. I canceled my subscription.
train,52,"This app needs work as it will only download the first few pages then ""gets stuck"".  Glad I only bought one issue and I will delete that.","This app needs work as it will only download the first few pages then ""gets stuck"". Glad I only bought one issue and I will delete that."
train,58,"not like use to.  Too much ads, (every page?)  no thanks","not like use to. Too much ads, (every page?) no thanks"
train,62,Lots of adds.  Light on content.,Lots of adds. Light on content.
train,66,I am very displeased with this.  I tried to cancel my subscription but they would not do so.  I do not want this magazine.,I am very displeased with this. I tried to cancel my subscription but they would not do so. I do not want this magazine.
train,68,Not available  for purchase? Why list it under Kindle Unlimited  then?,Not available for purchase? Why list it under Kindle Unlimited then?
train,70,Not compatible on Android tablets via Kindle app.  Beware...,Not compatible on Android tablets via Kindle app. Beware...
train,73,Almost half the magazine is alcohol and cigarette ads.  Could not use them to reading time in my classroom.,Almost half the magazine is alcohol and cigarette ads. Could not use them to reading time in my classroom.
train,74,Articles are no longer very interesting.  Basically you can get all the highlights of the articles online for free.,Articles are no longer very interesting. Basically you can get all the highlights of the articles online for free.
train,76,"my mother kept every Christmas issue for years
I love looking at them . . classic",my mother kept every Christmas issue for years I love looking at them . . classic
train,79,"Good magazine, plenty of interesting stuff, up to date info, fashions, fashion tips, health and beauty.
Would recommend.","Good magazine, plenty of interesting stuff, up to date info, fashions, fashion tips, health and beauty. Would recommend."
train,82,great magazine!  Came very quickly.,great magazine! Came very quickly.
train,83,there's too many ads and not enough articles.  Self magazine and marie claire are better for this reason.,there's too many ads and not enough articles. Self magazine and marie claire are better for this reason.
train,97,"Got the first issue and then cancelled.  Lots of health info followed by a FULL PAGE AD FOR CIGARETTES.
Can you say hypocritical !!!!",Got the first issue and then cancelled. Lots of health info followed by a FULL PAGE AD FOR CIGARETTES. Can you say hypocritical !!!!
train,105,I think there are a lot of useless articles.  The cabbage recipes were unappetizing.  I was glad I didn't buy it.,I think there are a lot of useless articles. The cabbage recipes were unappetizing. I was glad I didn't buy it.
train,113,I can learn how to eat healthy and do exercise at the gym on my own thank you very much.  I cancelled my subscription.,I can learn how to eat healthy and do exercise at the gym on my own thank you very much. I cancelled my subscription.
train,118,"The magazine is starting to have fair to much advertising and less pertinent info on ""Men's Health"".  I might have to switch to something else.","The magazine is starting to have fair to much advertising and less pertinent info on ""Men's Health"". I might have to switch to something else."
train,119,"i ordered  men's health for someone incarcerated,  i year subscribtion., out of  that year they only received 2 magazines.","i ordered men's health for someone incarcerated, i year subscribtion., out of that year they only received 2 magazines."
train,121,"It's a magazine... is there really reviews on those??

 Yea is an pretty nice magazine.  Has all kinds of magazine stuff in it...",It's a magazine... is there really reviews on those?? Yea is an pretty nice magazine. Has all kinds of magazine stuff in it...
train,126,"I'm writing a one point review because I never did get the magazine on my kindle.  Wow I thought I subscribed to it a while ago.  Please correct.
Diane Boyle",I'm writing a one point review because I never did get the magazine on my kindle. Wow I thought I subscribed to it a while ago. Please correct. Diane Boyle
train,131,"SOOOO MANY ADS!!!!!
So many in fact, you won't be able to tell what's written by the Magazine and what's an ad.","SOOOO MANY ADS!!!!! So many in fact, you won't be able to tell what's written by the Magazine and what's an ad."
train,134,Received my first magazine in May and it was the April issue.  I hope they don't charge me for a month old magazine.,Received my first magazine in May and it was the April issue. I hope they don't charge me for a month old magazine.
train,136,Don't waste your time unless you have a kindle fire or ipad.  Kindle apps on android phones or tablets are not allowed to load this kindle item.,Don't waste your time unless you have a kindle fire or ipad. Kindle apps on android phones or tablets are not allowed to load this kindle item.
train,140,You keep sending it to the wrong address and it is present to some else.  I am trying to correct this.,You keep sending it to the wrong address and it is present to some else. I am trying to correct this.
train,147,"Poor writing, and includes a ridiculous full-page ad for male sexual enhancements.  Don't give this to kids.","Poor writing, and includes a ridiculous full-page ad for male sexual enhancements. Don't give this to kids."
train,151,"Another THIN issue.  Hoping this was a one-time thing.  Will not purchase again, if this continues to be the norm.","Another THIN issue. Hoping this was a one-time thing. Will not purchase again, if this continues to be the norm."
train,153,"I got bombarded with glossy junk mail and watch out for hidden renewals.
My wife got me a subscription through her airline miles program. I did not like it.",I got bombarded with glossy junk mail and watch out for hidden renewals. My wife got me a subscription through her airline miles program. I did not like it.
train,155,Love to read the articles and recipes!  Loved to read mom's subscription growing up and now I've given it to my daughters.  Three generations of readers....,Love to read the articles and recipes! Loved to read mom's subscription growing up and now I've given it to my daughters. Three generations of readers....
train,159,I bought this for my boyfriend because he kept taking my Cosmo magazine.  It has great articles for guys and for their girlfriends.,I bought this for my boyfriend because he kept taking my Cosmo magazine. It has great articles for guys and for their girlfriends.
train,167,"I purchased this to read in doctors office.  With changes in the way it is down loaded and how many can be on my device, that plan is not working.  I do not like","I purchased this to read in doctors office. With changes in the way it is down loaded and how many can be on my device, that plan is not working. I do not like"
train,173,"I probably shouldn't have gotten it for 5th graders.  There were cigarette ads throughout each issue!  Really could've done without those, and the conversations that followed!","I probably shouldn't have gotten it for 5th graders. There were cigarette ads throughout each issue! Really could've done without those, and the conversations that followed!"
train,175,"Wonderful magazine, I am a subscriber for15 years and I love it, now that I can get the digital issue on my kindle, I can read anywhere.
thanks!","Wonderful magazine, I am a subscriber for15 years and I love it, now that I can get the digital issue on my kindle, I can read anywhere. thanks!"
train,176,"I look forward to checking the latest issue every month.  With this new edition, the magazine has been downloading for 3 days.  It is a technical problem.","I look forward to checking the latest issue every month. With this new edition, the magazine has been downloading for 3 days. It is a technical problem."
train,177,"I subscribed most of my adult life.  I finally discontinued because the magazine is now more ""Popular People of Science""  and less about the science itself.","I subscribed most of my adult life. I finally discontinued because the magazine is now more ""Popular People of Science"" and less about the science itself."
train,181,"I have read BH&G since the 70s.  I have never been disappointed with the quality and content.  Always interesting and so full of projects, ideas and recipes.","I have read BH&G since the 70s. I have never been disappointed with the quality and content. Always interesting and so full of projects, ideas and recipes."
train,188,Canx my subscription....way too much advertisement!  Keep in mind though. I hate commercials!  Only exception is Superbowl!,Canx my subscription....way too much advertisement! Keep in mind though. I hate commercials! Only exception is Superbowl!
train,192,The magazine is so thin -- not much articles to read in this issue.  Will the coming issues also be this thin?,The magazine is so thin -- not much articles to read in this issue. Will the coming issues also be this thin?
train,200,I'm very please with my subscription.  Every issue is on time and filled with all kinds of ideas!  Thank you!,I'm very please with my subscription. Every issue is on time and filled with all kinds of ideas! Thank you!
train,203,Seems like each magazine gets smaller each time and it appears that there are way too many advertisements.  I liked it much better before.,Seems like each magazine gets smaller each time and it appears that there are way too many advertisements. I liked it much better before.
train,204,I'm a HD rider and this is really not defined to that manufactor.  I skim though it every month but I won't subscribe again.,I'm a HD rider and this is really not defined to that manufactor. I skim though it every month but I won't subscribe again.
train,207,Love this magazine!  Have subscribed to it for years!  Buying my subscription through Amazon gets me the beat price and best delivery!,Love this magazine! Have subscribed to it for years! Buying my subscription through Amazon gets me the beat price and best delivery!
train,209,"My husband loves, loves, loves this magazine. Actually, I find myself flipping through it as well.  If you are a "" do it yourselfer""  than this magazine is a must!","My husband loves, loves, loves this magazine. Actually, I find myself flipping through it as well. If you are a "" do it yourselfer"" than this magazine is a must!"
train,210,I give this magazine to the woodworkers in our family and they love it.  It is well illustrated and has projects for the beginner as well as the advanced woodworker.,I give this magazine to the woodworkers in our family and they love it. It is well illustrated and has projects for the beginner as well as the advanced woodworker.
train,212,"I have been a subscriber for over 20 years and love, love, love this magazine.  Can't beat the value by ordering from here!","I have been a subscriber for over 20 years and love, love, love this magazine. Can't beat the value by ordering from here!"
train,217,"As always, this magazine exceeds my exectations.  I learn valuable new tips with every issue.
Sharon Weeks","As always, this magazine exceeds my exectations. I learn valuable new tips with every issue. Sharon Weeks"
train,219,"Love it.  Great magazine, great articles, great price.  I wish Amazon was adding more 1 year auto renewal magazines (instead of removing them)","Love it. Great magazine, great articles, great price. I wish Amazon was adding more 1 year auto renewal magazines (instead of removing them)"
train,221,I ordered this on 12/23/08 as a gift and the person still has not received their first issue as of 2/3/09.  Very disappointed.,I ordered this on 12/23/08 as a gift and the person still has not received their first issue as of 2/3/09. Very disappointed.
train,223,perhaps my expectations were too high.  Disappointed.,perhaps my expectations were too high. Disappointed.
train,226,"Given as a gift. We have heard no feedback.
Must have not impressed the recipient.",Given as a gift. We have heard no feedback. Must have not impressed the recipient.
train,227,"I have not received this magazine, so I can not write a review>
Please let me know when I will receive the magazine.
Tnank you.

Carol","I have not received this magazine, so I can not write a review> Please let me know when I will receive the magazine. Tnank you. Carol"
train,228,Haven't received my subscription yet! I going to give this product more time  to arrive to my home before  I contact who is responsible.,Haven't received my subscription yet! I going to give this product more time to arrive to my home before I contact who is responsible.
train,229,"Ordered magazine on 12/27/08.  As of February 27, 2009 still have not received my subscription.","Ordered magazine on 12/27/08. As of February 27, 2009 still have not received my subscription."
train,239,Lots of advertising.  Light on content.,Lots of advertising. Light on content.
train,241,"Living in Vegas, I truly miss my beloved Texas.  The magazine keeps me informed of happenings across the state.  The articles and BBQ recipes are just the best!!!","Living in Vegas, I truly miss my beloved Texas. The magazine keeps me informed of happenings across the state. The articles and BBQ recipes are just the best!!!"
train,243,"Wonderful magazine! Thank you for the opportunity to purchase at a great price!
Brenda Cooper",Wonderful magazine! Thank you for the opportunity to purchase at a great price! Brenda Cooper
train,250,Sent this subscription to my son three years ago and he loves it.  I have renewed it for him here at a great price.,Sent this subscription to my son three years ago and he loves it. I have renewed it for him here at a great price.
train,256,"Too many ads.  Too many ""Best restaurents, doctors, lawyers, etc."" listings.  Maybe one or two good articles per issue.  Probably won't subscribe again.","Too many ads. Too many ""Best restaurents, doctors, lawyers, etc."" listings. Maybe one or two good articles per issue. Probably won't subscribe again."
train,258,Didn't order this.  PLEASE DON'T ORDER THIS MAGAZINE.,Didn't order this. PLEASE DON'T ORDER THIS MAGAZINE.
train,260,"The stories, locations, and special interests topics are spectacular and well written.  Would recommend this to all of my friends.","The stories, locations, and special interests topics are spectacular and well written. Would recommend this to all of my friends."
train,263,My dad called to let me know he got his first issue.  He and mom love it.  I knew that they would.  Thanks Amazon for making it available at a great cost.,My dad called to let me know he got his first issue. He and mom love it. I knew that they would. Thanks Amazon for making it available at a great cost.
train,265,I was disappointed as I don't travel on quite the grand scale they cater to.  I cancelled after 5 mos. as I couln't find anything appliable to my style.,I was disappointed as I don't travel on quite the grand scale they cater to. I cancelled after 5 mos. as I couln't find anything appliable to my style.
train,269,I can't review the Monthly at this time; simply I ain't received it.  LOL,I can't review the Monthly at this time; simply I ain't received it. LOL
train,270,"House Beautiful inspires me to make little changes in my home to keep 'in style.'  There's always an article about using color, and Alex has some good recipes!","House Beautiful inspires me to make little changes in my home to keep 'in style.' There's always an article about using color, and Alex has some good recipes!"
train,271,"The subscription  started a month earlier than I was told, which was great...","The subscription started a month earlier than I was told, which was great..."
train,274,"No better than it was years ago when I quit subscribing.
Too many ads and not enough articles of interest.
Still pretty poor.",No better than it was years ago when I quit subscribing. Too many ads and not enough articles of interest. Still pretty poor.
train,275,I did not like the magazine.  Cancelled the subscription after about 15 minutes. Lots of ads and not much to read. Sorry.,I did not like the magazine. Cancelled the subscription after about 15 minutes. Lots of ads and not much to read. Sorry.
train,276,"Mostly ads anyway, this magazine is only for the wealthy.  I have better ways of spending my money than wasting $200 on a throw pillow.","Mostly ads anyway, this magazine is only for the wealthy. I have better ways of spending my money than wasting $200 on a throw pillow."
train,277,Still has too much advertising for the regular price of the magazine.  Not sure if I will renew or buy in future on regular basis.,Still has too much advertising for the regular price of the magazine. Not sure if I will renew or buy in future on regular basis.
train,279,Way too many ads in this magazine and not enough travel content for the regular traveler.  I won't renew this subscription when it's time.,Way too many ads in this magazine and not enough travel content for the regular traveler. I won't renew this subscription when it's time.
train,284,"I've always loved this magazine---I'm so glad I finally got around to getting a subsrciption!

YES, there ARE moderates and liberals in Texas!","I've always loved this magazine---I'm so glad I finally got around to getting a subsrciption! YES, there ARE moderates and liberals in Texas!"
train,286,"This magazine, first issue came before I expected
but good to have. Nicely done. Bought the subscription
for $39 for 6 mos. You get this US Wkly every week!","This magazine, first issue came before I expected but good to have. Nicely done. Bought the subscription for $39 for 6 mos. You get this US Wkly every week!"
train,288,No info for print subscriber to assist in understanding digital policy?  You just  want me to pay...again?  Not everyone buys Apple.,No info for print subscriber to assist in understanding digital policy? You just want me to pay...again? Not everyone buys Apple.
train,294,Still having technical difficulties processing my subscription?  It's been 6 months!,Still having technical difficulties processing my subscription? It's been 6 months!
train,295,What can you say about the perfect golf magazine?  My husband loves it.  Perfect gift for him!,What can you say about the perfect golf magazine? My husband loves it. Perfect gift for him!
train,300,"It's great!!!
I would recommend this book to all of my friends. I have learned a lot from this magazine. LOVE LOVE LOVE!!!",It's great!!! I would recommend this book to all of my friends. I have learned a lot from this magazine. LOVE LOVE LOVE!!!
train,301,I have been subscribing to handyman for many years and I keep up with my old issues for my use as well as those that come by to borrow them.  Great ideas that we all can use.,I have been subscribing to handyman for many years and I keep up with my old issues for my use as well as those that come by to borrow them. Great ideas that we all can use.
train,304,"To many ads and not enough real articlies to shank up my attention.
Truely, a loss of one my all time farvoite magazines!!!!","To many ads and not enough real articlies to shank up my attention. Truely, a loss of one my all time farvoite magazines!!!!"
train,305,I find that this magazine is too full of advertising and not enough of the guitar lessons material I was looking for.  I won't re-subscribe.,I find that this magazine is too full of advertising and not enough of the guitar lessons material I was looking for. I won't re-subscribe.
train,308,"I've been reading GOLF Magazine for years and feel it is the best golf magazine available.  I have just begun reading it electronically, which makes more sense for me.","I've been reading GOLF Magazine for years and feel it is the best golf magazine available. I have just begun reading it electronically, which makes more sense for me."
train,309,It is not what I expected.  I defintely do not want to renew for another year.  There are a lot of magazines that give you tips and ideas for your home.  Do not renew.,It is not what I expected. I defintely do not want to renew for another year. There are a lot of magazines that give you tips and ideas for your home. Do not renew.
train,312,"I look forward every month to get my issue and read in bed after a long, hectic day.  I highly recommend it.","I look forward every month to get my issue and read in bed after a long, hectic day. I highly recommend it."
train,315,Love this magazine! Great ideas with a very good price.  The photos are great and the houses picked are decorated by fenomenal artists.,Love this magazine! Great ideas with a very good price. The photos are great and the houses picked are decorated by fenomenal artists.
train,321,"I love this magazine, it has tons of great ideas, tips and tools.  I like it so much I ordered a subscription for my brother.","I love this magazine, it has tons of great ideas, tips and tools. I like it so much I ordered a subscription for my brother."
train,329,"Fun, fun, fun!  Concise and topical. Straightforward, clear writing.","Fun, fun, fun! Concise and topical. Straightforward, clear writing."
train,330,Proof of Heaven was a disappointment.  It was a lot of neurological detail that is not an easy read for a lay person.,Proof of Heaven was a disappointment. It was a lot of neurological detail that is not an easy read for a lay person.
train,332,"I responded to an ad in the print edition of Golf, to which I subscribe.  Kindle edition convenient and no additional cost.  Definitely worth the price of free.","I responded to an ad in the print edition of Golf, to which I subscribe. Kindle edition convenient and no additional cost. Definitely worth the price of free."
train,334,This magazine used to be cutting edge...  now its one big advertisement... 34 full page adds out of 88 for one issue... its soI used to look forward to each issue.  Not anymore!,This magazine used to be cutting edge... now its one big advertisement... 34 full page adds out of 88 for one issue... its soI used to look forward to each issue. Not anymore!
train,337,I ordered this magazine on 11/30 -- it is now 2/1 and it still has not arrived.  Can't really rate the magazine since I haven't gotten it yet.,I ordered this magazine on 11/30 -- it is now 2/1 and it still has not arrived. Can't really rate the magazine since I haven't gotten it yet.
train,340,Magazine is so thin now.  Not worth it.,Magazine is so thin now. Not worth it.
train,344,Gifted this and they loved it.  This was a great gift idea and a great way to do it for me.,Gifted this and they loved it. This was a great gift idea and a great way to do it for me.
train,346,Love this magazine!  Much has been learned from the articles and projects.  Absolutely love the tool tips.  Will be renewing when my subscription runs out.,Love this magazine! Much has been learned from the articles and projects. Absolutely love the tool tips. Will be renewing when my subscription runs out.
train,349,The issue about local schools is so excellent.  Very organized and easy to use.  Very helpful and interesting.,The issue about local schools is so excellent. Very organized and easy to use. Very helpful and interesting.
train,350,i ordered this product for Xmas and have yet to receive an issue.  Amazon sold but magazine did not deliver.,i ordered this product for Xmas and have yet to receive an issue. Amazon sold but magazine did not deliver.
train,378,Lots on thick ad inserts make it hard to get to the important stuff.  I will not renew!,Lots on thick ad inserts make it hard to get to the important stuff. I will not renew!
train,379,Can't beat a wired magazine for keeping up with all kinds of topics.  Highly recommended for EVERYONE.,Can't beat a wired magazine for keeping up with all kinds of topics. Highly recommended for EVERYONE.
train,380,"I bought this magazine while waiting at the airport hopefully to learn something.  Disappointed, I found too many ads in the magazine while information is so-so.","I bought this magazine while waiting at the airport hopefully to learn something. Disappointed, I found too many ads in the magazine while information is so-so."
train,384,I thought there would be much more journaling.  It is all pictures.  Not my cup of tea at all.,I thought there would be much more journaling. It is all pictures. Not my cup of tea at all.
train,394,Poor content related magazine.  I never really was engaged by any of the articles.,Poor content related magazine. I never really was engaged by any of the articles.
train,410,"I love it.  I live in L.A. and really need to know what's going on, and this magazine gives me everything.","I love it. I live in L.A. and really need to know what's going on, and this magazine gives me everything."
train,419,"Gone 21st century and that isn't an improvement in my book.  Used to love this mag, but highly disappointed in its current state.","Gone 21st century and that isn't an improvement in my book. Used to love this mag, but highly disappointed in its current state."
train,426,A good mix of basics and more advanced ideas.  I like it.,A good mix of basics and more advanced ideas. I like it.
train,427,"Great and full of need information.  Even do it ur self things.

Enjoy every month.  Will renew many times.

I even save the monthly copies for reference.",Great and full of need information. Even do it ur self things. Enjoy every month. Will renew many times. I even save the monthly copies for reference.
train,429,awesome price!!!  awesome product!!! fast delivery!!! who could ask for more???  thanks so much!  God bless you!!  :),awesome price!!! awesome product!!! fast delivery!!! who could ask for more??? thanks so much! God bless you!! :)
train,430,"Too much advertisement ! Not so much things to read.
I will cancel my subscription.",Too much advertisement ! Not so much things to read. I will cancel my subscription.
train,432,"I'd like to find out about getting a refund, since I've been charged for a magazine subscription without getting any actual issues.  This is a very disappointing ""special offer"".","I'd like to find out about getting a refund, since I've been charged for a magazine subscription without getting any actual issues. This is a very disappointing ""special offer""."
train,435,Was disappointed .  Contest let them use Photoshop.  I thought a good photographer did it all with camera settings.,Was disappointed . Contest let them use Photoshop. I thought a good photographer did it all with camera settings.
train,436,"My grandson loves this magazine! He is 16 and has often commented and quotes on stories on what he's read.

.",My grandson loves this magazine! He is 16 and has often commented and quotes on stories on what he's read. .
train,448,"Once one of my favorites,  this magazine has deteriorated to the point that after many years,  I know longer subscribe.","Once one of my favorites, this magazine has deteriorated to the point that after many years, I know longer subscribe."
train,449,"Just full of advertisements.  Zero quality articles.  Not happy with this and won't order again.. I really tried to like it, as fashion is so much fun, but this was a big dud.","Just full of advertisements. Zero quality articles. Not happy with this and won't order again.. I really tried to like it, as fashion is so much fun, but this was a big dud."
train,452,I was under the impression that was getting 12  issues for 14.95 . So far all I've received  Is three.,I was under the impression that was getting 12 issues for 14.95 . So far all I've received Is three.
train,453,"I received 2 issues in my dead mother's name.....can't figure that out...she's been gone 2 years.
I ordered Dec 4th, today is Feb 16th, still no Smart Money in my name???","I received 2 issues in my dead mother's name.....can't figure that out...she's been gone 2 years. I ordered Dec 4th, today is Feb 16th, still no Smart Money in my name???"
train,457,Makes it easy to keep up with new developments in the next new thing.  Recommend for anyone who has a desire to learn about new products.,Makes it easy to keep up with new developments in the next new thing. Recommend for anyone who has a desire to learn about new products.
train,459,"Wish I had not mailed my check.  Most boring magazine I
Have ever seen. Anorexic models with pouty faces, none of
Them happy with life, I guess. Please
Refund my money.","Wish I had not mailed my check. Most boring magazine I Have ever seen. Anorexic models with pouty faces, none of Them happy with life, I guess. Please Refund my money."
train,460,I give this magazine to my niece for her birthday every year and she loves it!  It makes shopping for her very easy!,I give this magazine to my niece for her birthday every year and she loves it! It makes shopping for her very easy!
train,462,This is not a magazine.  There is no content.  It does not seem that the issues were delivered either. Save your money,This is not a magazine. There is no content. It does not seem that the issues were delivered either. Save your money
train,464,Too many advertisements and too little articles.  I will not renew.,Too many advertisements and too little articles. I will not renew.
train,469,A lot advertising. I didn t find many interesting articles.  Will not renew my subscription. Different than what I thought.,A lot advertising. I didn t find many interesting articles. Will not renew my subscription. Different than what I thought.
train,472,I love this magazine and have just ordered a subscription for my daughter too.  Very good value for the money.,I love this magazine and have just ordered a subscription for my daughter too. Very good value for the money.
train,482,"I love this magazine.  I can always find something new to learn.  Covers many, many areas of woodworking, from novice to expert.  Highly recommend.","I love this magazine. I can always find something new to learn. Covers many, many areas of woodworking, from novice to expert. Highly recommend."
train,487,"Well since I only just got my first digital issue, I can only give it 1 star!
Based on the first issue (May) I'm not impressed.....Yet!","Well since I only just got my first digital issue, I can only give it 1 star! Based on the first issue (May) I'm not impressed.....Yet!"
train,490,My daughter has not started receiving the magazine. When will she start getting it. I ordered it in December.  ?????,My daughter has not started receiving the magazine. When will she start getting it. I ordered it in December. ?????
train,492,Great magazine for the outdoor enthusiasts.  Fishing and hunting are both covered very well,Great magazine for the outdoor enthusiasts. Fishing and hunting are both covered very well
train,493,"Just read their latest issue, alot of bizzare recipes and things I'd probably never make.
Won't renew","Just read their latest issue, alot of bizzare recipes and things I'd probably never make. Won't renew"
train,496,Very good magazine that gives explanations and descriptions that are not overly difficult to comprehend for many age levels  . . from adults to childre..,Very good magazine that gives explanations and descriptions that are not overly difficult to comprehend for many age levels . . from adults to childre..
train,497,Too many Ads  will not purchase again!,Too many Ads will not purchase again!
train,509,"Got the magazine for a really great price, $5 for a years sub.  Husband loves the magazine, gotten it for years.","Got the magazine for a really great price, $5 for a years sub. Husband loves the magazine, gotten it for years."
train,510,Not my style of magazine.  Just ads.,Not my style of magazine. Just ads.
train,512,This magazine is a great resource and a great value.  Got it for my son who is in to gadgets and electronics.,This magazine is a great resource and a great value. Got it for my son who is in to gadgets and electronics.
train,514,"I love this magazine. I have been receiving it regularly since I ordered it and it always arrives in good condition

GREAT VALUE",I love this magazine. I have been receiving it regularly since I ordered it and it always arrives in good condition GREAT VALUE
train,522,My Dad loves this magazine.  It is full of helpful hints and tips.,My Dad loves this magazine. It is full of helpful hints and tips.
train,523,This is my drool magazine.  I wish I could afford the clothes so I have to put together looks that I like for less.  One of these days.....,This is my drool magazine. I wish I could afford the clothes so I have to put together looks that I like for less. One of these days.....
train,530,"never anyting in it I am interested in  Certainly nothing suits our lifestyle, don't know hat more to say, bad choice.","never anyting in it I am interested in Certainly nothing suits our lifestyle, don't know hat more to say, bad choice."
train,532,"Another great magazine.  Tons of fashion, very interesting articles, beautifully photographed.  Even love the ads.  Super special price as well.","Another great magazine. Tons of fashion, very interesting articles, beautifully photographed. Even love the ads. Super special price as well."
train,539,it's  a cheap magazine  ... and my dad likes to fish but it has way way way too many ads,it's a cheap magazine ... and my dad likes to fish but it has way way way too many ads
train,540,My husband reads this from cover to cover.  It is his favorite hunting magazine.  He saves them for several months and refers back to back issues often.,My husband reads this from cover to cover. It is his favorite hunting magazine. He saves them for several months and refers back to back issues often.
train,542,I AM VERY PLEASED IT REMINDS ME OF THE MAGAZINE FROM YEARS AGO. I AM VERY HAPPY I HAVE STARTED A SUBSCRIPTION  TO IT AGAIN.,I AM VERY PLEASED IT REMINDS ME OF THE MAGAZINE FROM YEARS AGO. I AM VERY HAPPY I HAVE STARTED A SUBSCRIPTION TO IT AGAIN.
train,544,Not my type of a magazine.  More for the sophisticated woman.  Will not be ordering it again.,Not my type of a magazine. More for the sophisticated woman. Will not be ordering it again.
train,546,It is just too fussy for me.  I like recipes and these are nothing that I like.  I would cancel if possible.,It is just too fussy for me. I like recipes and these are nothing that I like. I would cancel if possible.
train,554,Not sure why Im getting this.  I got a bill and the magazine all of a sudden,Not sure why Im getting this. I got a bill and the magazine all of a sudden
train,558,"I found that I don't really like this magazine...at all.
I keep flipping the pages and nothing catches my eye.
Will cancel soon.",I found that I don't really like this magazine...at all. I keep flipping the pages and nothing catches my eye. Will cancel soon.
train,561,"I have not received this magazing so, I can't review. It was charged to my credit card but not yet delivered.

Johnny","I have not received this magazing so, I can't review. It was charged to my credit card but not yet delivered. Johnny"
train,570,I enjoy this magazine.  I have been a subscriber for many years.,I enjoy this magazine. I have been a subscriber for many years.
train,573,I love this magazine!!!  Extremely happy that I was able to download it thank you!,I love this magazine!!! Extremely happy that I was able to download it thank you!
train,575,No longer good publication.  And look at the vulgar cover depicting Trump. . . no class,No longer good publication. And look at the vulgar cover depicting Trump. . . no class
train,578,I wish cancel my suscription redbook it was ordered by.  Mistake. Thank you.,I wish cancel my suscription redbook it was ordered by. Mistake. Thank you.
train,582,"Popular Science has a lot of interesting articles that are written in a way that anyone can understand them.
This magazine keeps one up to date on the latest science stuff.",Popular Science has a lot of interesting articles that are written in a way that anyone can understand them. This magazine keeps one up to date on the latest science stuff.
train,585,"I absolutely love this magazine.

I find amazing things I never new off and especially the new inventing are very interesting.",I absolutely love this magazine. I find amazing things I never new off and especially the new inventing are very interesting.
train,598,Cannot read on Kindle Fire because the issue does not zoom out to enlarge.  I would give it zero stars!,Cannot read on Kindle Fire because the issue does not zoom out to enlarge. I would give it zero stars!
train,602,The best.  I'm so glad it exists.,The best. I'm so glad it exists.
train,604,"The first issue I received did not allow access to articles by columnists.  So far, haven't been able to access anything in second issue.  Will cancel my subscription.","The first issue I received did not allow access to articles by columnists. So far, haven't been able to access anything in second issue. Will cancel my subscription."
train,612,"Got this as a gift for my Dad, who is a Western History buff and he loves it.  Money well spent!","Got this as a gift for my Dad, who is a Western History buff and he loves it. Money well spent!"
train,613,I enjoy Redbook.  There are always interesting articles and celebrity interviews.,I enjoy Redbook. There are always interesting articles and celebrity interviews.
train,614,I've been reading for at least 10 years.  That says it all.  Normally get two years at a time.  Love it.,I've been reading for at least 10 years. That says it all. Normally get two years at a time. Love it.
train,616,The amount of ads that are in the magazines is equal to the number of ads.  Would like to see less ads.,The amount of ads that are in the magazines is equal to the number of ads. Would like to see less ads.
train,620,Exceptional magazine and great price for two year subscription.  Arrived very promptly and it alway fun to read and look forward to receiving.!,Exceptional magazine and great price for two year subscription. Arrived very promptly and it alway fun to read and look forward to receiving.!
train,621,"such great articles. advice and beauty tips. delicious recipes. up to date informative articles. been reading redbook for 40 yrs. now.
love all hearst magazines.",such great articles. advice and beauty tips. delicious recipes. up to date informative articles. been reading redbook for 40 yrs. now. love all hearst magazines.
train,624,One of my most favorite magazines.  Always interesting and current.,One of my most favorite magazines. Always interesting and current.
train,633,I haven't received my magazine yet - where is it???  I ordered the magazine over a month ago and I still have not received my first subscription??!,I haven't received my magazine yet - where is it??? I ordered the magazine over a month ago and I still have not received my first subscription??!
train,635,I ordered this for my mother for Christmas and it is her favorite magazine!  Classically informative and excellent for home design or re-design.,I ordered this for my mother for Christmas and it is her favorite magazine! Classically informative and excellent for home design or re-design.
train,647,Someone dropped the ball - this never arrived 8 months later.  Maybe you shouldn't get it through Amazon?,Someone dropped the ball - this never arrived 8 months later. Maybe you shouldn't get it through Amazon?
train,648,No fashion sense. Someone is be sent to fashion school. The writer's need half a brain because the articles are horrible also.  What happened to my GQ,No fashion sense. Someone is be sent to fashion school. The writer's need half a brain because the articles are horrible also. What happened to my GQ
train,652,"The premier Anti-Cop, Anti-Military, Anti-American LGBTQ ""Queer"" magazine in America.
But the pages do make good paper to wipe one's behind.","The premier Anti-Cop, Anti-Military, Anti-American LGBTQ ""Queer"" magazine in America. But the pages do make good paper to wipe one's behind."
train,653,Mindless moronic crap for the socially insecure or narcissistic nitwit.  A gift subscription that I wouldn't wipe my ass with.  Great paper for the bottom of a birdcage....,Mindless moronic crap for the socially insecure or narcissistic nitwit. A gift subscription that I wouldn't wipe my ass with. Great paper for the bottom of a birdcage....
train,657,Redbook magazine is not what it used to be.  Good thing I got it cheap.  Don't bother with this one.,Redbook magazine is not what it used to be. Good thing I got it cheap. Don't bother with this one.
train,659,"GQ used to have class. I love this magazine.
 Lately, it has become nothing more than a platform to promote the radical socialist agenda of Obama.","GQ used to have class. I love this magazine. Lately, it has become nothing more than a platform to promote the radical socialist agenda of Obama."
train,661,I just got through reading my first issue and I absolutely loved it.  I plan on renewing at the end of the subscription.,I just got through reading my first issue and I absolutely loved it. I plan on renewing at the end of the subscription.
train,667,I have subscribed to this magazine for several years now and it is always a good read.  Lots of great features and quite a good price.,I have subscribed to this magazine for several years now and it is always a good read. Lots of great features and quite a good price.
train,668,Using this Amazon app for signing up my Kindle Fire is a labyrinth of dead ends and nonsequiturs. Please improve. I can't believe that there are so many issues ,Using this Amazon app for signing up my Kindle Fire is a labyrinth of dead ends and nonsequiturs. Please improve. I can't believe that there are so many issues
train,677,Just beautiful.  The pages display wonderful images that take me back home.  The price is extremely affordable.  I highly recommend subscription.,Just beautiful. The pages display wonderful images that take me back home. The price is extremely affordable. I highly recommend subscription.
train,680,"Love it! Overall, the product was what I was looking for.  Thank you very much, again, for the this product.","Love it! Overall, the product was what I was looking for. Thank you very much, again, for the this product."
train,691,I ordered this magazine along with another.  The other magazine came one month before this one.  I don't understand .....why so late.,I ordered this magazine along with another. The other magazine came one month before this one. I don't understand .....why so late.
train,692,This is a good magazine with quite a few great ideals and cute updates for around the house.  I would recommend it to all.,This is a good magazine with quite a few great ideals and cute updates for around the house. I would recommend it to all.
train,693,The New Yorker is an amazing publication.  I've read it for years.,The New Yorker is an amazing publication. I've read it for years.
train,694,"We think that GQ still has alot to offer men looking to stay on top of the fashion trends, they always have a fresh new attitude and look

[...]","We think that GQ still has alot to offer men looking to stay on top of the fashion trends, they always have a fresh new attitude and look [...]"
train,696,"I've taken the Country Living Magazine
for over 30 years and love it.
Love the variety of things that it provides
the reader.",I've taken the Country Living Magazine for over 30 years and love it. Love the variety of things that it provides the reader.
train,700,"I love this magazine, and loved getting it for such a bargain!  I'd love to subscribe, again sometime!  Waiting for another deal!","I love this magazine, and loved getting it for such a bargain! I'd love to subscribe, again sometime! Waiting for another deal!"
train,701,why must u put all the crap about medical info & side affects  what happen to just what the book is about????  I don't like it!!,why must u put all the crap about medical info & side affects what happen to just what the book is about???? I don't like it!!
train,702,I have not gotten it yet.  Could review if I saw it.  Please let me know if/when it is coming.,I have not gotten it yet. Could review if I saw it. Please let me know if/when it is coming.
train,703,To much advertising.  Most of the pages are advertising for medical ads not one page but two complete pages.  I do not want to read that in a magazine.  Will not renew next year.,To much advertising. Most of the pages are advertising for medical ads not one page but two complete pages. I do not want to read that in a magazine. Will not renew next year.
train,705,"I have subsribed to all the r/c mags for some time.

This mag has become a glorified catalog for the adertizers.

it used to be a real good mag once.",I have subsribed to all the r/c mags for some time. This mag has become a glorified catalog for the adertizers. it used to be a real good mag once.
train,707,"I miss the old Country Living magazine.  Seems like all the articles are about second homes in the country. To me, this is NOT country living!","I miss the old Country Living magazine. Seems like all the articles are about second homes in the country. To me, this is NOT country living!"
train,708,"""
 I love having country living on my kindle. Great magazine and fun to read using the kindle. The pictures are bright and beautiful.",""" I love having country living on my kindle. Great magazine and fun to read using the kindle. The pictures are bright and beautiful."
train,711,I renew this magazine to my daugher as a gift.  She really likes the magazine.  She reports the magazine has lots of suggestions & new ideas to get & stay in shape.,I renew this magazine to my daugher as a gift. She really likes the magazine. She reports the magazine has lots of suggestions & new ideas to get & stay in shape.
train,714,"Long form journalism at its best.  Great cartoons. Superb guides to New York. Local, national, international. It is a great magazine.","Long form journalism at its best. Great cartoons. Superb guides to New York. Local, national, international. It is a great magazine."
train,716,"In my opinion The New Yorker is the best magazine around. I have been a subscriber for msny years and I would not
Want to be without it!",In my opinion The New Yorker is the best magazine around. I have been a subscriber for msny years and I would not Want to be without it!
train,717,"I read through this in about 1/2 hour, most of articles are either uninteresting or repeats as well as the exercise and diet tips.  I will not renew this one.","I read through this in about 1/2 hour, most of articles are either uninteresting or repeats as well as the exercise and diet tips. I will not renew this one."
train,719,"has been impossible to access back issues, tho I see they are attempting to remedy this.  Not enough articles of interest to me to make it worth the price.  I am not renewing.","has been impossible to access back issues, tho I see they are attempting to remedy this. Not enough articles of interest to me to make it worth the price. I am not renewing."
train,725,"Order...and the sub starts in a few weeks.  A great gift that arrives
every week.",Order...and the sub starts in a few weeks. A great gift that arrives every week.
train,728,Lots of information and techniques.  One of the best magazines I've read in a long time.,Lots of information and techniques. One of the best magazines I've read in a long time.
train,729,I have been subscribing to the New Yorker for more than 60 years.  Why stop now?  It is excellent.,I have been subscribing to the New Yorker for more than 60 years. Why stop now? It is excellent.
train,732,"you're a business magazine, not a right wing political magazine.  Steve Forbes' greatest problem is that he's NOT HIS FATHER.","you're a business magazine, not a right wing political magazine. Steve Forbes' greatest problem is that he's NOT HIS FATHER."
train,733,"I regret this purchase.  Is there any way to cancel?
Thank you

Rita Snyder",I regret this purchase. Is there any way to cancel? Thank you Rita Snyder
train,734,"As I write this January 4th, 2007, I have never gotten my first or any issue of Forbes (for which I paid on October 2, 2006).  If I ever get something maybe I'd like it.","As I write this January 4th, 2007, I have never gotten my first or any issue of Forbes (for which I paid on October 2, 2006). If I ever get something maybe I'd like it."
train,748,I bought this subscription for my boyfriend.  He loves this magazine.  Who knew Amazon could do magazine subscriptions.  AWESOME,I bought this subscription for my boyfriend. He loves this magazine. Who knew Amazon could do magazine subscriptions. AWESOME
train,753,"The magazine has good articles, and I appreciate the convenience of sending subscriptions as gifts.  The recipient appreciates it as well.","The magazine has good articles, and I appreciate the convenience of sending subscriptions as gifts. The recipient appreciates it as well."
train,759,"Just Garbage  , not even worth the bottom of a bird cage.........ads and filler. It's a shame how something that was good could be so bad.","Just Garbage , not even worth the bottom of a bird cage.........ads and filler. It's a shame how something that was good could be so bad."
train,768,"Way to many ads, not enough information or articlies that really represent anything of value.
Was once a very enjoyable magazine to read!","Way to many ads, not enough information or articlies that really represent anything of value. Was once a very enjoyable magazine to read!"
train,776,"Good magazine for my husband mechanic, electrician, plumber, carpenter and over-all jack of all trades ! !  Thanks for the opportunity to
get it through Amazon!","Good magazine for my husband mechanic, electrician, plumber, carpenter and over-all jack of all trades ! ! Thanks for the opportunity to get it through Amazon!"
train,778,"Everything bad in the world can be attributed to man-made climate change.  No original thought in any of the articles, so I cancelled immediately.","Everything bad in the world can be attributed to man-made climate change. No original thought in any of the articles, so I cancelled immediately."
train,785,"Excellent magazine!!  Always use to research products/vehicles, etc. before purchasing!","Excellent magazine!! Always use to research products/vehicles, etc. before purchasing!"
train,790,"Used to be great, now nothing but ads and the stories are not half as compelling as they used to be.  Will not be renewing.","Used to be great, now nothing but ads and the stories are not half as compelling as they used to be. Will not be renewing."
train,791,It's $24 for magazine and doesn't include online access.  The online access is $30 and doesn't include the magazine.,It's $24 for magazine and doesn't include online access. The online access is $30 and doesn't include the magazine.
train,793,"Subscription started right away.  Wish I had subscribed to CR sooner.  Always clipping an article every month for long term storage,","Subscription started right away. Wish I had subscribed to CR sooner. Always clipping an article every month for long term storage,"
train,794,This Good publication is somewhat deminished by inaccurate information.  What an awful shame that sponsor money seems to dictate opinion.,This Good publication is somewhat deminished by inaccurate information. What an awful shame that sponsor money seems to dictate opinion.
train,797,"I find this periodical very interesting. Reading his pages I can be informed in a lot of interesting filds.
I would recommend to my friends.",I find this periodical very interesting. Reading his pages I can be informed in a lot of interesting filds. I would recommend to my friends.
train,801,Not the magazine I used to love.  A waste of time and money now unfortunate it used to be really good.,Not the magazine I used to love. A waste of time and money now unfortunate it used to be really good.
train,802,Difficult to deal with in this format.  Expensive!,Difficult to deal with in this format. Expensive!
train,804,"I look forward to it every month and so do folks that visit us.  Very comprehensive, factual and interesting products that are reviewed.","I look forward to it every month and so do folks that visit us. Very comprehensive, factual and interesting products that are reviewed."
train,821,We renew this for him every year for Christmas.  He enjoys it and loves to dabble in the stock market.,We renew this for him every year for Christmas. He enjoys it and loves to dabble in the stock market.
train,823,"I am filing this in my Projects to Complete file,  detail in articles are easy to follow and end results very good looking.","I am filing this in my Projects to Complete file, detail in articles are easy to follow and end results very good looking."
train,827,Many good ideas presented in articles.  Long time reader of over ten years will continue with the magazine in the future.,Many good ideas presented in articles. Long time reader of over ten years will continue with the magazine in the future.
train,829,This magazine is weak.  Would never subscribe again.  All the articles are really vague and do not provide any actionable items.,This magazine is weak. Would never subscribe again. All the articles are really vague and do not provide any actionable items.
train,832,Magazine is infomative and interesting.  Can be used to assist in investing or just keep you well informed on the bussiness world.  Very pleased with my susbsription.,Magazine is infomative and interesting. Can be used to assist in investing or just keep you well informed on the bussiness world. Very pleased with my susbsription.
train,836,Love this magazine.  Been to subscribing to it for years. Amazons price is the best!,Love this magazine. Been to subscribing to it for years. Amazons price is the best!
train,837,This was the best price I could find on the internet.  My husband loves this magazine. He reads it cover to cover.,This was the best price I could find on the internet. My husband loves this magazine. He reads it cover to cover.
train,838,"I received Rolling Stones instead?
This seems to be a repetitive issue with this company.",I received Rolling Stones instead? This seems to be a repetitive issue with this company.
train,842,I can read and peruse the entire magazine in 10 minutes.  Nothing of interest and the recipe section is pathetic.,I can read and peruse the entire magazine in 10 minutes. Nothing of interest and the recipe section is pathetic.
train,843,They renewed the subscription after I canceled and they did not credit my account...  Make its clear of start and stop dates as they have assumptive.... renewal practices,They renewed the subscription after I canceled and they did not credit my account... Make its clear of start and stop dates as they have assumptive.... renewal practices
train,858,"I ordered a six month trial version and the very next month they made me renew for the additional year.  A bit too pushy for me, I will not do this again!","I ordered a six month trial version and the very next month they made me renew for the additional year. A bit too pushy for me, I will not do this again!"
train,860,Don'like auto renewal.  Should be able to decide on my own ifI should want to renew. Difficult to cancel subscription,Don'like auto renewal. Should be able to decide on my own ifI should want to renew. Difficult to cancel subscription
train,863,Terrible magazine now.  Nothing like years ago.  It was mostly advertisements.,Terrible magazine now. Nothing like years ago. It was mostly advertisements.
train,871,"I canceled it, was not enjoyable reading.  Prefer the old fashion paper copy.","I canceled it, was not enjoyable reading. Prefer the old fashion paper copy."
train,881,I was excited to get my first issue.  but was soon dissappointed.  Here it is june and my issue is for may.  Not happy.,I was excited to get my first issue. but was soon dissappointed. Here it is june and my issue is for may. Not happy.
train,882,"I find it to be a piece of all from many other magazines not very informative or catching
Or noteworthy",I find it to be a piece of all from many other magazines not very informative or catching Or noteworthy
train,884,This magazine has a lot of good ideas.  Really like it.,This magazine has a lot of good ideas. Really like it.
train,885,I purchased this magazine when my children were little and now I am a proud grandma and revisited this magazine which I still enjoy.  Thank you for the wonderful Family Fun ideas.,I purchased this magazine when my children were little and now I am a proud grandma and revisited this magazine which I still enjoy. Thank you for the wonderful Family Fun ideas.
train,887,"Since I haven't received the magazine yet, it is very difficult to review it at this time.  However, I can review the 6-8 week delivery time as a minus 5!","Since I haven't received the magazine yet, it is very difficult to review it at this time. However, I can review the 6-8 week delivery time as a minus 5!"
train,890,"With a grandson who loves ""projects"" and games, this magazine offers  grandparents ideas for both.  We ordered subscriptions for the grandkids family and for ourselves.","With a grandson who loves ""projects"" and games, this magazine offers grandparents ideas for both. We ordered subscriptions for the grandkids family and for ourselves."
train,900,"There is no better magazine than Good Housekeeping.  The stories are great, the recipes are wonderful and the articles are the best.","There is no better magazine than Good Housekeeping. The stories are great, the recipes are wonderful and the articles are the best."
train,901,"Cancel this subscription.
Thank you,
Gary Gronneberg","Cancel this subscription. Thank you, Gary Gronneberg"
train,903,It was a gift and the receiver is so pleased.  She has her 12 yr old daughter pick out a recipe and then they make it together while teaching cooking and kitchen skills.,It was a gift and the receiver is so pleased. She has her 12 yr old daughter pick out a recipe and then they make it together while teaching cooking and kitchen skills.
train,905,"Should be ""golf"" mag, not girlie mag.  Figure out what you want to be; legit golf resource or just another cheesy mag that will do anything to sell copies.","Should be ""golf"" mag, not girlie mag. Figure out what you want to be; legit golf resource or just another cheesy mag that will do anything to sell copies."
train,906,"Will not download completely. Cannot scroll. Almost useless.
However, the imbedded clips in the fragments I do have look
Like they would be great.","Will not download completely. Cannot scroll. Almost useless. However, the imbedded clips in the fragments I do have look Like they would be great."
train,907,Definetley wasn't what i was looking for. I wanted recipes .  Paid 3.99 pretty much for nothing. Wish i could have gotten my money back.,Definetley wasn't what i was looking for. I wanted recipes . Paid 3.99 pretty much for nothing. Wish i could have gotten my money back.
train,908,"Good Housekeeping is no longer the magazine to buy.  It has too much junk in it and after the subscription expires, it won't be renewed.","Good Housekeeping is no longer the magazine to buy. It has too much junk in it and after the subscription expires, it won't be renewed."
train,909,I enjoy and look forward to the arrival of my magazine every month.  There are so many great articles and new ideas...totally love it!,I enjoy and look forward to the arrival of my magazine every month. There are so many great articles and new ideas...totally love it!
train,911,Enjoy reading this magazines. It has info that I want to read about.  Would buy this magazine again.  Good articles.,Enjoy reading this magazines. It has info that I want to read about. Would buy this magazine again. Good articles.
train,913,I haven't received my first issue yet so can't say.  When is it going to come?????????  I think I'll like it if I ever get it.,I haven't received my first issue yet so can't say. When is it going to come????????? I think I'll like it if I ever get it.
train,917,"I was a little dissappointed in the lack of meaningful content in this magazine.  Remembering how it was in the past, it seemed to me that there were way to many ads.","I was a little dissappointed in the lack of meaningful content in this magazine. Remembering how it was in the past, it seemed to me that there were way to many ads."
train,919,Filled with  articles that are up to date in fashion and new products.  It also has great recipes.,Filled with articles that are up to date in fashion and new products. It also has great recipes.
train,922,This was a very easy subscription.  It came in a a timely manner and was much cheaper than anywhere else I could subscribe.,This was a very easy subscription. It came in a a timely manner and was much cheaper than anywhere else I could subscribe.
train,927,I wish I could give zero stars.  Horrible product.,I wish I could give zero stars. Horrible product.
train,928,"I cannot get this book to come up in larger print.  I would like to have $1.99 credited to my account.  I am removing it from my device.
Thank you.  Helen M Smith",I cannot get this book to come up in larger print. I would like to have $1.99 credited to my account. I am removing it from my device. Thank you. Helen M Smith
train,930,I have subscribed to Guipepost for years; I love the inspirational stories.  They are uplifting and encouraging.  I highly recommend.,I have subscribed to Guipepost for years; I love the inspirational stories. They are uplifting and encouraging. I highly recommend.
train,937,"Wow,  these magazines have shrunk down to one forth their size and half of that is advertisements.","Wow, these magazines have shrunk down to one forth their size and half of that is advertisements."
train,938,The title is misleading. This magazine is all about fitness and dieting. There is very lillittle  little here,The title is misleading. This magazine is all about fitness and dieting. There is very lillittle little here
train,939,"I really like it.  It is simaler to Dr. Oz's The Good Life, so I going with it this year.","I really like it. It is simaler to Dr. Oz's The Good Life, so I going with it this year."
train,941,Cannot see the small print on my Kindle.  Content aimed at much younger audience.,Cannot see the small print on my Kindle. Content aimed at much younger audience.
train,942,"Love this magazine!  I have been a subscriber for a number of years.  It has lots of good information concerning nutrition, health and exercise.","Love this magazine! I have been a subscriber for a number of years. It has lots of good information concerning nutrition, health and exercise."
train,946,I love Health magazine.  It provides so much information on a wide range of health topics.  I can't do without it!,I love Health magazine. It provides so much information on a wide range of health topics. I can't do without it!
train,947,I have yet to receive this mag but the check cleared the next day.  Prolly takes a while... a loooong while.,I have yet to receive this mag but the check cleared the next day. Prolly takes a while... a loooong while.
train,949,"Both Analog Science Fiction and Science Fact & F&SF contain massive amounts of homosexual themed stories.

No wonder their readership is disappearing!",Both Analog Science Fiction and Science Fact & F&SF contain massive amounts of homosexual themed stories. No wonder their readership is disappearing!
train,951,The Kindle edition is poor compared to the print edition.  No pictures - more important the lack of new paragraphs when speakers change.  Poor formating.  No more Kindle editions!,The Kindle edition is poor compared to the print edition. No pictures - more important the lack of new paragraphs when speakers change. Poor formating. No more Kindle editions!
train,952,"I love Analog.
I have always loved Analog. Excellent sci-fi, editorials, and I keep up with cutting edge science this way.","I love Analog. I have always loved Analog. Excellent sci-fi, editorials, and I keep up with cutting edge science this way."
train,957,"Invaluable AND entertaining articles for all writers and even ""wanna-be-writers!""  Love the colorful Kindle format convenience, style and great readability.","Invaluable AND entertaining articles for all writers and even ""wanna-be-writers!"" Love the colorful Kindle format convenience, style and great readability."
train,961,"I only received 2 out of 12 times.
This is a complete scam.",I only received 2 out of 12 times. This is a complete scam.
train,965,"It's just not as good as it used to be.
 Quality is not worth the money . I'm going to cancel my subscription.",It's just not as good as it used to be. Quality is not worth the money . I'm going to cancel my subscription.
train,967,"Beautiful photography, informative stories.  One of the best magazines around and one that the whole family can enjoy.  Love it!","Beautiful photography, informative stories. One of the best magazines around and one that the whole family can enjoy. Love it!"
train,969,So far I'm enjoying reading through this magazine and seeing the wonderful art that's out there.  Very inspiring.,So far I'm enjoying reading through this magazine and seeing the wonderful art that's out there. Very inspiring.
train,970,"More advertisement than actual journalism
Wasn't what I expected and definitely won't be renewing",More advertisement than actual journalism Wasn't what I expected and definitely won't be renewing
train,972,We love Nat. Geo.  Happy to get subscription thru Amazon.,We love Nat. Geo. Happy to get subscription thru Amazon.
train,977,"Used as 2 subscriptions as 2 baby shower gifts
.... excellent!",Used as 2 subscriptions as 2 baby shower gifts .... excellent!
train,986,Unfortunately I could not get all articles to download.  Huge disappointment.,Unfortunately I could not get all articles to download. Huge disappointment.
train,989,"My son loves this magazine subscription to Artist's!
The subscription came quickly and we had no trouble with our order.
Thank you!",My son loves this magazine subscription to Artist's! The subscription came quickly and we had no trouble with our order. Thank you!
train,994,Love the articles about techniques and other artists.  It's also great to find out about competitions that I could enter.,Love the articles about techniques and other artists. It's also great to find out about competitions that I could enter.
train,996,"I really do love this magazine, they always have great ideas and wonderful tips!  One of my favorite parts is the last page...the things kids say...so cute!","I really do love this magazine, they always have great ideas and wonderful tips! One of my favorite parts is the last page...the things kids say...so cute!"
train,997,I will not be renewing.  This magazine is such a quick read that I will leave it to physician reception areas.,I will not be renewing. This magazine is such a quick read that I will leave it to physician reception areas.
train,999,"Only E magazine I could find quickly about bicycling.  Forgot what a waste/drivel for ths masses this magazine is, don't waste your time.","Only E magazine I could find quickly about bicycling. Forgot what a waste/drivel for ths masses this magazine is, don't waste your time."
train,1000,"Ordered this 8 months ago, never received an issue.  This is the second subscription I got through Amazon that didn't get to me.","Ordered this 8 months ago, never received an issue. This is the second subscription I got through Amazon that didn't get to me."
train,1004,This is my absoulte favorite magazine.  I look foward to this every month and read it cover to cover.  Its a must have for any parent.,This is my absoulte favorite magazine. I look foward to this every month and read it cover to cover. Its a must have for any parent.
train,1005,I used to love this publication.  I have been subscribing to it for 48 years.  I am canceling my subscription this year.  It has turned into political propaganda for liberals.,I used to love this publication. I have been subscribing to it for 48 years. I am canceling my subscription this year. It has turned into political propaganda for liberals.
train,1008,This is a fun magazine to read.  I have a subscription.  They really stay on top of the current trends and have some really good discounts for readers as well.,This is a fun magazine to read. I have a subscription. They really stay on top of the current trends and have some really good discounts for readers as well.
train,1011,They said they sent 2 issues but i never received any of them.  Waited 1 more month & never received single issue.  Called them to cancel subscription & got my money back.,They said they sent 2 issues but i never received any of them. Waited 1 more month & never received single issue. Called them to cancel subscription & got my money back.
train,1012,"Yes, thanks to JK for passing me info on this deal.  Always look forward to the issues.","Yes, thanks to JK for passing me info on this deal. Always look forward to the issues."
train,1015,I love these  I've collected all my life and even have some from 1922. I shop for ones I need to complete a year,I love these I've collected all my life and even have some from 1922. I shop for ones I need to complete a year
train,1021,Not at all the quality it was in the past.  Articles are not as well written and seem biased.  I want facts not opinions!,Not at all the quality it was in the past. Articles are not as well written and seem biased. I want facts not opinions!
train,1035,I can still not read the the magazine. It says queued.  And then nothing. I think it is better to buy it in the store.,I can still not read the the magazine. It says queued. And then nothing. I think it is better to buy it in the store.
train,1038,I have always loves these mags since I was a kid.  Saw them on here on a deal and am so glad I did they are great little mags the pictures are just amazing.,I have always loves these mags since I was a kid. Saw them on here on a deal and am so glad I did they are great little mags the pictures are just amazing.
train,1046,It was a really great magazine pre-2008.  Something happened and it has not regained its pre-recession density in terms of pages or useful info.,It was a really great magazine pre-2008. Something happened and it has not regained its pre-recession density in terms of pages or useful info.
train,1048,JUST SCAN.  DON'T REALLY READ IT.,JUST SCAN. DON'T REALLY READ IT.
train,1051,"Was looking for reading info.on retirement discovered this magazine and its full of all kinds of great info.
Like best places to live,costs and offers other resources .","Was looking for reading info.on retirement discovered this magazine and its full of all kinds of great info. Like best places to live,costs and offers other resources ."
train,1060,Always love this magazine.  Dreams unlimited.,Always love this magazine. Dreams unlimited.
train,1074,A  great magazine over historical time. Covers  a wide spectrum of vital interest.,A great magazine over historical time. Covers a wide spectrum of vital interest.
train,1080,I've been a subscriber for years.  Now I can take it with me as I travel !,I've been a subscriber for years. Now I can take it with me as I travel !
train,1083,"Best Magazine ever.  full of nature, science and rich history. I love this magazine.","Best Magazine ever. full of nature, science and rich history. I love this magazine."
train,1084,I never get tired of T & L.  Always so interesting.,I never get tired of T & L. Always so interesting.
train,1085,I have been a subscriber to Maxim for many years.  It is the best men's magazine out there today.,I have been a subscriber to Maxim for many years. It is the best men's magazine out there today.
train,1086,I have been a fan of National Geographic for all of my life.  That is until it was purchased by Rupert Murdock.  Now you can keep it.,I have been a fan of National Geographic for all of my life. That is until it was purchased by Rupert Murdock. Now you can keep it.
train,1089,Great magazine!  Arrived promptly!,Great magazine! Arrived promptly!
train,1097,Sunset is a great magazine and the price was terrific.  I live on the west coast and the articles pertain to West Coast.  I always enjoy the read.,Sunset is a great magazine and the price was terrific. I live on the west coast and the articles pertain to West Coast. I always enjoy the read.
train,1099,I find this magazine interesting and usually containing information I can use.  I pass it on to a neighbor or family member when I finish it.,I find this magazine interesting and usually containing information I can use. I pass it on to a neighbor or family member when I finish it.
train,1101,I don't know how I like this yet. I haven't received the magazine yet.  I bought the renewal a month ago.,I don't know how I like this yet. I haven't received the magazine yet. I bought the renewal a month ago.
train,1104,terrible this used to be a really good magazine. Hopefully they get it together like the days  old otherwise they're just going to be replaced.,terrible this used to be a really good magazine. Hopefully they get it together like the days old otherwise they're just going to be replaced.
train,1105,Love my WW magazine.  I get so much inspiration from the real people and love the recipes and food ideas to help me stay on track.,Love my WW magazine. I get so much inspiration from the real people and love the recipes and food ideas to help me stay on track.
train,1107,"We did not receive this yet, it has been weeks...  I hope it comes soon so we can enjoy manifesting new travels.","We did not receive this yet, it has been weeks... I hope it comes soon so we can enjoy manifesting new travels."
train,1108,"National Geographic is a terrific resource.  The stories are important, timely and well researched.  The pictures are memorable.","National Geographic is a terrific resource. The stories are important, timely and well researched. The pictures are memorable."
train,1111,It takes much longer for digital issues to come out.  Will not continue my subscription once its done.  There really isn't an excuse for it.,It takes much longer for digital issues to come out. Will not continue my subscription once its done. There really isn't an excuse for it.
train,1113,"I only gave it a one star because I can't give it no stars.
How can I review a product I haven't received yet?",I only gave it a one star because I can't give it no stars. How can I review a product I haven't received yet?
train,1114,"Ordered this magazine as a Christmas gift.  Mid February, he's yet to receive his first issue!","Ordered this magazine as a Christmas gift. Mid February, he's yet to receive his first issue!"
train,1117,I was quoted a price of $5.00 and was charged $12.95 for this Travel & Leisure subscription.  I tried to correct it but just finally gave up.,I was quoted a price of $5.00 and was charged $12.95 for this Travel & Leisure subscription. I tried to correct it but just finally gave up.
train,1118,"This is one of the worse magazines I have picked up in years.  If you have ""money to burn"" traveling, then it might be for you.  Loaded with advertising and little 'true' content.","This is one of the worse magazines I have picked up in years. If you have ""money to burn"" traveling, then it might be for you. Loaded with advertising and little 'true' content."
train,1122,"You can order it directly from National Geographic for $15, but that is just the magazine not the online stuff.
I'd recommend avoiding the middleman.","You can order it directly from National Geographic for $15, but that is just the magazine not the online stuff. I'd recommend avoiding the middleman."
train,1123,"What's not to like?  It is National Geographic.  Beautiful photography & interesting articles from around the world.  Great deal, subscribe.","What's not to like? It is National Geographic. Beautiful photography & interesting articles from around the world. Great deal, subscribe."
train,1125,I look forward to every issue. The projects are top notch.  I have subscribed to several woodworking magazines.  Popular Woodworking is one of the best.,I look forward to every issue. The projects are top notch. I have subscribed to several woodworking magazines. Popular Woodworking is one of the best.
train,1127,i orderes this book back in feb and still have not got it yet  it just takes to long to get books from  you all,i orderes this book back in feb and still have not got it yet it just takes to long to get books from you all
train,1128,"I did not ask for auto renewal, I asked to have it stopped and still don't know if I have received a refund. In fact I did not receive the original
subscription!","I did not ask for auto renewal, I asked to have it stopped and still don't know if I have received a refund. In fact I did not receive the original subscription!"
train,1132,"I diidn't enjoy  this at all. There were way too many ads, and  it was difficult finding anything. I  can't recommend  this","I diidn't enjoy this at all. There were way too many ads, and it was difficult finding anything. I can't recommend this"
train,1135,Wanted to cancel but was charged another year.  Hadn't even gotten next edition but still charged me.  Done with auto-renewals on this site.,Wanted to cancel but was charged another year. Hadn't even gotten next edition but still charged me. Done with auto-renewals on this site.
train,1136,This is a wonderful magazine for Women over 40 years old.  Great beauty tips and other info for our age group.,This is a wonderful magazine for Women over 40 years old. Great beauty tips and other info for our age group.
train,1142,I DID NOT PURCHASE THIS MAGAZINE!  Please end any billing and mailing.  I cannot review what I did not read.,I DID NOT PURCHASE THIS MAGAZINE! Please end any billing and mailing. I cannot review what I did not read.
train,1144,Fox News with nice photos? No thanks.  Murdoch ruins everything he touches.,Fox News with nice photos? No thanks. Murdoch ruins everything he touches.
train,1146,I started my WW jurney in January and this magazine has really great articles and recipes!  I love it!...not to mention the coupons!,I started my WW jurney in January and this magazine has really great articles and recipes! I love it!...not to mention the coupons!
train,1147,"Simply the best for over 100 years!

No other magazine has more inspiring photos and articles!",Simply the best for over 100 years! No other magazine has more inspiring photos and articles!
train,1151,"WE STILL HAVE NOT RECIEVED THIS MAGAZINE.
CAN I GET A PROOF OF DELIVERY?
I WISH IT WAS EASIER TO TRACK SOMETHING THAT HAS ALREADY SHIPPED.",WE STILL HAVE NOT RECIEVED THIS MAGAZINE. CAN I GET A PROOF OF DELIVERY? I WISH IT WAS EASIER TO TRACK SOMETHING THAT HAS ALREADY SHIPPED.
train,1158,"Until this supports the more common - and better - e-ink Kindle, I won't buy it.

I find it very annoying that Amazon doesn't disclose clearly on the site.","Until this supports the more common - and better - e-ink Kindle, I won't buy it. I find it very annoying that Amazon doesn't disclose clearly on the site."
train,1173,"Maybe I'm too low class or something.  I just don't get it.  Boring.  I tried it, it failed.  Give me sports, news, entertainment.  This doesn't really have any of that.","Maybe I'm too low class or something. I just don't get it. Boring. I tried it, it failed. Give me sports, news, entertainment. This doesn't really have any of that."
train,1175,I cannot remember when I wasn't a subscriber in one way or another.  the magazine remains fantastic and informative.,I cannot remember when I wasn't a subscriber in one way or another. the magazine remains fantastic and informative.
train,1181,I love this magazine and I'm a woman.  The articles are well-written and the topics are timely and cover a broad range.,I love this magazine and I'm a woman. The articles are well-written and the topics are timely and cover a broad range.
train,1184,"I subscribed to this magazine in January for my husband.  It took 5 months to get the first magazine, then I never recieved another one.","I subscribed to this magazine in January for my husband. It took 5 months to get the first magazine, then I never recieved another one."
train,1185,"National Geographic is very brief and short not like it used to be.
Wouldn't recommend it.",National Geographic is very brief and short not like it used to be. Wouldn't recommend it.
train,1197,"Got one magazine
And I got a last magazine notice 2 days later
Weird
If its true its a BAD DEAL!",Got one magazine And I got a last magazine notice 2 days later Weird If its true its a BAD DEAL!
train,1201,"National Geographic has been in my family for generations.  There is always something interesting, and we love it!  Thank you!","National Geographic has been in my family for generations. There is always something interesting, and we love it! Thank you!"
train,1204,"I would love to be able to rate this subscription, but I have yet to receive my first issue.
Can you tell me when I can expect it?

Thank you","I would love to be able to rate this subscription, but I have yet to receive my first issue. Can you tell me when I can expect it? Thank you"
train,1211,I love Dwell!  Quality contemporary.  Look forward to every issue.,I love Dwell! Quality contemporary. Look forward to every issue.
train,1213,Big disappointment.  There just wasn't much usable content.  Too many ad's.,Big disappointment. There just wasn't much usable content. Too many ad's.
train,1216,The articles were informative and the photos and layout interesting.  It is pertinent to the new interest in smaller dwelling places.,The articles were informative and the photos and layout interesting. It is pertinent to the new interest in smaller dwelling places.
train,1219,"To many ads..
For the price.",To many ads.. For the price.
train,1220,I've been a regular subscriber of the print version.  The digital version is wonderful!!!!,I've been a regular subscriber of the print version. The digital version is wonderful!!!!
train,1222,National Geographic continues to be the best magazine out there.  The photography and stories are top notch and the topics and locations fastinating.,National Geographic continues to be the best magazine out there. The photography and stories are top notch and the topics and locations fastinating.
train,1225,God decision Have ordered year subscription  for my daughter in law who is a great cook She will be pleased,God decision Have ordered year subscription for my daughter in law who is a great cook She will be pleased
train,1226,"Nat'l Geographic never disappoints.  Fabulous photos of anything and everything, here and across the world.  You can't beat Nat'l Geo.","Nat'l Geographic never disappoints. Fabulous photos of anything and everything, here and across the world. You can't beat Nat'l Geo."
train,1227,"Not WHAT I was expecting,  to many ads.
CAN'T even cancel my subscription","Not WHAT I was expecting, to many ads. CAN'T even cancel my subscription"
train,1228,I always enjoy receiving National Geographic.  The articles and amazing photos are a constant pleasure.  I am sure everyone will enjoy this magazine.,I always enjoy receiving National Geographic. The articles and amazing photos are a constant pleasure. I am sure everyone will enjoy this magazine.
train,1229,"Dear Sir:

We have not received a single copy so far. Is something the matter ?

Cordially yours,

SEBASTIAN SUCRE","Dear Sir: We have not received a single copy so far. Is something the matter ? Cordially yours, SEBASTIAN SUCRE"
train,1231,Saw the next issue on news stand and it was full of ads compared to the one I had read.  So I cancelled it.,Saw the next issue on news stand and it was full of ads compared to the one I had read. So I cancelled it.
train,1235,It took MONTHS before my first issue arrived.  Lots of ads.  Not as many recipes as I was hoping for.  Won't renew.,It took MONTHS before my first issue arrived. Lots of ads. Not as many recipes as I was hoping for. Won't renew.
train,1236,This was purchased for my granddaughter.  She loves the magazine.  She has even entered several scholarship contests in the magazine. Would recommend to any young horse lover,This was purchased for my granddaughter. She loves the magazine. She has even entered several scholarship contests in the magazine. Would recommend to any young horse lover
train,1239,"I ordered it around the end of November and until now I have not yet received my first subscription!!!!!!

How long would it take for it to arrive ??????",I ordered it around the end of November and until now I have not yet received my first subscription!!!!!! How long would it take for it to arrive ??????
train,1244,"The app itself is not bad, but I hate that I do not have access to prior issues.  If I do, where are the instructions?  No to mention the download is sssssllloooooooowwwww!!!","The app itself is not bad, but I hate that I do not have access to prior issues. If I do, where are the instructions? No to mention the download is sssssllloooooooowwwww!!!"
train,1245,"This is the best organized, easiest to use cooking magazine ever!  Wonderful photos and enlarged step by step instructions make it a joy to cook!","This is the best organized, easiest to use cooking magazine ever! Wonderful photos and enlarged step by step instructions make it a joy to cook!"
train,1246,I purchased this subscription for my niece and she LOVES it!  Perfect for the young horse lover in your life.,I purchased this subscription for my niece and she LOVES it! Perfect for the young horse lover in your life.
train,1247,"It was frustrating that I had to reverify my subscription after they changed the app, and that  I couldn't not retrieve copies of the older issues","It was frustrating that I had to reverify my subscription after they changed the app, and that I couldn't not retrieve copies of the older issues"
train,1248,This is the best magazine purchase I have ever made.  I bought it as a gift subscription for my guy a few years ago and have renewed it every year.,This is the best magazine purchase I have ever made. I bought it as a gift subscription for my guy a few years ago and have renewed it every year.
train,1250,We have been subscribing to National Geographic for many years.  It is just a superior magazine with always interesting articles.  A must for families with school children,We have been subscribing to National Geographic for many years. It is just a superior magazine with always interesting articles. A must for families with school children
train,1255,My kids love getting National Geographic.  My daughter loves reading about all the different places and looking at the pictures.,My kids love getting National Geographic. My daughter loves reading about all the different places and looking at the pictures.
train,1256,Love my magazines- when they show up  I received 2 so far,Love my magazines- when they show up I received 2 so far
train,1261,Hard to rate this subscription cause I Have not received anything yet.  No magazine or even a account number so I can view it on my tablet.,Hard to rate this subscription cause I Have not received anything yet. No magazine or even a account number so I can view it on my tablet.
train,1263,"Ordered in error because nieces were playing with my phone. Tried to cancel, but Amazon declined.  It's shame, useless for me.","Ordered in error because nieces were playing with my phone. Tried to cancel, but Amazon declined. It's shame, useless for me."
train,1271,I don't want this magazine anymore and am trying to switch or cancel but you won't let me.  Not happy!!!!!!,I don't want this magazine anymore and am trying to switch or cancel but you won't let me. Not happy!!!!!!
train,1279,"The best price existing?!  This magazine is to read, watch and keep .... love this. So glad Amazon offered this for $5 a year. Unbelievable deal ever","The best price existing?! This magazine is to read, watch and keep .... love this. So glad Amazon offered this for $5 a year. Unbelievable deal ever"
train,1281,I purchased this subscription as a gift for my parents.  Both are enjoying the magazine so much!  It was the perfect gift!,I purchased this subscription as a gift for my parents. Both are enjoying the magazine so much! It was the perfect gift!
train,1291,There were way too many pages of advertisements.  So dissapointed:(,There were way too many pages of advertisements. So dissapointed:(
train,1293,"This is a great, informative and interesting magazine.  It takes you all over the world and beyond.  Great price too.","This is a great, informative and interesting magazine. It takes you all over the world and beyond. Great price too."
train,1295,I can't get this to download  and there is no way to contact a living human being to find out how to do it. Very disappointed,I can't get this to download and there is no way to contact a living human being to find out how to do it. Very disappointed
train,1299,Love everything  about  this magazine .,Love everything about this magazine .
train,1304,I've been subscribing to Vanity Fair for about 25 years.  It is the best magazine that there is.,I've been subscribing to Vanity Fair for about 25 years. It is the best magazine that there is.
train,1305,"My favorite.  Full of useful info, great format, outstanding in every way.  Wish I could live my life using Martha's calendar...","My favorite. Full of useful info, great format, outstanding in every way. Wish I could live my life using Martha's calendar..."
train,1306,"$15 for a year's subscription at the national geographic mag site. Go there and buy it. One star for Amazon trying to get you to shell out the extra dough.

-Karl",$15 for a year's subscription at the national geographic mag site. Go there and buy it. One star for Amazon trying to get you to shell out the extra dough. -Karl
train,1307,"This is a great magazine, full of lots of ideas to do along with descriptive photos.  One of the best magazines on the market.","This is a great magazine, full of lots of ideas to do along with descriptive photos. One of the best magazines on the market."
train,1313,"Full of color, great articles, wonderful pictures and ideas. Most of all, full of Martha with the same wisdom and humor that her program had.  This magazine is a keeper.","Full of color, great articles, wonderful pictures and ideas. Most of all, full of Martha with the same wisdom and humor that her program had. This magazine is a keeper."
train,1314,Too many advertisements in this magazine  and too few recipes and craft ideas.,Too many advertisements in this magazine and too few recipes and craft ideas.
train,1315,My favorite magazine.  Love it. Chock full of great ideas and information,My favorite magazine. Love it. Chock full of great ideas and information
train,1316,Got charged for 2 copies for kindle fire. Magazine will not download on my kindle fire.  Could not cancel the order.,Got charged for 2 copies for kindle fire. Magazine will not download on my kindle fire. Could not cancel the order.
train,1317,Beautiful to look at; lots of wonderful content and extras.  The best online mag by far.  And very reasonable subscription price for all that you get.,Beautiful to look at; lots of wonderful content and extras. The best online mag by far. And very reasonable subscription price for all that you get.
train,1324,"Articles are well written, subject matter is interesting.  Equipment guide is very helpful.","Articles are well written, subject matter is interesting. Equipment guide is very helpful."
train,1336,"Martha Stewart Living is a great magazine for any age or gender.  Martha and her staff are great cooks, bakers, and decorators. My grandma has this subscription and she loves it!","Martha Stewart Living is a great magazine for any age or gender. Martha and her staff are great cooks, bakers, and decorators. My grandma has this subscription and she loves it!"
train,1337,"most was great for the season of easter , good ideas, good outlook for  up and coming items. good pictures of table settings.","most was great for the season of easter , good ideas, good outlook for up and coming items. good pictures of table settings."
train,1341,"I ordered this subscription in December, and it is now February and I have not received any magazines.  I would not recommend ordering magazines from Amazon.","I ordered this subscription in December, and it is now February and I have not received any magazines. I would not recommend ordering magazines from Amazon."
train,1343,"After several attempts,  it would never fully download.  I gave up.  I'm a huge Amazon book fan & never had this experience before. Will stick with books & forget about magazines.","After several attempts, it would never fully download. I gave up. I'm a huge Amazon book fan & never had this experience before. Will stick with books & forget about magazines."
train,1350,It is not the information I was looking for.  I would like to cancel my subscription.,It is not the information I was looking for. I would like to cancel my subscription.
train,1351,I love these magazines.  they got good information and pictures.,I love these magazines. they got good information and pictures.
train,1352,"Amazon must think we are fools. It's $4 cheaper directly from Stewart's website.

On the other hand, there appear to be a lot of fools here.","Amazon must think we are fools. It's $4 cheaper directly from Stewart's website. On the other hand, there appear to be a lot of fools here."
train,1361,I love this magazine.  One of my favorites for all the latest on nutrition and health.  This is one that I absolutely read from cover to cover each month!,I love this magazine. One of my favorites for all the latest on nutrition and health. This is one that I absolutely read from cover to cover each month!
train,1362,This was a great bargain!  Amazon was the only place I could get both print copy and copy.,This was a great bargain! Amazon was the only place I could get both print copy and copy.
train,1363,It said I would get magazine in the mail and through my amazon kindle.  I don't get it through my kindle.,It said I would get magazine in the mail and through my amazon kindle. I don't get it through my kindle.
train,1368,I thought this was a respectable magazine with evidence based articles.  I was completely wrong.,I thought this was a respectable magazine with evidence based articles. I was completely wrong.
train,1376,Ordered this for my wife.  She loves it.  It has all the factual information without get to far of the titled subject.,Ordered this for my wife. She loves it. It has all the factual information without get to far of the titled subject.
train,1380,Disappointed.  Got my first issue and it's so hard to read because the advertisements overwhelm the articles.  And thin - not much to read.,Disappointed. Got my first issue and it's so hard to read because the advertisements overwhelm the articles. And thin - not much to read.
train,1381,"I always find wonderful, usable, most current health info in this well done publication.
It has become a go to source for me and my family.","I always find wonderful, usable, most current health info in this well done publication. It has become a go to source for me and my family."
train,1384,"The history and track-record of this periodical speaks for itself.  My wife, mother, mother-in-law and other relatives have learned a lot from it over the years.","The history and track-record of this periodical speaks for itself. My wife, mother, mother-in-law and other relatives have learned a lot from it over the years."
train,1385,"I am the leader of our local T.O.P.S. group, and there is a lot of information that is very helpful for our meetings.  From excercize to eating well.","I am the leader of our local T.O.P.S. group, and there is a lot of information that is very helpful for our meetings. From excercize to eating well."
train,1388,"LOVE, LOVE, LOVE this magazine.  Soooo many informative articles about health and living.  Lots of tips and pointers that will keep you going.","LOVE, LOVE, LOVE this magazine. Soooo many informative articles about health and living. Lots of tips and pointers that will keep you going."
train,1389,Worth getting.  Look forward each month for its arrival.  Learn new things about natural ways of feeling better every issue.,Worth getting. Look forward each month for its arrival. Learn new things about natural ways of feeling better every issue.
train,1390,I have a paper version of Prevention..but I can not signup to get a kindle version? All my other  other magazines allow me to sign in and download the online version...what gives?,I have a paper version of Prevention..but I can not signup to get a kindle version? All my other other magazines allow me to sign in and download the online version...what gives?
train,1391,"I did not realize this is not a full-size magazine.  The small print is difficult to read, and doesn't seem to have much content per issue.","I did not realize this is not a full-size magazine. The small print is difficult to read, and doesn't seem to have much content per issue."
train,1392,"This magazine contains plenty of useful information. I really enjoy it.
Would suggest this magazine to most anyone who is into fitness and health.",This magazine contains plenty of useful information. I really enjoy it. Would suggest this magazine to most anyone who is into fitness and health.
train,1393,"not only was the 1st issue delivered,too fast, an older issue was also sent.  I had already purchased both issues at the news stand","not only was the 1st issue delivered,too fast, an older issue was also sent. I had already purchased both issues at the news stand"
train,1394,"Prevention  Magazine

I think that Prevention Magazine is the best general purpose health  magazine out there for the public at large.

Gunner  January, 2008","Prevention Magazine I think that Prevention Magazine is the best general purpose health magazine out there for the public at large. Gunner January, 2008"
train,1396,Love this magazine.  Have been a subscriber for over 10 years.  Lots of great things to do locally and within a days drive.,Love this magazine. Have been a subscriber for over 10 years. Lots of great things to do locally and within a days drive.
train,1398,"I have trouble reading the stories.  It simply isn't like holding and reading the magazine.  I would like to cancel the subscription, but can't find any info. on doing so.","I have trouble reading the stories. It simply isn't like holding and reading the magazine. I would like to cancel the subscription, but can't find any info. on doing so."
train,1404,Rifle Shooter is an interesting magazine.  More informative than most mags.  Usable information.,Rifle Shooter is an interesting magazine. More informative than most mags. Usable information.
train,1410,My daughter asks for this magazine time and time again.  She loves the current info on her favorite stars and the pictures are the tops.,My daughter asks for this magazine time and time again. She loves the current info on her favorite stars and the pictures are the tops.
train,1411,"received 3 issues, then it stopped, and we have been getting renewal requests since then.  Do not purchase this ever!!!","received 3 issues, then it stopped, and we have been getting renewal requests since then. Do not purchase this ever!!!"
train,1413,I do not understand why this magazine is not available on Kindle.  That is the only reason I wanted a Kindle Fire but now I guess I don't.,I do not understand why this magazine is not available on Kindle. That is the only reason I wanted a Kindle Fire but now I guess I don't.
train,1415,Would love to review if I had received it but I have not gotten the first issue yet!!  Any idea why?,Would love to review if I had received it but I have not gotten the first issue yet!! Any idea why?
train,1416,"The headlines on the cover are not on the inside.  The cover gets you to buy the magazine, but does not deliver the goods.  I don't think I will renew this subscription in a year.","The headlines on the cover are not on the inside. The cover gets you to buy the magazine, but does not deliver the goods. I don't think I will renew this subscription in a year."
train,1424,What else is there to say?  This mag beats all others hands down!  This is by far the best deal on it too!  Happy Macin',What else is there to say? This mag beats all others hands down! This is by far the best deal on it too! Happy Macin'
train,1428,Isn't the point of getting this mag for that demo CD?  Why would you want to save 10 bucks not to get the CD?,Isn't the point of getting this mag for that demo CD? Why would you want to save 10 bucks not to get the CD?
train,1434,"I love Angels on Earth.  It's an inspiring magazine. it is published by Guideposts  and you know if they publish it, it will be good.","I love Angels on Earth. It's an inspiring magazine. it is published by Guideposts and you know if they publish it, it will be good."
train,1435,"Best magazine ever!  Shows real homes, not just staged rooms.  Great articles.","Best magazine ever! Shows real homes, not just staged rooms. Great articles."
train,1436,I can't review what I don't have.  I don't know why but I was informed the subscription will not begin until between Sept. 8 and Oct. 6.  Seems like a long wait to me.,I can't review what I don't have. I don't know why but I was informed the subscription will not begin until between Sept. 8 and Oct. 6. Seems like a long wait to me.
train,1437,"Good  read,beautiful gardens and useful information anyone can use whether you live here or in the UK.

Love the homes and decorating  tips, love english homes.","Good read,beautiful gardens and useful information anyone can use whether you live here or in the UK. Love the homes and decorating tips, love english homes."
train,1438,This is truly an unexpected Gem.  I found wonderful ideas on how to decorate my home from this magazine.  Really reminds you that a home is more than four walls and lot of stuff.,This is truly an unexpected Gem. I found wonderful ideas on how to decorate my home from this magazine. Really reminds you that a home is more than four walls and lot of stuff.
train,1439,Beautiful magazine!  Excellent articles and lovely pictures.  I really enjoyed reading about the Bronte sisters' home in the last issue.,Beautiful magazine! Excellent articles and lovely pictures. I really enjoyed reading about the Bronte sisters' home in the last issue.
train,1440,"I have not received this product yet, and i purchased it in early december.
I am beginning to get worried.","I have not received this product yet, and i purchased it in early december. I am beginning to get worried."
train,1447,"too many ads, not enough useful information.  Its changed in the last few years from helpful DIY tips/life hacks to commercial driven.  I will not renew my subscription.","too many ads, not enough useful information. Its changed in the last few years from helpful DIY tips/life hacks to commercial driven. I will not renew my subscription."
train,1455,"Does NOT include digital access!  This ""Print Only subscription"" for this GREAT magazine is not recommended.","Does NOT include digital access! This ""Print Only subscription"" for this GREAT magazine is not recommended."
train,1456,"Got my first one - even the ""recommendations"" read like ads -  I didn't feel like it had much real content.","Got my first one - even the ""recommendations"" read like ads - I didn't feel like it had much real content."
train,1464,Download  did not work,Download did not work
train,1465,Been a subscriber for many years.  Love love!,Been a subscriber for many years. Love love!
train,1466,I love this magazine.  I have had it before and still enjoy it.,I love this magazine. I have had it before and still enjoy it.
train,1469,"My son just bought a house & loves watching ""This Old House"".  This was the perfect gift for a new home owner!","My son just bought a house & loves watching ""This Old House"". This was the perfect gift for a new home owner!"
train,1480,It is all ads at the front.  I Never got to any content.  Cancel my order!!!!!,It is all ads at the front. I Never got to any content. Cancel my order!!!!!
train,1482,"Article, ad ad ad ad ad, article

But isn't that the way of most magazines?  I won't renew the subscription to be honest","Article, ad ad ad ad ad, article But isn't that the way of most magazines? I won't renew the subscription to be honest"
train,1490,One of my favorite magazines.  Lovely pics and articles.,One of my favorite magazines. Lovely pics and articles.
train,1494,Very disappointed!!!!!  I really wanted the October 2015 issue.  That never happened.  Will definitely not reorder!!!!!!,Very disappointed!!!!! I really wanted the October 2015 issue. That never happened. Will definitely not reorder!!!!!!
train,1495,wonderful magazine...gives timely information in entertaining ways.  Articles are wonderful.  The guides and menus are terrific.  I look forward to receiving my issue every month.,wonderful magazine...gives timely information in entertaining ways. Articles are wonderful. The guides and menus are terrific. I look forward to receiving my issue every month.
train,1501,I have gotten some very good ideas from This OLd House Magazine.  We are currently renovating a four bedroom beach house that was built in 1930,I have gotten some very good ideas from This OLd House Magazine. We are currently renovating a four bedroom beach house that was built in 1930
train,1520,"The printing is really small and difficult to read, even with bifocals.

The articles look like they are interesting.

Sorry I had to cancel my subscription.","The printing is really small and difficult to read, even with bifocals. The articles look like they are interesting. Sorry I had to cancel my subscription."
train,1522,Absolutely one of my favorite magazines!  So much useful information in every issue!,Absolutely one of my favorite magazines! So much useful information in every issue!
train,1527,This Old House magazine is one of my favorites and I've subscribed to it for a few years now.  This 2 year renewal deal is convenient and a great price!,This Old House magazine is one of my favorites and I've subscribed to it for a few years now. This 2 year renewal deal is convenient and a great price!
train,1532,My favorite magazine.  Renew it every year.,My favorite magazine. Renew it every year.
train,1533,Cannot read it.  Does not allow for enlarging text,Cannot read it. Does not allow for enlarging text
train,1536,I am sure that the magazine will be good.  The problem is I have not received my first issue as of yet.,I am sure that the magazine will be good. The problem is I have not received my first issue as of yet.
train,1537,These arrived much faster than expected.  What a great deal!  My kids love them.,These arrived much faster than expected. What a great deal! My kids love them.
train,1540,I ordered a subscription for my husbands birthday.  The first issue arrived perfectly ontime and he was thrilled with the gift.,I ordered a subscription for my husbands birthday. The first issue arrived perfectly ontime and he was thrilled with the gift.
train,1541,Greatest birthday gift for my young grandsons!  They love it! Comes every month to their happiness!,Greatest birthday gift for my young grandsons! They love it! Comes every month to their happiness!
train,1543,I've always enjoyed Real Simple in magazine form.  Having it on my Kindle Fire gives me the opportunity to read it on the go.,I've always enjoyed Real Simple in magazine form. Having it on my Kindle Fire gives me the opportunity to read it on the go.
train,1544,It was hard to figure out what I was getting.  Was it from Amazon or real simple. I'm still not sure what I bought our got.,It was hard to figure out what I was getting. Was it from Amazon or real simple. I'm still not sure what I bought our got.
train,1545,I love this magazine!  It is a must-read for anyone who wants to live their life as 'simply' as possible in today's world of juggling 15 responsibilities at once!,I love this magazine! It is a must-read for anyone who wants to live their life as 'simply' as possible in today's world of juggling 15 responsibilities at once!
train,1547,My grandson loves  it,My grandson loves it
train,1548,"The secret to a happy life is in this magazine, I swear! Beautifully presented with luscious pictures, it also abounds with wonderful articles.  I want to save every issue!","The secret to a happy life is in this magazine, I swear! Beautifully presented with luscious pictures, it also abounds with wonderful articles. I want to save every issue!"
train,1550,I love Real Simple and it was so easy to renew with auto-renewal.  This magazine always has lots of good tips and I highly recommend it.,I love Real Simple and it was so easy to renew with auto-renewal. This magazine always has lots of good tips and I highly recommend it.
train,1552,"This is my favorite monthly magazine - it's so pretty, even the paper that it's printed on feels nice to the touch.  Great articles and helpful hints.  It's a winner.","This is my favorite monthly magazine - it's so pretty, even the paper that it's printed on feels nice to the touch. Great articles and helpful hints. It's a winner."
train,1555,"Was good for a few issues then became routine, boring.  Pretty much the same as other magazines.  Would not order again.","Was good for a few issues then became routine, boring. Pretty much the same as other magazines. Would not order again."
train,1562,"I love this magazine!
Real Simple covers just about everything that I enjoy reading or sharing.
I always look forward to receiving it in the mail!",I love this magazine! Real Simple covers just about everything that I enjoy reading or sharing. I always look forward to receiving it in the mail!
train,1563,"Received magazine promptly. I have read this magazine before and happy to be getting it at such a good price.
Amazon.com is always a great place to purchase.",Received magazine promptly. I have read this magazine before and happy to be getting it at such a good price. Amazon.com is always a great place to purchase.
train,1564,"There are so many ads in this publication that they should pay you to read it!  Don't waste your money (and may I add TIME) wading through ads, ads, and more ads.............","There are so many ads in this publication that they should pay you to read it! Don't waste your money (and may I add TIME) wading through ads, ads, and more ads............."
train,1565,"My 11 year old nephew loves sports.  Being a teacher, I want to make sure he is reading too.  He loves this subscription!","My 11 year old nephew loves sports. Being a teacher, I want to make sure he is reading too. He loves this subscription!"
train,1566,"I love love love this magazine.  It has so many ideas and suggestions on all areas of my life.  Worth getting, and very hard to give away once it's read!","I love love love this magazine. It has so many ideas and suggestions on all areas of my life. Worth getting, and very hard to give away once it's read!"
train,1567,"I tried 3 times to order the automatic renewal for $10.  At the end, the cart kept coming us a total of $19.95.  I give up.","I tried 3 times to order the automatic renewal for $10. At the end, the cart kept coming us a total of $19.95. I give up."
train,1568,Why would it take 4 months to begin receiving a magazine?  I purchased the subscriptions in August and the estimated delivery is late December.  Why bother?,Why would it take 4 months to begin receiving a magazine? I purchased the subscriptions in August and the estimated delivery is late December. Why bother?
train,1570,I really can't rate this item yet as we have not received it yet.  I should have just subscribed directly with Sports Illustrated because going through Amazon takes too long.,I really can't rate this item yet as we have not received it yet. I should have just subscribed directly with Sports Illustrated because going through Amazon takes too long.
train,1571,My Grandson loves this magazine.  He gets a new one and shares the old ones with his friends. He loves sports he is great in basketball .,My Grandson loves this magazine. He gets a new one and shares the old ones with his friends. He loves sports he is great in basketball .
train,1573,"I signed up for this subscription in December, and two months later, i haven't received a single issue!  I smell a rip-off.","I signed up for this subscription in December, and two months later, i haven't received a single issue! I smell a rip-off."
train,1576,I ordered Real Simple on 11/30.  Today is 2/1/2010.  I have yet to receive an issue of this magazine.,I ordered Real Simple on 11/30. Today is 2/1/2010. I have yet to receive an issue of this magazine.
train,1578,Amazon offered a great Christmas special and I purchased this as a gift.  Love the magazine!  Very satisfied.,Amazon offered a great Christmas special and I purchased this as a gift. Love the magazine! Very satisfied.
train,1580,I haven't gotten a single issue and this was ordered in November!  I'm nott too happy with this process.,I haven't gotten a single issue and this was ordered in November! I'm nott too happy with this process.
train,1582,i LOVE real simple!  i look forward to it every month...it is truly my favorite magazine!,i LOVE real simple! i look forward to it every month...it is truly my favorite magazine!
train,1588,"I purchased this a month ago and haven't yet received any copies.  Soooo, the only review I can give at this point is their shipping is slow.","I purchased this a month ago and haven't yet received any copies. Soooo, the only review I can give at this point is their shipping is slow."
train,1601,"I never received anything and now can't find a way to call anyone.....
My credit card was charged immediately and 2 months latter still no magazine, rip off","I never received anything and now can't find a way to call anyone..... My credit card was charged immediately and 2 months latter still no magazine, rip off"
train,1603,"No need for a subscription anymore--just read it online, often for the really far-out articles and horrific theology (or lack there of.)

A dangerous magazine for new Christians.","No need for a subscription anymore--just read it online, often for the really far-out articles and horrific theology (or lack there of.) A dangerous magazine for new Christians."
train,1608,Like it very much AAA+++ Perfect Love It A+ A+ A+  Excellent  would order again A A A A A,Like it very much AAA+++ Perfect Love It A+ A+ A+ Excellent would order again A A A A A
train,1609,"A lot of advertising.

Expensive interiors.

Not relatable to most.",A lot of advertising. Expensive interiors. Not relatable to most.
train,1613,I read it from cover to cover.  I love magazines in PRINT form!!!,I read it from cover to cover. I love magazines in PRINT form!!!
train,1616,"I know it is that time of the year , I. Do.  not.care  for all. The holiday. Items","I know it is that time of the year , I. Do. not.care for all. The holiday. Items"
train,1620,Ordered this magazine to see what it was about.  Not sure right now if I would order it again.  Will have to think on it...,Ordered this magazine to see what it was about. Not sure right now if I would order it again. Will have to think on it...
train,1624,"this magazine has many great idea's.  I get it on my kindle, and it reads very well - I like the fact that I can blow up the photos","this magazine has many great idea's. I get it on my kindle, and it reads very well - I like the fact that I can blow up the photos"
train,1629,I never received this magazine so how would I be able to rate it??  I cant even find a way to let them know I never received it.,I never received this magazine so how would I be able to rate it?? I cant even find a way to let them know I never received it.
train,1632,"I am just beginning my journey into art quilts.  This magazine has been such an inspiration and reassurance that I too, can create interesting art quilts.","I am just beginning my journey into art quilts. This magazine has been such an inspiration and reassurance that I too, can create interesting art quilts."
train,1633,I would like to stop getting it.  not good .  Do you have any more quilting magazine?  Sorry I Love Quilting,I would like to stop getting it. not good . Do you have any more quilting magazine? Sorry I Love Quilting
train,1634,"Best magazine I've read in ages!  Awesome pictures, instructions and articles.
Can't go wrong with this magazine.","Best magazine I've read in ages! Awesome pictures, instructions and articles. Can't go wrong with this magazine."
train,1639,My  eleven year old grand-daughter loves this magazine (and her mother approves); keeps all past issues in her closet. :-),My eleven year old grand-daughter loves this magazine (and her mother approves); keeps all past issues in her closet. :-)
train,1640,My 12 year old loves this magazine.  I am very pleased with the content.  It is much more appropriate than a lot of teen magazines available.,My 12 year old loves this magazine. I am very pleased with the content. It is much more appropriate than a lot of teen magazines available.
train,1642,First issue arrived within 2 weeks.  She loves it!,First issue arrived within 2 weeks. She loves it!
train,1646,"The subscription never reached me, so I could not read the magazine. I ordered it because I wanted a subscription extension and the order was  botched","The subscription never reached me, so I could not read the magazine. I ordered it because I wanted a subscription extension and the order was botched"
train,1647,My husband thinks this is the best.  He keeps all his old magazines and rereads them over and over.  Thanks,My husband thinks this is the best. He keeps all his old magazines and rereads them over and over. Thanks
train,1648,"This is my favorite magazine.  I only wish it came out monthly.  Great articles, detailed reviews, a must-buy for any wood-worker.  Other wood magazines don't compare.","This is my favorite magazine. I only wish it came out monthly. Great articles, detailed reviews, a must-buy for any wood-worker. Other wood magazines don't compare."
train,1653,National Geographic bought by Rupert Murdock. That explains all the advertising. ,National Geographic bought by Rupert Murdock. That explains all the advertising.
train,1654,"Great magazine for young kids.  Helps make learning FUN!

Magic Carpet of Children's Books
Skype Author Visits",Great magazine for young kids. Helps make learning FUN! Magic Carpet of Children's Books Skype Author Visits
train,1659,The little boy I bought it for thinks it is amazing!  He loves it!,The little boy I bought it for thinks it is amazing! He loves it!
train,1666,"so beautifully illustrated!  also, very informative.  thank you.","so beautifully illustrated! also, very informative. thank you."
train,1670,Bought as Christmas present for neice and nephew and just got a text that the first issue had arrived.  They love it!,Bought as Christmas present for neice and nephew and just got a text that the first issue had arrived. They love it!
train,1676,My grandson loved his birthday present.  An explorer in the making.,My grandson loved his birthday present. An explorer in the making.
train,1684,"A perfect year round gift for the little ones! And works for me to make my shopping easier.
Monthly treat and educational read.",A perfect year round gift for the little ones! And works for me to make my shopping easier. Monthly treat and educational read.
train,1692,"This is great for kids.  They love it! This is for my grandchildren who are being home schooled, and it is a wonderful learning source.","This is great for kids. They love it! This is for my grandchildren who are being home schooled, and it is a wonderful learning source."
train,1694,never buy this product ever.  waste of money.  very bad customer experience.  i will tell all of my friends not to buy this product.,never buy this product ever. waste of money. very bad customer experience. i will tell all of my friends not to buy this product.
train,1695,"Ads, ads, and more ads.  Sigh. National Geographic used to be a cut above the rest.  Sadly, they are in the same category as SpongeBob Squarepants now.","Ads, ads, and more ads. Sigh. National Geographic used to be a cut above the rest. Sadly, they are in the same category as SpongeBob Squarepants now."
train,1697,i cant review it cause im still waiting to  see my first issue. I had already forgot about it.,i cant review it cause im still waiting to see my first issue. I had already forgot about it.
train,1698,"Very little good content.  Not worth it, needs serious help.  Can't believe that a name like National Geographic would be behind such junk.","Very little good content. Not worth it, needs serious help. Can't believe that a name like National Geographic would be behind such junk."
train,1702,"From what i have found .. the editor needs more experience.

Having one's grandmother quilt does not make one an expert quilter",From what i have found .. the editor needs more experience. Having one's grandmother quilt does not make one an expert quilter
train,1705,love it.  and delivered as promised!,love it. and delivered as promised!
train,1707,Nice magazine and has lots of pictures and helpful info  I'm glad I found it.,Nice magazine and has lots of pictures and helpful info I'm glad I found it.
train,1708,"I have subscribed to this magazine for several years.  It always give me inspiration and the photographs are beautiful.
Lots of good information  about plants and landscaping.",I have subscribed to this magazine for several years. It always give me inspiration and the photographs are beautiful. Lots of good information about plants and landscaping.
train,1710,"As a passionate genealogist, I think this magazine is excellent.  So much content in each issue.  Very, very informative.","As a passionate genealogist, I think this magazine is excellent. So much content in each issue. Very, very informative."
train,1712,"Dear Sir or Madam,
I have not recieved this item. Please advise. The item was paid for but not recieved.
Sarah Mings","Dear Sir or Madam, I have not recieved this item. Please advise. The item was paid for but not recieved. Sarah Mings"
train,1713,After buying item was told would be 3 months before 1st issue.  I won't need it then.  Would never have bought it if I knew I had to wait 3 months,After buying item was told would be 3 months before 1st issue. I won't need it then. Would never have bought it if I knew I had to wait 3 months
train,1715,print was too small and I was unable to use Kindle feature to enlarge it.  Was unable to read it.,print was too small and I was unable to use Kindle feature to enlarge it. Was unable to read it.
train,1716,"What a disappointment; don't waste your money, as it's 90% ads.  A shadow of the 1980's/90's publication.  Two thumbs down :(","What a disappointment; don't waste your money, as it's 90% ads. A shadow of the 1980's/90's publication. Two thumbs down :("
train,1723,I purchased this as a gift for my teenaged grandson who is all country boy.  He loved the first magazine he received.,I purchased this as a gift for my teenaged grandson who is all country boy. He loved the first magazine he received.
train,1728,This magazine sucks!  Dont waste your money,This magazine sucks! Dont waste your money
train,1729,Too bad there's so many advertisements within.  Probably won't order this particular magazine again as there are so many on the market to choose from.  Thanks.,Too bad there's so many advertisements within. Probably won't order this particular magazine again as there are so many on the market to choose from. Thanks.
train,1733,Great magazine!  Cook's Illustrated magazine is full of great information and the kind of magazine you collect!,Great magazine! Cook's Illustrated magazine is full of great information and the kind of magazine you collect!
train,1734,"Absolutely a great magazine. Excellent for all level of cooks.  Incredible variety, and every single thing I've made from this book came out delicious.","Absolutely a great magazine. Excellent for all level of cooks. Incredible variety, and every single thing I've made from this book came out delicious."
train,1735,Have always loved Cook's Illustrated.  And.....all the info that is given to a person is great.  I now get this product sent directly to my Kindle.  Love it.,Have always loved Cook's Illustrated. And.....all the info that is given to a person is great. I now get this product sent directly to my Kindle. Love it.
train,1739,I only received a few copies of this magazine.  What happened.,I only received a few copies of this magazine. What happened.
train,1742,"I've loved t
His Mag. for years!",I've loved t His Mag. for years!
train,1743,This is one of the best cooking resources that I have found.  If you love to cook and not just follow a recipe then you must try this magazine.,This is one of the best cooking resources that I have found. If you love to cook and not just follow a recipe then you must try this magazine.
train,1744,They are scam artist. They will send you the book and it does not matter if you ordered it.  And charge you.  Buyer beware!,They are scam artist. They will send you the book and it does not matter if you ordered it. And charge you. Buyer beware!
train,1745,Cooks Illustrated is an excellent cooking magazine.  I've cooked my whole life and find new things to try every issue.  I cannot recommend it highly enough.,Cooks Illustrated is an excellent cooking magazine. I've cooked my whole life and find new things to try every issue. I cannot recommend it highly enough.
train,1747,"This is my sons' favorite magazine (now 11 and 14, but started reading when 7 and 10) and they always read it cover to cover.  I like it too.","This is my sons' favorite magazine (now 11 and 14, but started reading when 7 and 10) and they always read it cover to cover. I like it too."
train,1748,My 11 year old daughter loved this magazine.  I've just renewed her subscription.  Its a great purchase.,My 11 year old daughter loved this magazine. I've just renewed her subscription. Its a great purchase.
train,1751,Boring...can't think of anything else to say.  Just not interesting enough to keep on reading it.  Was for a boy who is very smart.,Boring...can't think of anything else to say. Just not interesting enough to keep on reading it. Was for a boy who is very smart.
train,1753,Muse is the best kid's magazine ever.  I will still be subscribing for myself when all my munchkins are grown and gone.,Muse is the best kid's magazine ever. I will still be subscribing for myself when all my munchkins are grown and gone.
train,1754,High Quality magazine.  Nine year old likes it a lot.,High Quality magazine. Nine year old likes it a lot.
train,1755,When my 10 year old Grandson received his first issue he sat down and went through it non stop.  He is still quoting it.,When my 10 year old Grandson received his first issue he sat down and went through it non stop. He is still quoting it.
train,1759,"Neither the pictures nor the advice is all that great.  I'm a professional wildlife photographer, and I haven't learned anything new.","Neither the pictures nor the advice is all that great. I'm a professional wildlife photographer, and I haven't learned anything new."
train,1763,For me this is the best Photographer magazine.  So many great articles for all levels and interests.,For me this is the best Photographer magazine. So many great articles for all levels and interests.
train,1780,Awesome magazine glad to receive it digitally!  Yay!,Awesome magazine glad to receive it digitally! Yay!
train,1783,"Too much glitz, not enough substance.  Would not have subscribed if I had seen it first.  Thanks for asking.  Goodbye.","Too much glitz, not enough substance. Would not have subscribed if I had seen it first. Thanks for asking. Goodbye."
train,1785,I still have not recieved the magaizine!!!  Someone needs to contact me.  It's been 2 months and still have not recieved,I still have not recieved the magaizine!!! Someone needs to contact me. It's been 2 months and still have not recieved
train,1787,I did NOT renew the order for Modern Drummer.  You did NOT come through with correct renewals and I cancelled the whole thing with you.,I did NOT renew the order for Modern Drummer. You did NOT come through with correct renewals and I cancelled the whole thing with you.
train,1789,I thought it was supposed to come weekly but I have only gotten one issue.  Could you double check my subscription,I thought it was supposed to come weekly but I have only gotten one issue. Could you double check my subscription
train,1792,"I love the New York Book Review.  I was downloading it to my HTC Flyer.  Now it is not compatible, only able to download on kindle device or kindle fire.  Not Fair!!!","I love the New York Book Review. I was downloading it to my HTC Flyer. Now it is not compatible, only able to download on kindle device or kindle fire. Not Fair!!!"
train,1793,"My family loves this magazine.  If you love Scotland, you will greatly enjoy reading this mag cover to cover!  I spend hours reading each episode when they come.","My family loves this magazine. If you love Scotland, you will greatly enjoy reading this mag cover to cover! I spend hours reading each episode when they come."
train,1794,For years I used to buy Chatelaine over the conter.  I luv so many of the Canadian comfort food and holiday dishes and the articales that are in the magazine. I luv it,For years I used to buy Chatelaine over the conter. I luv so many of the Canadian comfort food and holiday dishes and the articales that are in the magazine. I luv it
train,1796,A wonderful magazine with wonderful recipes.  Thanks kindle for bringing this to my attention.  I've purchased two issues so far and have not been been dissatisfied.,A wonderful magazine with wonderful recipes. Thanks kindle for bringing this to my attention. I've purchased two issues so far and have not been been dissatisfied.
train,1797,Great magazine.  It fuels my hunger to visit all the places in the stories and photos.,Great magazine. It fuels my hunger to visit all the places in the stories and photos.
train,1799,I cannot rate this product because I have not received my first issue yet.  Can you check into this for me?,I cannot rate this product because I have not received my first issue yet. Can you check into this for me?
train,1800,This is my favorite magazine.  It leads you to all sorts of weekend adventures or long vacations close enough to drive to.,This is my favorite magazine. It leads you to all sorts of weekend adventures or long vacations close enough to drive to.
train,1801,I am still waiting on my first edition of the magazine to arrive.  It has been 72 days since I ordered.,I am still waiting on my first edition of the magazine to arrive. It has been 72 days since I ordered.
train,1807,"To the best of my knowledge magazine has not yet been delivered to recipient. Can give review once delivery does happen.

Marianne",To the best of my knowledge magazine has not yet been delivered to recipient. Can give review once delivery does happen. Marianne
train,1809,Somewhat disappointing!  Would like more Native arts featured.,Somewhat disappointing! Would like more Native arts featured.
train,1810,The articles and projects in this magazine are both wonderful to read about and inspiring to get to work!  Am really enjoying each issue.,The articles and projects in this magazine are both wonderful to read about and inspiring to get to work! Am really enjoying each issue.
train,1814,I LOVE THE MAGAZINE!!!  IT IS VERY INTERESTING.  I PLAN TO KEEP IT COMING.  I HIGHLY RECOMMEND THIS MAGAZINE.  THANK YOU.,I LOVE THE MAGAZINE!!! IT IS VERY INTERESTING. I PLAN TO KEEP IT COMING. I HIGHLY RECOMMEND THIS MAGAZINE. THANK YOU.
train,1815,"I an a long time subscriber. I consider this magazine a collector's  item, The best quality, best articles and photography.","I an a long time subscriber. I consider this magazine a collector's item, The best quality, best articles and photography."
train,1817,"Didn't like the magazine, not for me.  It had lots of advertising.","Didn't like the magazine, not for me. It had lots of advertising."
train,1818,I often read this magazine to prove that I am a true fish geek.  Great information and the best fish magazine available.,I often read this magazine to prove that I am a true fish geek. Great information and the best fish magazine available.
train,1819,"i luv this magazine so much :) i hope they never stop putting these magazines  on stock !
love always,
the awesome sam","i luv this magazine so much :) i hope they never stop putting these magazines on stock ! love always, the awesome sam"
train,1822,My eight year old granddaughter received her first issue and loved it!  Makes her feel like a big girl.,My eight year old granddaughter received her first issue and loved it! Makes her feel like a big girl.
train,1825,I'm sure my nieces will enjoy this but I ordered it at Christmas and it is scheduled to arrive  mid March,I'm sure my nieces will enjoy this but I ordered it at Christmas and it is scheduled to arrive mid March
train,1826,My niece loves receiving this magazine in the mail.  She is 10 and it's perfect for her!,My niece loves receiving this magazine in the mail. She is 10 and it's perfect for her!
train,1829,very inappropriate for a child .  canceled mine tonight . I would give it a minus one if i could . Gay issues should not be in children's magazines .,very inappropriate for a child . canceled mine tonight . I would give it a minus one if i could . Gay issues should not be in children's magazines .
train,1830,Nine year old granddaughters look forward to receiving the magazine and reading thru the articles.  Just renewed their magazine gift for next year.,Nine year old granddaughters look forward to receiving the magazine and reading thru the articles. Just renewed their magazine gift for next year.
train,1831,Granddaughter loves it -  3rd year of receiving it.  Activities are her favorite,Granddaughter loves it - 3rd year of receiving it. Activities are her favorite
train,1833,"My 7 and 9 year old girls absolutely love this magazine.  They read it alone, we read it together, and they do the activities.","My 7 and 9 year old girls absolutely love this magazine. They read it alone, we read it together, and they do the activities."
train,1835,I've never looked at the magazine myself....All I can say is my niece loves this magazine.  I think it is her favorite!,I've never looked at the magazine myself....All I can say is my niece loves this magazine. I think it is her favorite!
train,1839,I love this magazine.  I have received it in the mail for many years. The free patterns come with full color pictures and I enjoy flipping through the pages.,I love this magazine. I have received it in the mail for many years. The free patterns come with full color pictures and I enjoy flipping through the pages.
train,1840,I love this mag.  So much good information and great book reviews and interviews.  Highly recommend it!,I love this mag. So much good information and great book reviews and interviews. Highly recommend it!
train,1841,i need to cancel this subscription. Please do it for me. I have been trying for an hour.  It is much too difficult.,i need to cancel this subscription. Please do it for me. I have been trying for an hour. It is much too difficult.
train,1843,I really enjoy all the articles. It covers a wide range of history  and each is well  argued .,I really enjoy all the articles. It covers a wide range of history and each is well argued .
train,1844,"Excellent! I look forward to every issue. I had no idea just how much I didn't know.  The letters from the subscribers are educational, too.","Excellent! I look forward to every issue. I had no idea just how much I didn't know. The letters from the subscribers are educational, too."
train,1847,I was not fond of the format and articles were too brief for me.  I don't know if I would renew the subscription.,I was not fond of the format and articles were too brief for me. I don't know if I would renew the subscription.
train,1849,"fantastic coverage of UK and World history.  i can never get enough of BBC History Mag, in print of on my Kindle.","fantastic coverage of UK and World history. i can never get enough of BBC History Mag, in print of on my Kindle."
train,1850,"I enjoyed this magazine which was interesting and educational.  The next issue I order will be a hard copy because I'd enjoy seeing photos, etc. that relate to the stories.","I enjoyed this magazine which was interesting and educational. The next issue I order will be a hard copy because I'd enjoy seeing photos, etc. that relate to the stories."
train,1853,I do NOT like auto renewal.  I want control not my dam machine controlling my life.,I do NOT like auto renewal. I want control not my dam machine controlling my life.
train,1856,"I would like to tell you all about this magazine, but I have yet to receive a copy.  Maybe later.","I would like to tell you all about this magazine, but I have yet to receive a copy. Maybe later."
train,1857,"This magazine comes with projects everytime that are simple to understand and do.  It is my new favorite mag.  If you like woodworking as a hobbie or even a professional, get it.","This magazine comes with projects everytime that are simple to understand and do. It is my new favorite mag. If you like woodworking as a hobbie or even a professional, get it."
train,1861,I love this magazine.  It is the only one I read on arrival.,I love this magazine. It is the only one I read on arrival.
train,1863,My favorite magazine EVER.  Great recipes.  Love the different articles and tips/techniques.,My favorite magazine EVER. Great recipes. Love the different articles and tips/techniques.
train,1866,"I can only say this, it looked like a good magazine to get, the problem i have is
I NEVER GOT 1 ""one"" single issue!!!!","I can only say this, it looked like a good magazine to get, the problem i have is I NEVER GOT 1 ""one"" single issue!!!!"
train,1867,Been a subscriber for a long time and it is one of my favorite magazines.  Lots of information that can be used and great recipes.  It's an easy read.,Been a subscriber for a long time and it is one of my favorite magazines. Lots of information that can be used and great recipes. It's an easy read.
train,1868,"I am not receiving the magazine!  It's paid for, but not showing up.  The magazine is great, I'm just not getting it delivered.","I am not receiving the magazine! It's paid for, but not showing up. The magazine is great, I'm just not getting it delivered."
train,1870,"I could not tell you about the magazine, my wife has yet to receive anything I have paid for.

I am guessing it's ""Heinrich Bauer North America"" fault...","I could not tell you about the magazine, my wife has yet to receive anything I have paid for. I am guessing it's ""Heinrich Bauer North America"" fault..."
train,1871,This is my all-time favorite magazine. If you are into country living or homesteading then this is the one for you.  I even keep old copies to reference later.,This is my all-time favorite magazine. If you are into country living or homesteading then this is the one for you. I even keep old copies to reference later.
train,1872,I am so glad that I purchased this magazine!  It is a delight to read it every time it is delivered!  I go through every single page and constantly learn new things!,I am so glad that I purchased this magazine! It is a delight to read it every time it is delivered! I go through every single page and constantly learn new things!
train,1873,Very specific niche for a magazine.  We love it.  We have a small farm and the articles are quite helpful.,Very specific niche for a magazine. We love it. We have a small farm and the articles are quite helpful.
train,1880,Bought it for my mom.  She loves thus magazine!  Her favorite!,Bought it for my mom. She loves thus magazine! Her favorite!
train,1884,My favorite magazine.  I love the convenience of ordering my magazines on Amazon!,My favorite magazine. I love the convenience of ordering my magazines on Amazon!
train,1885,Love it!  I've subscribed for  many years!,Love it! I've subscribed for many years!
train,1886,This is one of my favorite magazines!  Always something new and exciting to read. I highly recommend it to anyone!,This is one of my favorite magazines! Always something new and exciting to read. I highly recommend it to anyone!
train,1887,"I haven't received magazine yet or any notification as to when I will get it
It would be nice to know when i can stop buying it in store",I haven't received magazine yet or any notification as to when I will get it It would be nice to know when i can stop buying it in store
train,1889,"I have read this magazine since the first day it came out.  Have been a faithful weekly reader since then.  Fast reads, great articles.","I have read this magazine since the first day it came out. Have been a faithful weekly reader since then. Fast reads, great articles."
train,1897,"I've always been a fan of essence magazine, love it!!!!!!
Thank you Amazon for the special $5 offer.  Very nice","I've always been a fan of essence magazine, love it!!!!!! Thank you Amazon for the special $5 offer. Very nice"
train,1902,can read through them in about twenty minutes.  Too many ads.,can read through them in about twenty minutes. Too many ads.
train,1908,"Great magazine!!
 Well not take up space in the house . u can have it on your table or kindle",Great magazine!! Well not take up space in the house . u can have it on your table or kindle
train,1910,A great App!  I love the magazine and love the convenience of having it on my Kindle.  Thanks Essence,A great App! I love the magazine and love the convenience of having it on my Kindle. Thanks Essence
train,1914,I love cars and this magazine has been my go to since I was a teenager.  Great Magazine and the cost on Amazon was a good deal too.,I love cars and this magazine has been my go to since I was a teenager. Great Magazine and the cost on Amazon was a good deal too.
train,1929,I love the video clips that come with the Kindle edition.  It puts a new spin on one of my favorite magazines.,I love the video clips that come with the Kindle edition. It puts a new spin on one of my favorite magazines.
train,1933,"The big 4 car mags are all about the same.  That being said, I love them all.  This one is no exception.  Great pictures, great articles, and reasonable reviews.","The big 4 car mags are all about the same. That being said, I love them all. This one is no exception. Great pictures, great articles, and reasonable reviews."
train,1939,International artist is the best art magazine going.  An absolute must have for anyone with any art interests.,International artist is the best art magazine going. An absolute must have for anyone with any art interests.
train,1943,"Zero star, i received damage magazine for all 4 issues. No more
Again and again. I have to request for good condition for every issue. Very disappoint.","Zero star, i received damage magazine for all 4 issues. No more Again and again. I have to request for good condition for every issue. Very disappoint."
train,1946,"This has been a great help for my daughters wedding coming up.  I just love this, because we can see what is the latest and what we are thinking of doing?","This has been a great help for my daughters wedding coming up. I just love this, because we can see what is the latest and what we are thinking of doing?"
train,1950,"I think the title says it all.

I renew using Amazon... no magazine yet.",I think the title says it all. I renew using Amazon... no magazine yet.
train,1958,I cannot believe the only way  too order these is on  a kindle(your loss) I was going to order more than one subscription.,I cannot believe the only way too order these is on a kindle(your loss) I was going to order more than one subscription.
train,1960,"Patience.... because unless you are a true Geek
it requires you to go through multiple copies
to find articles of value in applying
& appreciating the technology
it reports on.",Patience.... because unless you are a true Geek it requires you to go through multiple copies to find articles of value in applying & appreciating the technology it reports on.
train,1962,The mag is filled with ads. The cars featured are not really interesting.  It is still a teenagers window to the world of could be.,The mag is filled with ads. The cars featured are not really interesting. It is still a teenagers window to the world of could be.
train,1963,"Ordered as a gift.  The order process was confulsing, and never reached the recipient.  I'm sure the magazine itself is great.","Ordered as a gift. The order process was confulsing, and never reached the recipient. I'm sure the magazine itself is great."
train,1964,"The best car magazine on the market today.  I have subscribed for eight years. Great website too!
Covers everything from a $17,000 car to a $2,000,000 car.","The best car magazine on the market today. I have subscribed for eight years. Great website too! Covers everything from a $17,000 car to a $2,000,000 car."
train,1965,"I love True Story.  I have loved this material for many years, and was very happy to be able to purchase it once again.","I love True Story. I have loved this material for many years, and was very happy to be able to purchase it once again."
train,1966,Awesome magazine with actual true stories.  They are heartwarming and interesting.  Have been a loyal reader for a very long time.  Keep renewing my subscription.  A must have.,Awesome magazine with actual true stories. They are heartwarming and interesting. Have been a loyal reader for a very long time. Keep renewing my subscription. A must have.
train,1969,I renew every year.  Always enjoy reading!,I renew every year. Always enjoy reading!
train,1970,"Can't go wrong with Cycle World.  If you are a motorcycling enthusiast, this is the magazine for you.","Can't go wrong with Cycle World. If you are a motorcycling enthusiast, this is the magazine for you."
train,1972,"Really good articles, written by who actually ride motorcycles.
Not a collection of paid articles from bike makers, who wants to advertise their products.","Really good articles, written by who actually ride motorcycles. Not a collection of paid articles from bike makers, who wants to advertise their products."
train,1977,Outstanding magazine that has been around for a long time.  Highly recommended reading.,Outstanding magazine that has been around for a long time. Highly recommended reading.
train,1978,I have received only ONE magazine since ordering in JUNE!!!!!!  I have written numerous emails to integrated Media and Amazon and NOTHING has been done!!!!,I have received only ONE magazine since ordering in JUNE!!!!!! I have written numerous emails to integrated Media and Amazon and NOTHING has been done!!!!
train,1983,I always look forward to reading  this magazine and to get inspired by the pieces that you offer. Mag girl from Tucson.,I always look forward to reading this magazine and to get inspired by the pieces that you offer. Mag girl from Tucson.
train,1985,I've always liked this magazine.  I am not a fantastic knitter but like to dream about projects as I enjoy magazine.,I've always liked this magazine. I am not a fantastic knitter but like to dream about projects as I enjoy magazine.
train,1995,Have had subscription for years and then found the price here was better than direct renewal.  Continues my subscription without missing an issue and no overlapping issues either,Have had subscription for years and then found the price here was better than direct renewal. Continues my subscription without missing an issue and no overlapping issues either
train,1998,It's a month later and I still haven't received it.  Will there be any WWII vets left when it does arrive?,It's a month later and I still haven't received it. Will there be any WWII vets left when it does arrive?
train,2002,"New date is not on the label of my newest copy  which I just received.
I am unable to verify the renewel.",New date is not on the label of my newest copy which I just received. I am unable to verify the renewel.
train,2006,I have the same problem as the other customers.  Never received my magazines even after calling them twice. STAY OUT OF THIS SELLER!,I have the same problem as the other customers. Never received my magazines even after calling them twice. STAY OUT OF THIS SELLER!
train,2007,"I received one issue but then the delivery stopped.  I would like to receive the remaining issues of my order,","I received one issue but then the delivery stopped. I would like to receive the remaining issues of my order,"
train,2022,"1st issue was nothing but food,  i was really disappointed","1st issue was nothing but food, i was really disappointed"
train,2025,"Not sure who's reading my Readers Digest, but it's not me. Maybe the mailman is taking it to his house to read.  Needless to say I will not be renewing.","Not sure who's reading my Readers Digest, but it's not me. Maybe the mailman is taking it to his house to read. Needless to say I will not be renewing."
train,2027,Purchased this to read the article on great summer trips.  I was disappointed with their selections.,Purchased this to read the article on great summer trips. I was disappointed with their selections.
train,2028,"The articles just aren't as interesting as they used to be.  Why would I care about the 20 best places to live in America?  I can't move there, so it's very boring.","The articles just aren't as interesting as they used to be. Why would I care about the 20 best places to live in America? I can't move there, so it's very boring."
train,2029,"I think it's just great, because I like any thing about travel. Awesome way to learn what's beyond my backyard !
Great photography too.","I think it's just great, because I like any thing about travel. Awesome way to learn what's beyond my backyard ! Great photography too."
train,2032,"It is very difficult to review a product or in this case a publication that has never arrived.

Little help!!

Where is it?  And when can we accept it to arrive?

Linda Drake",It is very difficult to review a product or in this case a publication that has never arrived. Little help!! Where is it? And when can we accept it to arrive? Linda Drake
train,2040,I received  the first month then nothing after that,I received the first month then nothing after that
train,2041,I just love those National Geographic magazines.  Traveler provides so many great images and descriptions for the traveler.  I use it for planning all of my vacations.,I just love those National Geographic magazines. Traveler provides so many great images and descriptions for the traveler. I use it for planning all of my vacations.
train,2043,The National Geographic Traveler was a Christmas gift and was a gift my daughter wanted.  It is being shipped timely.,The National Geographic Traveler was a Christmas gift and was a gift my daughter wanted. It is being shipped timely.
train,2044,"I have not yet received any!
please advise as to when it may
arrive, please am looking forward
to sharing","I have not yet received any! please advise as to when it may arrive, please am looking forward to sharing"
train,2049,RD is still the most readable and informative magazine anywhere.  Regular delivery,RD is still the most readable and informative magazine anywhere. Regular delivery
train,2053,A great price.  Reader's Digest never disappoints. I have been enjoying it for over 30 years.,A great price. Reader's Digest never disappoints. I have been enjoying it for over 30 years.
train,2056,My mother and I read it cover to cover.  Worth it!,My mother and I read it cover to cover. Worth it!
train,2061,i love this magazine.  Has beautiful projects for the intermediate beader.  Uses a variety of specialty beads.,i love this magazine. Has beautiful projects for the intermediate beader. Uses a variety of specialty beads.
train,2068,"i would give lower if possible.........try to cancel the auto-renewing subscription

I will try to avoid watching the tv show now",i would give lower if possible.........try to cancel the auto-renewing subscription I will try to avoid watching the tv show now
train,2074,"ESPN tries hard, too hard.  This publication is a big disappointment and NEVER agree to auto-renewal because it is a giant rip-off.","ESPN tries hard, too hard. This publication is a big disappointment and NEVER agree to auto-renewal because it is a giant rip-off."
train,2075,"I did not agree to auto renewal, and when made aware of the gimmick, it was very difficult to undo.  Dumb policy and bad process.","I did not agree to auto renewal, and when made aware of the gimmick, it was very difficult to undo. Dumb policy and bad process."
train,2076,"First off, I bought a 1yr subscription & only received 4-5 magazines.  Absolute joke.  Very disappointed and refuse to read this magazine ever again.","First off, I bought a 1yr subscription & only received 4-5 magazines. Absolute joke. Very disappointed and refuse to read this magazine ever again."
train,2080,"I did not realize it was ""Auto- Renewal""  Watch your bank account for the following year.  They were nice and stopped the subscription.  I had 3 bought .","I did not realize it was ""Auto- Renewal"" Watch your bank account for the following year. They were nice and stopped the subscription. I had 3 bought ."
train,2084,"Content in the actual magazine sucks.  Worth the $5 I paid for insider access online, although ESPN could make it harder to consume or RSS, but I'm not sure how.","Content in the actual magazine sucks. Worth the $5 I paid for insider access online, although ESPN could make it harder to consume or RSS, but I'm not sure how."
train,2087,"Only reason to buy this is the insider access on ESPN.com.  This goes straight in the trash.  If you have to read it, take some aspirin!","Only reason to buy this is the insider access on ESPN.com. This goes straight in the trash. If you have to read it, take some aspirin!"
train,2088,I cannot provide a good rating as this still has not been received.  I would like to expedite this process to receive these issues ASAP.,I cannot provide a good rating as this still has not been received. I would like to expedite this process to receive these issues ASAP.
train,2091,This was a great deal.  I purchased the magazine subscription around Thanksgiving and the first copy was delivered before Christmas.,This was a great deal. I purchased the magazine subscription around Thanksgiving and the first copy was delivered before Christmas.
train,2098,Wow.  I received my first issue. Little to no content. Find a charity and donate the cost of this subscription.  You'll feel much better.,Wow. I received my first issue. Little to no content. Find a charity and donate the cost of this subscription. You'll feel much better.
train,2099,"When I renewed, I was told that I would not get deplucants.
I was mailed both old issues, May  and June .
Not happy.","When I renewed, I was told that I would not get deplucants. I was mailed both old issues, May and June . Not happy."
train,2104,When you want the best in auto news read Road & Track.  Been reading this magazine for over 50 years.,When you want the best in auto news read Road & Track. Been reading this magazine for over 50 years.
train,2105,My husband is the head of a college Automotive Technology department.  He's read all of the mags put out there for auto enthusiasts and loves this one by far.,My husband is the head of a college Automotive Technology department. He's read all of the mags put out there for auto enthusiasts and loves this one by far.
train,2106,"I got this for my husband and ordered another magazine at the same time.  The other magazine arrived a couple of weeks ago, but still no Road & Track!  Bummer!","I got this for my husband and ordered another magazine at the same time. The other magazine arrived a couple of weeks ago, but still no Road & Track! Bummer!"
train,2108,"this was a gift for, my grandson.  this is his love.  he is waiting to be  accepted at a college in Boston with his guitars.","this was a gift for, my grandson. this is his love. he is waiting to be accepted at a college in Boston with his guitars."
train,2120,My favorite magazine.  Love reading about New England.,My favorite magazine. Love reading about New England.
train,2122,Love it!  Wish it came monthly.,Love it! Wish it came monthly.
train,2125,Just love this magazine!  Full of satisfying articles.,Just love this magazine! Full of satisfying articles.
train,2133,"This magazine is jam packed with wonderful articles!
I have enjoyed every issue so far.",This magazine is jam packed with wonderful articles! I have enjoyed every issue so far.
train,2140,"Great value!  Everyone loves Reader Digest, young and old.","Great value! Everyone loves Reader Digest, young and old."
train,2144,Filled with lots of advertising. Wanted more articles on 9mm and hand guns.  Too many shotgun articles.  Won't order again.,Filled with lots of advertising. Wanted more articles on 9mm and hand guns. Too many shotgun articles. Won't order again.
train,2148,A very one sided magazine  will not purchase again,A very one sided magazine will not purchase again
train,2156,"Extremely disappointed in their new version/format.  I have subscribed to readers digest for many years, but will not renew my subscription when it comes due!!!!!!!!!","Extremely disappointed in their new version/format. I have subscribed to readers digest for many years, but will not renew my subscription when it comes due!!!!!!!!!"
train,2159,Very one side. Sounds like a  Democrat review. I just expect a more well rounded information source without so many opinions.,Very one side. Sounds like a Democrat review. I just expect a more well rounded information source without so many opinions.
train,2161,This is the most bias magazine I have ever received.  They go from the mail box to the trash can.  This needs to be on the rack with the National Enquirer.....,This is the most bias magazine I have ever received. They go from the mail box to the trash can. This needs to be on the rack with the National Enquirer.....
train,2168,"I'm disappointed that RD has gotten much smaller.  The content isn't any where near what it used to be.  Now, I can get through the magazine in one evening.","I'm disappointed that RD has gotten much smaller. The content isn't any where near what it used to be. Now, I can get through the magazine in one evening."
train,2173,"Time magazine used to be the Gold Standard.  Now, it has been relegated to just another also-ran....","Time magazine used to be the Gold Standard. Now, it has been relegated to just another also-ran...."
train,2174,"I ordered Reader's Digest on-line and requested the  large-print version.  When it arrived, it was the regular small-print version.  I would like to receive what I ordered.","I ordered Reader's Digest on-line and requested the large-print version. When it arrived, it was the regular small-print version. I would like to receive what I ordered."
train,2183,"Needed to renew my subscription and the auto renew was so easy.  No postage, no checks.","Needed to renew my subscription and the auto renew was so easy. No postage, no checks."
train,2185,They didn't renew. They added a new account. I'm getting two magazines now each week. Very disturbing.  A 1 definitely.,They didn't renew. They added a new account. I'm getting two magazines now each week. Very disturbing. A 1 definitely.
train,2188,A very good general weekly magazine covering a wide range of topics.  There's usually something in there for every one.,A very good general weekly magazine covering a wide range of topics. There's usually something in there for every one.
train,2192,"This was to extend my existing subscription.....instead you have made me a new one which duplicates
mine,  Can you remedy this?  I do not need two magazines!","This was to extend my existing subscription.....instead you have made me a new one which duplicates mine, Can you remedy this? I do not need two magazines!"
train,2198,I havent' got it yet.  I'd like to know when I will start enjoying it. I hope it gets here in the following days.,I havent' got it yet. I'd like to know when I will start enjoying it. I hope it gets here in the following days.
train,2199,This is a nice little read that gives you insight into lots of different things.  With a toddler I don't have much time to read so this helps me keep up.,This is a nice little read that gives you insight into lots of different things. With a toddler I don't have much time to read so this helps me keep up.
train,2202,"Time magazine has been a source of news for many years.  Great magazine.  If you want analysis and good reporting in a magazine, this is it.","Time magazine has been a source of news for many years. Great magazine. If you want analysis and good reporting in a magazine, this is it."
train,2204,It is great magazine with reliable articles that are of interest to all ages.  Great as a gift to a parent or grandparent.,It is great magazine with reliable articles that are of interest to all ages. Great as a gift to a parent or grandparent.
train,2208,".. I discovered the Economist and understood what a real in depth weekly news magazine could be.  Sadly, Time does not really fit the bill anymore for me.",".. I discovered the Economist and understood what a real in depth weekly news magazine could be. Sadly, Time does not really fit the bill anymore for me."
train,2210,"The subscription price was about 1/3 the ""retail"" price shown in the magazine!

The process was simple and the one-year subscription was used to extend my current one.

Thanks.","The subscription price was about 1/3 the ""retail"" price shown in the magazine! The process was simple and the one-year subscription was used to extend my current one. Thanks."
train,2211,"Fewer pages, less substance, little real news, some entertainment news.  Just not worth it.","Fewer pages, less substance, little real news, some entertainment news. Just not worth it."
train,2215,my honey loves this magazine.  it's great for the price.,my honey loves this magazine. it's great for the price.
train,2226,Great resource for your beginner to avid fisherman.  I look forward to receiving In-fisherman every months and for years to come!,Great resource for your beginner to avid fisherman. I look forward to receiving In-fisherman every months and for years to come!
train,2229,My fashion conscious teen loves this magazine!  Her first issue arrived sooner than expected.,My fashion conscious teen loves this magazine! Her first issue arrived sooner than expected.
train,2234,"Beautiful work.  Great clean lines, photography, articles are thoughtful and presentation overall is balanced.  Well edited and curated.  A magazine of the times.","Beautiful work. Great clean lines, photography, articles are thoughtful and presentation overall is balanced. Well edited and curated. A magazine of the times."
train,2240,been reading it for years.  It has kept me up to date and more in depth far more than any periodical,been reading it for years. It has kept me up to date and more in depth far more than any periodical
train,2247,To many pictures.  Not enough articles,To many pictures. Not enough articles
train,2248,It's just a typical scandal sheet.  Only believe half of what you read and question the other half.,It's just a typical scandal sheet. Only believe half of what you read and question the other half.
train,2251,"It's Star, what do you expect? Trashy, cheesey, guilty, pleasure. It has pictures and words.  Better than sitting waiting for the doctor with nothing to read.","It's Star, what do you expect? Trashy, cheesey, guilty, pleasure. It has pictures and words. Better than sitting waiting for the doctor with nothing to read."
train,2254,It's too expensive.  There is less content and more ads than ever before.  It seems there are even  less pages than before.,It's too expensive. There is less content and more ads than ever before. It seems there are even less pages than before.
train,2255,"Never received full order. Received a couple months - stopped. I called then got a couple more issues and stopped. More trouble than it's worth
Made me hate the magazine too",Never received full order. Received a couple months - stopped. I called then got a couple more issues and stopped. More trouble than it's worth Made me hate the magazine too
train,2260,"Been a subscriber for many years.  Love this magazine!  Everything from fashion, to home decor, to interesting interviews.","Been a subscriber for many years. Love this magazine! Everything from fashion, to home decor, to interesting interviews."
train,2269,Excellent service and I would  use again.,Excellent service and I would use again.
train,2277,Not much to read here; tons of ads.  ( geared to 21 year olds with trust funds) I'd  never order it again!,Not much to read here; tons of ads. ( geared to 21 year olds with trust funds) I'd never order it again!
train,2283,"More than a month and I'm still waiting to receive it!
How can I rate this magazin since I have not seen it!",More than a month and I'm still waiting to receive it! How can I rate this magazin since I have not seen it!
train,2285,I would be able to review this better if I actually receive the magazine!  Haven't seen it yet???!!!,I would be able to review this better if I actually receive the magazine! Haven't seen it yet???!!!
train,2287,"I've been reading  ""Foreign Affairs"" journal for decades. It is the best collection of timely essays. Period.","I've been reading ""Foreign Affairs"" journal for decades. It is the best collection of timely essays. Period."
train,2290,"I have bought and read this publication for 38 years,  it's a must read. Excellent, exceptional and the kindle version is phenomenal.","I have bought and read this publication for 38 years, it's a must read. Excellent, exceptional and the kindle version is phenomenal."
train,2292,"I just cancelled my subscription because of the lack of archive access.  I enjoy the magazine itself, but the lack of the archive access is a deal killer for me.","I just cancelled my subscription because of the lack of archive access. I enjoy the magazine itself, but the lack of the archive access is a deal killer for me."
train,2304,This is my favorite magazine by far.  It is full of witty articles and interesting facts.  I love Mental Floss!,This is my favorite magazine by far. It is full of witty articles and interesting facts. I love Mental Floss!
train,2307,"This has to be one of the best magazines out there.

I just received my first issue in October..........and I can't seem to put it down. Very entertaining!",This has to be one of the best magazines out there. I just received my first issue in October..........and I can't seem to put it down. Very entertaining!
train,2308,Wonderful magazine for the aspiring back-yard astronomer or anyone interested in what is going on in our universe.  I am very pleased with the publication.,Wonderful magazine for the aspiring back-yard astronomer or anyone interested in what is going on in our universe. I am very pleased with the publication.
train,2309,absolutely - love it  -- we are able to see all the latest activity in our beautiful universe. Thank You,absolutely - love it -- we are able to see all the latest activity in our beautiful universe. Thank You
train,2310,"Orders space and telescope on 12-19
promised 4-6 week delivery
now promised in mid-march
what bs",Orders space and telescope on 12-19 promised 4-6 week delivery now promised in mid-march what bs
train,2311,Its Scientific American -- wonderful magazine.  I look forward to its arrival every month.,Its Scientific American -- wonderful magazine. I look forward to its arrival every month.
train,2314,I BOUGHT THIS FOR MY HUSBAND FOR FATHER'S DAY AND HE LOVES IT.  I ALSO READ SOME ARTICLES IN THE MAGAZINE AND AM VERY IMPRESSED.,I BOUGHT THIS FOR MY HUSBAND FOR FATHER'S DAY AND HE LOVES IT. I ALSO READ SOME ARTICLES IN THE MAGAZINE AND AM VERY IMPRESSED.
train,2315,"As usually  ""Scientific American""  contains handful of contemporary excellent materials written by professionals of highest rank.
I love this magazine. Tolaola","As usually ""Scientific American"" contains handful of contemporary excellent materials written by professionals of highest rank. I love this magazine. Tolaola"
train,2318,I cannot provide a good review for this purchase because as of today I have not received it yet.  Still waiting..........,I cannot provide a good review for this purchase because as of today I have not received it yet. Still waiting..........
train,2320,Very good information.  I love a good bourbon not and then.  A good source to find just the right one for my taste.,Very good information. I love a good bourbon not and then. A good source to find just the right one for my taste.
train,2321,We have been getting this mag for some time now and have learned so much that we did the Bourbon Tour in KY this may.  Learn and enjoy this very special very American beverage!,We have been getting this mag for some time now and have learned so much that we did the Bourbon Tour in KY this may. Learn and enjoy this very special very American beverage!
train,2324,"Just wasn't my taste.  If I lived in NYC, I probably would relate to this magazine much better.","Just wasn't my taste. If I lived in NYC, I probably would relate to this magazine much better."
train,2326,"Best crossword puzzle anywhere.  Adam Platt, Restaurant reviewer always makes me hungry.  Nice in-depth journalism and lots of fun, frivolous stuff too","Best crossword puzzle anywhere. Adam Platt, Restaurant reviewer always makes me hungry. Nice in-depth journalism and lots of fun, frivolous stuff too"
train,2329,I have been subscibing for over 30 years now and Amazon offers the absolutely best rates.  Extending an exiting subscription couldn't be easier or more reasonable.,I have been subscibing for over 30 years now and Amazon offers the absolutely best rates. Extending an exiting subscription couldn't be easier or more reasonable.
train,2330,"Ordered NY Magazine 5 weeks ago.  Still haven't gotten my first issue.  Tick, tock.","Ordered NY Magazine 5 weeks ago. Still haven't gotten my first issue. Tick, tock."
train,2334,I'm very disappointed. I really like the magazine but have only received the first issue (July/Aug).  I'd like to know what happened to the rest of my subscription.,I'm very disappointed. I really like the magazine but have only received the first issue (July/Aug). I'd like to know what happened to the rest of my subscription.
train,2340,Worthless magazine.  Don't waste your money or time.,Worthless magazine. Don't waste your money or time.
train,2341,I absolutely love this magazine!  Great decorating ideas!!!!,I absolutely love this magazine! Great decorating ideas!!!!
train,2343,"Have been getting Veranda for about 10 years.  I am a decorator and have loved almost every issue.  I have saved them and reread them often.
This is the best magazine !",Have been getting Veranda for about 10 years. I am a decorator and have loved almost every issue. I have saved them and reread them often. This is the best magazine !
train,2344,"It is my favorite decor magazine.  I want many houses, creating the variety of  ambiance that I see in Veranda.","It is my favorite decor magazine. I want many houses, creating the variety of ambiance that I see in Veranda."
train,2349,This magazine had too many ads and not enough content.  I was not inspired and I thought it was pricy.,This magazine had too many ads and not enough content. I was not inspired and I thought it was pricy.
train,2350,"I did not renew it..can get at a better price elsewhere
Has been a nightmare!!
Finally got it removed from account",I did not renew it..can get at a better price elsewhere Has been a nightmare!! Finally got it removed from account
train,2352,This is a first rate publication.  Veranda features classic homes that are actually liveable.  One of thre finest magazines around!,This is a first rate publication. Veranda features classic homes that are actually liveable. One of thre finest magazines around!
train,2354,Great magazine dedicated to Corvettes of all years.  Well written articles and technically sound columns. I look forward to each issue.,Great magazine dedicated to Corvettes of all years. Well written articles and technically sound columns. I look forward to each issue.
train,2359,"This was a rip off. The cover showed the flip or flop couple with headline ""liars.""  I ended up getting Matt Lauer on the cover. Wish I could get a refund.","This was a rip off. The cover showed the flip or flop couple with headline ""liars."" I ended up getting Matt Lauer on the cover. Wish I could get a refund."
train,2362,Awesome magazine.  Wish we had Life Time Fitness in my town.,Awesome magazine. Wish we had Life Time Fitness in my town.
train,2368,Featuring a fearmonger and her unsubstantiated claims shows just how credible this publication is.  Supermarket tabloids are less expensive and no less reliable.,Featuring a fearmonger and her unsubstantiated claims shows just how credible this publication is. Supermarket tabloids are less expensive and no less reliable.
train,2369,This mag doesn't do its research.  Just saying something doesn't mean it is right.  Its that simple.,This mag doesn't do its research. Just saying something doesn't mean it is right. Its that simple.
train,2372,This magazine surrendered its last vestiges of credibility when choosing to peddle snake oil and promote the charlatan Food Babe.  Shameful.,This magazine surrendered its last vestiges of credibility when choosing to peddle snake oil and promote the charlatan Food Babe. Shameful.
train,2376,"I'd rather not read a magazine that features a fearmonger and self-appointed ""food investigator"" on its cover.

Enough said: [...]","I'd rather not read a magazine that features a fearmonger and self-appointed ""food investigator"" on its cover. Enough said: [...]"
train,2383,"You had a highlight/Cover piece on food babe.
With that said how can anyone take what's in your mag seriously.",You had a highlight/Cover piece on food babe. With that said how can anyone take what's in your mag seriously.
train,2388,"I love it on my iPad, and I also receive the paper copy for my husband.
All for one great price.","I love it on my iPad, and I also receive the paper copy for my husband. All for one great price."
train,2389,Probably won't renew.  Too much $$ for too little helpful info.  Lots of ads.  And one or 2 artists high-lighted.  HOLLEY,Probably won't renew. Too much $$ for too little helpful info. Lots of ads. And one or 2 artists high-lighted. HOLLEY
train,2392,I just received my first issue recently and I was a bit disappointed because it didn't have any interesting books.  I'm hoping the next issue is better.,I just received my first issue recently and I was a bit disappointed because it didn't have any interesting books. I'm hoping the next issue is better.
train,2401,The writing is horrendous.  The bias is evident.  Not what it was when it was in its prime.,The writing is horrendous. The bias is evident. Not what it was when it was in its prime.
train,2412,I have received the magazine many years. Love it especially during football.  :). Very good rate from Amazon.,I have received the magazine many years. Love it especially during football. :). Very good rate from Amazon.
train,2417,"After subscribing for 30 years, I recently cancelled.  The too often focus on politically correct items, while becoming lite in the sports coverage, both became tiring.","After subscribing for 30 years, I recently cancelled. The too often focus on politically correct items, while becoming lite in the sports coverage, both became tiring."
train,2419,This is the best gift that I could give my oh so sports minded nephew each and every year on his birthday!  Thank you!,This is the best gift that I could give my oh so sports minded nephew each and every year on his birthday! Thank you!
train,2420,When they switched from the old app I can't access any of the back issues I  was saving. Go back to the old app or fix this one.,When they switched from the old app I can't access any of the back issues I was saving. Go back to the old app or fix this one.
train,2421,"a great buy and great service. Have purchased this for several years and they help me when I need to correct my mistakes in ordering.
Highly recommend",a great buy and great service. Have purchased this for several years and they help me when I need to correct my mistakes in ordering. Highly recommend
train,2422,Sent as a gift to grandson and son. They look forward to every edition!  Happy with the choice I made.,Sent as a gift to grandson and son. They look forward to every edition! Happy with the choice I made.
train,2423,I remember when this magazine actually had substance.  There is not much to it and most of what there is advertising.,I remember when this magazine actually had substance. There is not much to it and most of what there is advertising.
train,2424,"Got a year subscription for cheap.

First issue arrives and it has a total of 50 pages and 25 are adds. Where is the content?

Go figure.

T",Got a year subscription for cheap. First issue arrives and it has a total of 50 pages and 25 are adds. Where is the content? Go figure. T
train,2433,Buy this magazine without hesitation.  Has wonderful articles from a spiritual and holistic perspective.  Thank you so much for creating such a creative magazine.,Buy this magazine without hesitation. Has wonderful articles from a spiritual and holistic perspective. Thank you so much for creating such a creative magazine.
train,2437,"I love this magazine.  It is full of ideas and inspires me to be creative every time I open it.  So many different ideas, then you get to shop!!","I love this magazine. It is full of ideas and inspires me to be creative every time I open it. So many different ideas, then you get to shop!!"
train,2438,"love having it on my kindle....
so easy to read...
this is a great magazine to have for ideas to decorate with.",love having it on my kindle.... so easy to read... this is a great magazine to have for ideas to decorate with.
train,2439,Extremely well written articles that span a great deal of the theological spectrum while still remaining true to orthodox thought.  A pleasure to read.,Extremely well written articles that span a great deal of the theological spectrum while still remaining true to orthodox thought. A pleasure to read.
train,2444,"The reviews are objective.

The feature articles not as strong.

Hey, bring back the swimsuit issues!!","The reviews are objective. The feature articles not as strong. Hey, bring back the swimsuit issues!!"
train,2449,Love the paper but managing the subscription has been a nightmare.  Probably won't renew again.,Love the paper but managing the subscription has been a nightmare. Probably won't renew again.
train,2451,The papers were delivered 2 dos after publication.  Best to go directly through the publisher and get it delivered same day.,The papers were delivered 2 dos after publication. Best to go directly through the publisher and get it delivered same day.
train,2452,The subscription of USA Today newspaper took over a month to start.  This is way tooo long to wait for a newspaper.,The subscription of USA Today newspaper took over a month to start. This is way tooo long to wait for a newspaper.
train,2458,"this is absolutely my favorite magazine of all time.  if you want a magazine that caters to the lowest common denominator, readsomething else.","this is absolutely my favorite magazine of all time. if you want a magazine that caters to the lowest common denominator, readsomething else."
train,2462,"This is a awesome magazine for learning about the greatest up-and-coming rock bands.  It has great articles and is over-all very, very rad!!  ROCK ON DECIBAL!!!","This is a awesome magazine for learning about the greatest up-and-coming rock bands. It has great articles and is over-all very, very rad!! ROCK ON DECIBAL!!!"
train,2468,I love Cook's Country.  I've made many of the recipes and they are reliable and excellent.  This is one of my go-to cooking resources.  Kudos!,I love Cook's Country. I've made many of the recipes and they are reliable and excellent. This is one of my go-to cooking resources. Kudos!
train,2470,I love the explanations so simply written.  Pictures help greatly with the how to do part of recipes.  Great assortment of cooking tips!,I love the explanations so simply written. Pictures help greatly with the how to do part of recipes. Great assortment of cooking tips!
train,2472,"This magazine does not contain simple country recipes that I would cook.  It is too ""uptown"".  I have asked this magazine to cancel my subscription but so far have had no success.","This magazine does not contain simple country recipes that I would cook. It is too ""uptown"". I have asked this magazine to cancel my subscription but so far have had no success."
train,2473,There are simply better country cookbooks available.  This one offers nothing new to a country cook with modest experience.,There are simply better country cookbooks available. This one offers nothing new to a country cook with modest experience.
train,2475,"i hate this magazine.  it always comes late, if at all.  i don't have any problems with the other magazines i subscribe to.  buyer beware!","i hate this magazine. it always comes late, if at all. i don't have any problems with the other magazines i subscribe to. buyer beware!"
train,2481,"I'm disappointed  that I can not view the Economist on my PC and phone, instead of just on the Kindle.","I'm disappointed that I can not view the Economist on my PC and phone, instead of just on the Kindle."
train,2487,The navigation features are archaic. You should be able to view the different sections and their content more easily.  The android app is much better in that regard.,The navigation features are archaic. You should be able to view the different sections and their content more easily. The android app is much better in that regard.
train,2493,this price is too high.  the paper magazine gives same content for less. kindle jacks up the price. what a scam!,this price is too high. the paper magazine gives same content for less. kindle jacks up the price. what a scam!
train,2503,I was excited to learn the Economist was on the Kindle but there are no archived issues?  I only wanted LAST week's issue and can't even access it.  That's frustrating.,I was excited to learn the Economist was on the Kindle but there are no archived issues? I only wanted LAST week's issue and can't even access it. That's frustrating.
train,2506,"Too expensive.  I just retired and I can not afford it any more.
V.S., Congers, NY","Too expensive. I just retired and I can not afford it any more. V.S., Congers, NY"
train,2513,I didn't really like the magazine that much.  I found it full of advertisements.,I didn't really like the magazine that much. I found it full of advertisements.
train,2519,"I like it because the vaiarity of  subjects and I admire Oprah a lot and the last page  What I know for sure, is my favorit one and what I read it first.","I like it because the vaiarity of subjects and I admire Oprah a lot and the last page What I know for sure, is my favorit one and what I read it first."
train,2521,Great magazine.  My company also enjoys the articles.,Great magazine. My company also enjoys the articles.
train,2524,"I love O, The Oprah Magazine.  Subscriber to hard copy for years. Trying the kindle version is a treat,","I love O, The Oprah Magazine. Subscriber to hard copy for years. Trying the kindle version is a treat,"
train,2526,"Oprah, what can I say.  Nothing is as laughable as someone who believes they are way smarter than they are.  Lots of advertising, very little usable content.","Oprah, what can I say. Nothing is as laughable as someone who believes they are way smarter than they are. Lots of advertising, very little usable content."
train,2532,Will not buy.  Too many adds.  To elites.  Down home girl here.,Will not buy. Too many adds. To elites. Down home girl here.
train,2536,It just seems like a lot of ads and not much else.  It seems I liked it better when I read it years ago.,It just seems like a lot of ads and not much else. It seems I liked it better when I read it years ago.
train,2537,They make it VERY HARD TO CANCLE my subscription!  I was on the computer about an hour before I could get a phone  number!!,They make it VERY HARD TO CANCLE my subscription! I was on the computer about an hour before I could get a phone number!!
train,2538,Not a fan.  Lots of make up and style tips.  I was hoping for substance.,Not a fan. Lots of make up and style tips. I was hoping for substance.
train,2540,The reason why I gave this a one star cause it  can't work on my Alcatel one touch fierce xl phone,The reason why I gave this a one star cause it can't work on my Alcatel one touch fierce xl phone
train,2560,I like the content and is very easy to navigate through the electronic version.  I would recommend rides to anyone.,I like the content and is very easy to navigate through the electronic version. I would recommend rides to anyone.
train,2563,There wasn't anything interesting to read in this magazine compared to other magazines.  I would not order another one this was my second try in reading this,There wasn't anything interesting to read in this magazine compared to other magazines. I would not order another one this was my second try in reading this
train,2564,This is a wonderful magazine.  Purchasing from Amazon was the best!  I highly recommend it!  The articles are interesting and well written.,This is a wonderful magazine. Purchasing from Amazon was the best! I highly recommend it! The articles are interesting and well written.
train,2566,Ordered in December.  I have yet to get a magazine.  I think I made a big mistake.  No answer as to why I have no magazine.,Ordered in December. I have yet to get a magazine. I think I made a big mistake. No answer as to why I have no magazine.
train,2567,i CANNOT TELL YOU HOW THIS MAGAZINE IS AS ALL i GOT WAS A LETTER THAT THEY WERE BACKED UP ON ORDERS AND WOULD RECIEVE IT LATER. THAT WAS MONTHS AGO.  WHAT HAPPENED.,i CANNOT TELL YOU HOW THIS MAGAZINE IS AS ALL i GOT WAS A LETTER THAT THEY WERE BACKED UP ON ORDERS AND WOULD RECIEVE IT LATER. THAT WAS MONTHS AGO. WHAT HAPPENED.
train,2569,I have been a devoted Oprah Magazine subscriber for years.  I was very dissappointed to learn that I have to pay for the print and digital copy.,I have been a devoted Oprah Magazine subscriber for years. I was very dissappointed to learn that I have to pay for the print and digital copy.
train,2570,"I have yet to see a copy of the magazine or any confirmation that a renewal has been made, so the jury is still out on this.  So far, not impressed.","I have yet to see a copy of the magazine or any confirmation that a renewal has been made, so the jury is still out on this. So far, not impressed."
train,2571,I renewed this magazine for a great price - couldn't ask for a better deal.  I have been getting this for years!,I renewed this magazine for a great price - couldn't ask for a better deal. I have been getting this for years!
train,2572,So far every issue of O Magazine has been filled with alot of interesting articles and great advice.  I look forward to receiving it every month.,So far every issue of O Magazine has been filled with alot of interesting articles and great advice. I look forward to receiving it every month.
train,2573,"Never got one issue- tried to cancel my order and it has been 5 months- nobody writes back
They take your money and never send!",Never got one issue- tried to cancel my order and it has been 5 months- nobody writes back They take your money and never send!
train,2575,I have not even received the ordered item and it was ordered over a month ago.  Kinda tough to rate or get excited about it.,I have not even received the ordered item and it was ordered over a month ago. Kinda tough to rate or get excited about it.
train,2577,"I, also, ordered this magazine from Amazon for one year but have not received any issues.  Seems to be a recurring theme.","I, also, ordered this magazine from Amazon for one year but have not received any issues. Seems to be a recurring theme."
train,2578,How can I review something I have not received?  If Amazon is not going to send me the magazine refund my money!  Should be no star.,How can I review something I have not received? If Amazon is not going to send me the magazine refund my money! Should be no star.
train,2581,"Today is February 12, 2010.  I ordered this December 15, 2009.  Have never received the first copy--when can I wxpect it?","Today is February 12, 2010. I ordered this December 15, 2009. Have never received the first copy--when can I wxpect it?"
train,2582,"I would review this magazine if I received it!  It's been two months, and I have not yet seen one copy.","I would review this magazine if I received it! It's been two months, and I have not yet seen one copy."
train,2585,I suppose it is ok.  I ordered it on Dec 15th and have not received it as of Jan 17.  I have paid for it so I guess it will show up soon.,I suppose it is ok. I ordered it on Dec 15th and have not received it as of Jan 17. I have paid for it so I guess it will show up soon.
train,2587,Absolutely the best price I've seen anywhere - $24 for 2 years ($12 for a year). Much more affordable than the magazine publisher offers!  ~ Jan,Absolutely the best price I've seen anywhere - $24 for 2 years ($12 for a year). Much more affordable than the magazine publisher offers! ~ Jan
train,2591,"The O magazine is great and Amazon offered a great deal.  Great articles, pictures and enjoyable to read.","The O magazine is great and Amazon offered a great deal. Great articles, pictures and enjoyable to read."
train,2592,"I bought a subscription for my mom, and she loves it.  What more can I say?","I bought a subscription for my mom, and she loves it. What more can I say?"
train,2594,"This magazine is wonderful.

It gives me information on fashion, cooking, furniture, etc.

This is the best magazine that is perfect for any woman","This magazine is wonderful. It gives me information on fashion, cooking, furniture, etc. This is the best magazine that is perfect for any woman"
train,2600,Not what I had hoped it would be.  Did not renew....,Not what I had hoped it would be. Did not renew....
train,2601,The quality of this publication has suffered greatly over the years.  I subscribed for years but would not recommend it to anyone now.,The quality of this publication has suffered greatly over the years. I subscribed for years but would not recommend it to anyone now.
train,2602,This magazine does not meet our needs and do not wish to renew.  The magazine of the past was more suitable.,This magazine does not meet our needs and do not wish to renew. The magazine of the past was more suitable.
train,2603,Hubby's favorite magazine.  Getting it in the mail is way easier than having to go to Walmart (the only place that carried it) every week!,Hubby's favorite magazine. Getting it in the mail is way easier than having to go to Walmart (the only place that carried it) every week!
train,2606,Can't get rid of them  worst than Facebook to cancelling.....,Can't get rid of them worst than Facebook to cancelling.....
train,2609,too many insinuated swear words - I don't need that in a health / wellness magazine.  For example WTF is used often and other items - no thanks,too many insinuated swear words - I don't need that in a health / wellness magazine. For example WTF is used often and other items - no thanks
train,2621,"Great magazine!  This is one of the best magazines for people living with diabetes.  Very informative, good recipes too!","Great magazine! This is one of the best magazines for people living with diabetes. Very informative, good recipes too!"
train,2623,I got this for my 88 year old grandpa for Christmas!  He loves it and we love listening to his stories about the war!,I got this for my 88 year old grandpa for Christmas! He loves it and we love listening to his stories about the war!
train,2624,"I am sad it takes so long to send me my first issue-\

Sure it would be good if I was ever to get one?

Dave Tuman

New Bern , NC","I am sad it takes so long to send me my first issue-\ Sure it would be good if I was ever to get one? Dave Tuman New Bern , NC"
train,2627,"I have not received anything from this magazine yet.  According to past reviews, they are very slow at starting the subscription and I guess thats correct.","I have not received anything from this magazine yet. According to past reviews, they are very slow at starting the subscription and I guess thats correct."
train,2628,THIS IS A GREAT INFORMATION SOURCE.  HAS SO MANY NEW IDEAS TO USE ON YOUR CAMPING TRIP.  JUST LOVE THE NEW MOTOR HOME REVIEWS,THIS IS A GREAT INFORMATION SOURCE. HAS SO MANY NEW IDEAS TO USE ON YOUR CAMPING TRIP. JUST LOVE THE NEW MOTOR HOME REVIEWS
train,2633,Great Deal and love Paula Deen's recipes which are easy and delicious.  Paula Deen is always a five rating in my opinion.,Great Deal and love Paula Deen's recipes which are easy and delicious. Paula Deen is always a five rating in my opinion.
train,2639,"Love it the articles on brain physiology, chemical balances, behaviors and emotions and how they interact with society is
excellent. Content the best.","Love it the articles on brain physiology, chemical balances, behaviors and emotions and how they interact with society is excellent. Content the best."
train,2645,I purchased this magazine and I can not get it to show up in my kindle?  What good does it do to buy print & Kindle when you can not use it?,I purchased this magazine and I can not get it to show up in my kindle? What good does it do to buy print & Kindle when you can not use it?
train,2646,This magazine is a must have for any coin collector.  The monthly price guide is great. The articles are informative and fun to read.,This magazine is a must have for any coin collector. The monthly price guide is great. The articles are informative and fun to read.
train,2648,Makes me feel like less of a man to read this stupid magazine.  Advertisements and fluff articles.  Like Martha Stewart Living and the New Yorker for suburban men.  No thanks.,Makes me feel like less of a man to read this stupid magazine. Advertisements and fluff articles. Like Martha Stewart Living and the New Yorker for suburban men. No thanks.
train,2654,"Mostly it appears to be just a long advertising brochure .  Would appreciate more ""how to"" or ""did"" articles without an underlying ad theme.","Mostly it appears to be just a long advertising brochure . Would appreciate more ""how to"" or ""did"" articles without an underlying ad theme."
train,2656,I have NOT RECEIVED any copies of this magazine from the publisher as of  today's date  (01-17-2013).  It seems to take a while to get the subscription process rolling.,I have NOT RECEIVED any copies of this magazine from the publisher as of today's date (01-17-2013). It seems to take a while to get the subscription process rolling.
train,2657,Dont  like or want it canceled last month no refend very upset.item says cancellation still being processes for about 2 months now .,Dont like or want it canceled last month no refend very upset.item says cancellation still being processes for about 2 months now .
train,2658,I renewed this subscription on 11/30/2013 and the magazine did not get the payment until the end of January 2014.  Two months is way too long.,I renewed this subscription on 11/30/2013 and the magazine did not get the payment until the end of January 2014. Two months is way too long.
train,2659,I was pretty excited to find this magazine online and wanted to subscribe until I read ALLOW 12-16 weeks for delivery.  Columbus could have delivered the magazine sooner.,I was pretty excited to find this magazine online and wanted to subscribe until I read ALLOW 12-16 weeks for delivery. Columbus could have delivered the magazine sooner.
train,2663,Liked the magazine very much.  Decided to get a subscription!,Liked the magazine very much. Decided to get a subscription!
train,2667,"Disappointed.  Way too many advertisements.
We own a vintage beach house. I was hoping for more articles on average coastal homes and towns. Not just high dollar properties.",Disappointed. Way too many advertisements. We own a vintage beach house. I was hoping for more articles on average coastal homes and towns. Not just high dollar properties.
train,2679,I can't wait to get this almost every month.  It's colorful and full of wonderful ideas even if you don't live close to the beach.,I can't wait to get this almost every month. It's colorful and full of wonderful ideas even if you don't live close to the beach.
train,2680,"Coastal Living  is a great read!
I have gotten it for many years and love it. Living in Hawaii is as coastal as it gets!
Hula Girl",Coastal Living is a great read! I have gotten it for many years and love it. Living in Hawaii is as coastal as it gets! Hula Girl
train,2687,"Tried it to see what it had to offer.  I found it lacking, too many ads and not enough substance.  Did not renew my subscription.","Tried it to see what it had to offer. I found it lacking, too many ads and not enough substance. Did not renew my subscription."
train,2689,"Subscribed to this magazine and after receiving many issues, I'm not the least bit impressed.  It's a very slim magazine with very little in it.","Subscribed to this magazine and after receiving many issues, I'm not the least bit impressed. It's a very slim magazine with very little in it."
train,2690,I have read this many times and order a year and still have not gotten one copy!  It is now mis oct!!,I have read this many times and order a year and still have not gotten one copy! It is now mis oct!!
train,2691,I ordered this on Sept 13.  Today is Oct 14.  Have not received the first issue yet.  I will submit a review after the first issue arrives,I ordered this on Sept 13. Today is Oct 14. Have not received the first issue yet. I will submit a review after the first issue arrives
train,2692,I subscribed to this magazine in February 2014 and have yet to receive a single issue.  It is October 2014.,I subscribed to this magazine in February 2014 and have yet to receive a single issue. It is October 2014.
train,2693,this is awesome if you have chickens or are thinking about getting them  great info you can really learn alot,this is awesome if you have chickens or are thinking about getting them great info you can really learn alot
train,2695,"I can't wait to get the magazine in the mail.  Wonderful, easy to make recipes.","I can't wait to get the magazine in the mail. Wonderful, easy to make recipes."
train,2698,"Rachael Ray Every Day magazine
I love this magazine and will recommend it to others.",Rachael Ray Every Day magazine I love this magazine and will recommend it to others.
train,2703,I love Rachel but her magazine is more advertisements than anything.  I won't be renewing.,I love Rachel but her magazine is more advertisements than anything. I won't be renewing.
train,2708,"There are not many actual recipes, mostly ads.  A lot of recipes call for things that can't be found easily or are expensive ingredients.","There are not many actual recipes, mostly ads. A lot of recipes call for things that can't be found easily or are expensive ingredients."
train,2711,Delivered as advertised.  VERY Happy!!,Delivered as advertised. VERY Happy!!
train,2713,Nice magizines. Plenty of interesting  articles .,Nice magizines. Plenty of interesting articles .
train,2716,"Ordered as a gift for someone who doesn't need 'stuff'
She loves it, loves the articles, loves the recipes.","Ordered as a gift for someone who doesn't need 'stuff' She loves it, loves the articles, loves the recipes."
train,2719,Didn't care for the magazine.  Too many ingredients I don't normally have on hand.,Didn't care for the magazine. Too many ingredients I don't normally have on hand.
train,2720,The food looks great and is simple to make.  Rachel Ray makes recipes easy for anyone to follow.  And the food............,The food looks great and is simple to make. Rachel Ray makes recipes easy for anyone to follow. And the food............
train,2722,Not sure what I think of this... I either did not order it or accidentally ordered it.  I have no use for this magazine and I certainly hope I am not charged monthly or annually.,Not sure what I think of this... I either did not order it or accidentally ordered it. I have no use for this magazine and I certainly hope I am not charged monthly or annually.
train,2723,.I renewed Every Day because of an issue I read and liked.  When I received my subscription I found nothing to my taste.,.I renewed Every Day because of an issue I read and liked. When I received my subscription I found nothing to my taste.
train,2724,"It's just that I still have not recd one issue! I forgot I even ordered it, that's how long it's been! And apparently I won't get an issue until sometime in JUNE!!!!  REALLY?????","It's just that I still have not recd one issue! I forgot I even ordered it, that's how long it's been! And apparently I won't get an issue until sometime in JUNE!!!! REALLY?????"
train,2726,"I love, love, love RR magazine.  Can't wait for smell vision when she is cooking on television. The recipes are good and easy.","I love, love, love RR magazine. Can't wait for smell vision when she is cooking on television. The recipes are good and easy."
train,2729,"the magazine's not what it used to be... probably not renewing ... so sorry PH, IDK what to say?  sorry","the magazine's not what it used to be... probably not renewing ... so sorry PH, IDK what to say? sorry"
train,2734,Love the magazine for its insight into the nuts and bolts of the rural lifestyle.  I expect to renew the subscription.,Love the magazine for its insight into the nuts and bolts of the rural lifestyle. I expect to renew the subscription.
train,2736,Great magazine full of insight and informative articles.  A must read for the diesel enthusiast.,Great magazine full of insight and informative articles. A must read for the diesel enthusiast.
train,2743,"never liked play bore lol it shows nothing i want to see on a woman's body
hustler and taboo are for me",never liked play bore lol it shows nothing i want to see on a woman's body hustler and taboo are for me
train,2744,garbage.  they took a once great icon and turned it into left wing ding bat toilet paper,garbage. they took a once great icon and turned it into left wing ding bat toilet paper
train,2745,"Political correctness kills a great magazine.  Dull lifeless teens flashing.
50 Cent on the back cover selling Effen vodka!! really?!",Political correctness kills a great magazine. Dull lifeless teens flashing. 50 Cent on the back cover selling Effen vodka!! really?!
train,2746,"It's a huge disappointment.  No jokes, no cartoons, no titillating content, no reason to renew.","It's a huge disappointment. No jokes, no cartoons, no titillating content, no reason to renew."
train,2754,0 stars.  As of the last March issue playboy is now a no nudity magazine.  They also removed the good jokes and comics.  Its now worthless.  Canceling my 10 year subscription.,0 stars. As of the last March issue playboy is now a no nudity magazine. They also removed the good jokes and comics. Its now worthless. Canceling my 10 year subscription.
train,2759,Made my 85-year-old father-in-law smile.  I'm his favorite.  :),Made my 85-year-old father-in-law smile. I'm his favorite. :)
train,2762,A Great magazine and at a perfect price.  Its definitely a buy if you are thinking about indulging your curiosity,A Great magazine and at a perfect price. Its definitely a buy if you are thinking about indulging your curiosity
train,2766,"playboy has great storys, great information and lets not forget  beautiful women. whats not to like a very classy magazine","playboy has great storys, great information and lets not forget beautiful women. whats not to like a very classy magazine"
train,2768,I still have yet to recieve my first issue.  I've recieved 2 of another magazine that I ordered at the same time.,I still have yet to recieve my first issue. I've recieved 2 of another magazine that I ordered at the same time.
train,2769,"I bought this magazine for my 4 year old Granddaughter as a Christmas gift, she was thrilled with having mail come for her and she has really enjoyed the magazine.
Thank you.","I bought this magazine for my 4 year old Granddaughter as a Christmas gift, she was thrilled with having mail come for her and she has really enjoyed the magazine. Thank you."
train,2770,"my great granddaughter loves her magazine and anticipates each new arrival. She is 3+ and well into the magazine
and all it offers.",my great granddaughter loves her magazine and anticipates each new arrival. She is 3+ and well into the magazine and all it offers.
train,2771,"I'm waiting for this book for long! I didn't get the book and any messages from the seller.
want to know when I can get this item!! I purchased it more than a month ago!!",I'm waiting for this book for long! I didn't get the book and any messages from the seller. want to know when I can get this item!! I purchased it more than a month ago!!
train,2772,Dumbest magazine ever.  Sorry I ordered it,Dumbest magazine ever. Sorry I ordered it
train,2773,Us Weekly cannot go a week without a Kardashian on the cover.  I am sick of hearing about this family.  I didn't renew my subscription.,Us Weekly cannot go a week without a Kardashian on the cover. I am sick of hearing about this family. I didn't renew my subscription.
train,2780,US doesn't pack the lunch that people does -- too many ads and not enough pix and gossip.  I plan on cancelling this as soon as I can.,US doesn't pack the lunch that people does -- too many ads and not enough pix and gossip. I plan on cancelling this as soon as I can.
train,2783,I love this magazine...you can say I am addicted!  I only read the ones that I think are trustworthy with their information and this is definitely one of those!,I love this magazine...you can say I am addicted! I only read the ones that I think are trustworthy with their information and this is definitely one of those!
train,2784,This is my favorite magazine. I am happy so far with the renewal.  I hope the renew will be added to my previous subscription.,This is my favorite magazine. I am happy so far with the renewal. I hope the renew will be added to my previous subscription.
train,2785,I had a bad case of the flu and needed something to read while ill that required no brain power.  This certainly filled the bill.,I had a bad case of the flu and needed something to read while ill that required no brain power. This certainly filled the bill.
train,2786,"I'm still waiting for the newest issue of US Weekly.  Some weeks the issue is fast, while others take awhile.  This is frustrating and should be fixed for a weekly magazine.","I'm still waiting for the newest issue of US Weekly. Some weeks the issue is fast, while others take awhile. This is frustrating and should be fixed for a weekly magazine."
train,2788,This is my favorite celeb magazine!  Much better to get it here and pay much less than at the checkout!,This is my favorite celeb magazine! Much better to get it here and pay much less than at the checkout!
train,2789,I wait every week to get this magazine in the mail.  I absolutely love to see who's wearing what and who's squabbling with who this week!  Definitely an awesome magazine!,I wait every week to get this magazine in the mail. I absolutely love to see who's wearing what and who's squabbling with who this week! Definitely an awesome magazine!
train,2790,My subscription came sooner than the date specified. Very happy with my decision to subscribe through amazon.  Best price I have ever seen anywhere!! Highly recommend.,My subscription came sooner than the date specified. Very happy with my decision to subscribe through amazon. Best price I have ever seen anywhere!! Highly recommend.
train,2794,"Buyer Beware!
Deserves zero stars.
Cosmo is a pornographic mag disguised as a women's publication.
Didn't know amazon was in the porn business ):",Buyer Beware! Deserves zero stars. Cosmo is a pornographic mag disguised as a women's publication. Didn't know amazon was in the porn business ):
train,2799,"cancelled my subscription. The Magazine turned  in to a trashy tabloid Mag, writing a story to get clicks, by slamming good people  without checking facts.","cancelled my subscription. The Magazine turned in to a trashy tabloid Mag, writing a story to get clicks, by slamming good people without checking facts."
train,2800,"Ripoff!  Will not download, then asks you to subscribe or buy the issue KINDLE UNLIMITED should not list this mag as part of the UNLIMITED  issues.","Ripoff! Will not download, then asks you to subscribe or buy the issue KINDLE UNLIMITED should not list this mag as part of the UNLIMITED issues."
train,2809,wont be ordering again.  should come in a brown cover.,wont be ordering again. should come in a brown cover.
train,2810,I love Cosmo!  It's by far the best womens magazine out there.,I love Cosmo! It's by far the best womens magazine out there.
train,2811,Mistake.  Not for me.,Mistake. Not for me.
train,2814,"Used to be an OK mag, but now it's just trash, filled with ads.  Worse than ever.","Used to be an OK mag, but now it's just trash, filled with ads. Worse than ever."
train,2817,I've loved this mag. Since I was young. I love even more the e-reader version. No paper wasted!  I wish it did have a page selection. To go back and forth.,I've loved this mag. Since I was young. I love even more the e-reader version. No paper wasted! I wish it did have a page selection. To go back and forth.
train,2852,"I bought this as a gift and the 2nd issue was skipped!  Cosmo is Cosmo, so no surprises there.  Hope they get February's issue out.","I bought this as a gift and the 2nd issue was skipped! Cosmo is Cosmo, so no surprises there. Hope they get February's issue out."
train,2853,Who doesn't love Cosmo!  Great articles and the price for the 1yr subsciption was great!,Who doesn't love Cosmo! Great articles and the price for the 1yr subsciption was great!
train,2857,Haven't seen anything of it yet. If I had know it would take so long I would have rather bought it from a news stand  or book store,Haven't seen anything of it yet. If I had know it would take so long I would have rather bought it from a news stand or book store
train,2866,Didn't like magazine.  Too many ads. Not enough interesting content.,Didn't like magazine. Too many ads. Not enough interesting content.
train,2868,great love this mag can't wait for the next  month,great love this mag can't wait for the next month
train,2878,"I was very disappointed there weren't more recipes or articles in the magazine.  Also, I don't like the layout of the magazine as much as I did the layout in past issues.","I was very disappointed there weren't more recipes or articles in the magazine. Also, I don't like the layout of the magazine as much as I did the layout in past issues."
train,2880,"I get this magazine for the great information it has for my life.  It is extremely reasonably priced, just cant beat it.  One of the best!","I get this magazine for the great information it has for my life. It is extremely reasonably priced, just cant beat it. One of the best!"
train,2881,never realized how many advertisements are in this magazine ..... and not that many articles.  decided i don't want to pay for the subscriptions.,never realized how many advertisements are in this magazine ..... and not that many articles. decided i don't want to pay for the subscriptions.
train,2885,"From the advertisement cover, I thought there would be more project related stuff in it.  There were too many advertisements in the magazine.","From the advertisement cover, I thought there would be more project related stuff in it. There were too many advertisements in the magazine."
train,2887,"One of the best magazines still on the market, been buying it for 30 years Love all the articles and especially  a lot of the recipes....Highly recommended!!","One of the best magazines still on the market, been buying it for 30 years Love all the articles and especially a lot of the recipes....Highly recommended!!"
train,2888,I would not renew my subscription to Family Circle.  there are too many ads and not enough articles to interest me.,I would not renew my subscription to Family Circle. there are too many ads and not enough articles to interest me.
train,2893,Could not tell if I was looking at a magazine or just a sales brochure for stuff.  Could not find any meaningful content in the publication. It sucks for a magazine.,Could not tell if I was looking at a magazine or just a sales brochure for stuff. Could not find any meaningful content in the publication. It sucks for a magazine.
train,2898,So so magazine.  Perfect for a waiting room.,So so magazine. Perfect for a waiting room.
train,2899,Entertainment Weekly will always met my expectations!  wonderful magazine,Entertainment Weekly will always met my expectations! wonderful magazine
train,2901,Love this magazine.  It keeps me up to date on everything I love.,Love this magazine. It keeps me up to date on everything I love.
train,2904,"I don't know why I ordered it - even if it was free from several months.  I am not into the entertainment world, don't watch TV and attend very few movies.","I don't know why I ordered it - even if it was free from several months. I am not into the entertainment world, don't watch TV and attend very few movies."
train,2905,"Vacuous, though not as bad as People or Us.  Got it for my wife and she agrees a bit.  Will not be renewing.","Vacuous, though not as bad as People or Us. Got it for my wife and she agrees a bit. Will not be renewing."
train,2906,I was able to download this one time. After that it would download 1 percent and that's it.  I tried everything I could think of but nothing. Does not work.,I was able to download this one time. After that it would download 1 percent and that's it. I tried everything I could think of but nothing. Does not work.
train,2914,"Few articles or substance.  Why not merge with People and call it a day?
Zero interesting articles.....very little guidance or recommendations........
Will not renew",Few articles or substance. Why not merge with People and call it a day? Zero interesting articles.....very little guidance or recommendations........ Will not renew
train,2917,"I LOVE this magazine!! It covers everything!  Great reviews of movies, books, TV, DVDs, stage and more.  Also articles on select topics. It's awesome!!","I LOVE this magazine!! It covers everything! Great reviews of movies, books, TV, DVDs, stage and more. Also articles on select topics. It's awesome!!"
train,2922,"Very buggy for kindle fire (not HD). Weekly Cheat Sheet(formerly what to watch) NEVER works.
Also, you can't zoom in on photos.
Bad app.","Very buggy for kindle fire (not HD). Weekly Cheat Sheet(formerly what to watch) NEVER works. Also, you can't zoom in on photos. Bad app."
train,2923,I love this magazine and have been subscribing for about 9 years.  It is great to read all the articles so I know and can plan what entertainment I'm going to enjoy.,I love this magazine and have been subscribing for about 9 years. It is great to read all the articles so I know and can plan what entertainment I'm going to enjoy.
train,2924,The best bargain for this type of magazine.  Easy to read with great photos!  A lot of fun reading for a great price!,The best bargain for this type of magazine. Easy to read with great photos! A lot of fun reading for a great price!
train,2925,Have had a subscription for years....I'm always writing down movies to tape for later or books to put on my Kindle.  Love every issue!,Have had a subscription for years....I'm always writing down movies to tape for later or books to put on my Kindle. Love every issue!
train,2926,"This app was ""upgraded""
I had to re-sign in...lost all my previous magazines from them AND couldn't download the current issue!!!
I'll read it in hardcopy from now on!","This app was ""upgraded"" I had to re-sign in...lost all my previous magazines from them AND couldn't download the current issue!!! I'll read it in hardcopy from now on!"
train,2928,The best! Entertainment Weekly is the one must-read every week. Definitely get this subscription.  Movie and TV previews are terrific.,The best! Entertainment Weekly is the one must-read every week. Definitely get this subscription. Movie and TV previews are terrific.
train,2929,"Awesome. I especially enjoyed all the hotties in the magazine;)
I like that this magazine has many different things to look at.",Awesome. I especially enjoyed all the hotties in the magazine;) I like that this magazine has many different things to look at.
train,2931,"It's reasonably priced.  It's always a great issue and it's part of my weekly routine.  You can also download it to your iPad, iPhone or Android device.  Amazing deal.","It's reasonably priced. It's always a great issue and it's part of my weekly routine. You can also download it to your iPad, iPhone or Android device. Amazing deal."
train,2932,"Love this mag.  Snarky, funny, informative.  Less of a gossip, more of an entertainment mag. Will keep up my subscription.","Love this mag. Snarky, funny, informative. Less of a gossip, more of an entertainment mag. Will keep up my subscription."
train,2934,I have had a subscription to this magazine for years - it's a must-have!  It covers all parts of the entertainment industry.  It's a cannot put down magazine!,I have had a subscription to this magazine for years - it's a must-have! It covers all parts of the entertainment industry. It's a cannot put down magazine!
train,2937,This is the best Entertainment magazine out there!  I have been a subscriber for many years now.  Get your copy today!,This is the best Entertainment magazine out there! I have been a subscriber for many years now. Get your copy today!
train,2943,Purchased mail order subscription for children.  You broke their poor little hearts.  They looked in the mail every day and never received one issue.  Heartless and evil.,Purchased mail order subscription for children. You broke their poor little hearts. They looked in the mail every day and never received one issue. Heartless and evil.
train,2945,I subscribed to this magazine for my sons when they were young and now I get them for my grandsons.  Wonderful books.,I subscribed to this magazine for my sons when they were young and now I get them for my grandsons. Wonderful books.
train,2947,awesome!  purchased for my 4 y/o grandson.,awesome! purchased for my 4 y/o grandson.
train,2949,This is a monthly subscription. Catholic daily devotional following daily Scriptures etc.  Also includes Beautiful writings and reflections by recent and past great writers,This is a monthly subscription. Catholic daily devotional following daily Scriptures etc. Also includes Beautiful writings and reflections by recent and past great writers
train,2955,I don't read this magazine.  I think people need to pay more attention to their own lives versus supporting those that are already in the spot lightl,I don't read this magazine. I think people need to pay more attention to their own lives versus supporting those that are already in the spot lightl
train,2962,I WAS CHARGED FOR ANOTHER YEAR OF ONLINE WHEN IT COMES FREE WITH MY PAID SUBSCRIPTION.  REALLY AGGRAVATES ME.,I WAS CHARGED FOR ANOTHER YEAR OF ONLINE WHEN IT COMES FREE WITH MY PAID SUBSCRIPTION. REALLY AGGRAVATES ME.
train,2963,to many adds  will cancel don't care for it,to many adds will cancel don't care for it
train,2967,This magazine was ordered for my mother and she loves it!  It has lots of photos and stories she loves.  Well worth it!,This magazine was ordered for my mother and she loves it! It has lots of photos and stories she loves. Well worth it!
train,2972,Already having trouble with People and their billing department.  It's a nightmare!,Already having trouble with People and their billing department. It's a nightmare!
train,2973,"Tried it, but nothing like it was a few years ago.  No articles RE anyone older than 30, so it's just for teenagers and young Hollywood types.  No substance.","Tried it, but nothing like it was a few years ago. No articles RE anyone older than 30, so it's just for teenagers and young Hollywood types. No substance."
train,2978,Takes forever to download.  Have not been able to open the download.  Have stopped purchasing the magazine .,Takes forever to download. Have not been able to open the download. Have stopped purchasing the magazine .
train,2980,"I purchased a People Magazine through my Kindle Fire.  It would only load the first few pages.  I tarried several times, but was unable to receive any pat of the magazine.","I purchased a People Magazine through my Kindle Fire. It would only load the first few pages. I tarried several times, but was unable to receive any pat of the magazine."
train,2986,"On the order of People Magazine, enjoy reading it.  Was offered free on my Kindle, and I'm glad I ordered it.","On the order of People Magazine, enjoy reading it. Was offered free on my Kindle, and I'm glad I ordered it."
train,2989,I can't get it on my ipad only my phone.  Will only be using the trial period.,I can't get it on my ipad only my phone. Will only be using the trial period.
train,2990,I don't want this!  Please remove it!!!!!,I don't want this! Please remove it!!!!!
train,2991,I was bored and thought I'd buy a magazine.  I paid no attention to the price.  Not worth $4.99...not recommended,I was bored and thought I'd buy a magazine. I paid no attention to the price. Not worth $4.99...not recommended
train,2995,I have lost all past issues that I have not read and apparently last week's which I have not finish.  Kindle app bites!,I have lost all past issues that I have not read and apparently last week's which I have not finish. Kindle app bites!
train,2998,Mostly irrelevant  rubbish,Mostly irrelevant rubbish
train,3003,I don't even remember ordering this magazine so I can not give it a review.  I am not interested in this couple or what they are doing.  I would remember ordering I am sure.,I don't even remember ordering this magazine so I can not give it a review. I am not interested in this couple or what they are doing. I would remember ordering I am sure.
train,3008,"cannot read the print too small
I cannot do mags on kindle",cannot read the print too small I cannot do mags on kindle
train,3010,Hope the next issue will be better.  I was a bit disappointed with this issue.  Too much product review and not very interesting articles.,Hope the next issue will be better. I was a bit disappointed with this issue. Too much product review and not very interesting articles.
train,3015,"I purchased this as a fundraiser...didn't realize it was a ""digital"" edition.  I don't care for it at all.  down $ 20","I purchased this as a fundraiser...didn't realize it was a ""digital"" edition. I don't care for it at all. down $ 20"
train,3016,"This magazine just doesn't contain much photo content. I would have liked more issues and more content in each issue.
Generally speaking,  I was disappointed.","This magazine just doesn't contain much photo content. I would have liked more issues and more content in each issue. Generally speaking, I was disappointed."
train,3020,Informative and well-written publication.  Very good articles and reviews.,Informative and well-written publication. Very good articles and reviews.
train,3024,Photography magazines offer a great learning experience. This one is no exception. Even the advertising shows great photography.  These always arrived timely in great condition.,Photography magazines offer a great learning experience. This one is no exception. Even the advertising shows great photography. These always arrived timely in great condition.
train,3025,I'm trying to give Woman's Day the benefit of the doubt......too many ads so far...not much reading.  Will have to see what other issues are like.,I'm trying to give Woman's Day the benefit of the doubt......too many ads so far...not much reading. Will have to see what other issues are like.
train,3026,Great magazine and quick handling.  A great way to purchase.,Great magazine and quick handling. A great way to purchase.
train,3029,Trying to cancel this subscription.  Same every month--just different recipes.  Not much to it.,Trying to cancel this subscription. Same every month--just different recipes. Not much to it.
train,3033,Not enough content of food and other interesting articles for me.  I mainly went to the mag for Clinton Kellys info which was a short piece.  I probably would not subscribe,Not enough content of food and other interesting articles for me. I mainly went to the mag for Clinton Kellys info which was a short piece. I probably would not subscribe
train,3036,Lots of great on useful information and tips.  I always find great things to clip and save from each magazine.,Lots of great on useful information and tips. I always find great things to clip and save from each magazine.
train,3037,"Super Magazine for Homemakers!
Very good articles.  Excellent recipes. Lots of good tips and suggestions for decorating the home. Reasonably priced fashions",Super Magazine for Homemakers! Very good articles. Excellent recipes. Lots of good tips and suggestions for decorating the home. Reasonably priced fashions
train,3038,"I like this magazine for the recipes. I want quick, great tasting, easy to prepare recipes.  Life is good when the family gets great taste and I get out of the kitchen.","I like this magazine for the recipes. I want quick, great tasting, easy to prepare recipes. Life is good when the family gets great taste and I get out of the kitchen."
train,3040,Rehash of old recipes and household hints.  Would not read it even if it is given to me.  Waste of my time.,Rehash of old recipes and household hints. Would not read it even if it is given to me. Waste of my time.
train,3042,I think magazine these days just have too many advertizements and so few other content to look at.  The ads in this magazine have too many also.,I think magazine these days just have too many advertizements and so few other content to look at. The ads in this magazine have too many also.
train,3044,"Would rather have the magazine in my hands
Would not buy another magazine. Sorry just
did not enjoy it. just me!",Would rather have the magazine in my hands Would not buy another magazine. Sorry just did not enjoy it. just me!
train,3046,Best writing around.  Much nicer companion than the New Yorker.,Best writing around. Much nicer companion than the New Yorker.
train,3053,"Love the Atlantic, great writing and great subjects.  Enjoy each issue.","Love the Atlantic, great writing and great subjects. Enjoy each issue."
train,3055,"Enjoyed the diversity of topics, and the well written articles.  Gave me pause for thought.  Look forward to the next issue.","Enjoyed the diversity of topics, and the well written articles. Gave me pause for thought. Look forward to the next issue."
train,3056,This magazine was a great Kindle read one afternoon with reading time!  The formatting for the kindle was also excellent.,This magazine was a great Kindle read one afternoon with reading time! The formatting for the kindle was also excellent.
train,3057,Great writing by insightful and thought provoking people.  And now I can get it on my Kindle. I love this magazine.,Great writing by insightful and thought provoking people. And now I can get it on my Kindle. I love this magazine.
train,3058,"The September issue has been out for a week or two, and still no kindle edition.  Definitely not ""auto-delivered wirelessly when the physical issue hits the newsstand.""","The September issue has been out for a week or two, and still no kindle edition. Definitely not ""auto-delivered wirelessly when the physical issue hits the newsstand."""
train,3069,"I did not receive it!  If I did, where is it?  I subscribed to this magazine because I love all thing ""Elle.""","I did not receive it! If I did, where is it? I subscribed to this magazine because I love all thing ""Elle."""
train,3073,"This magazine gives great ideas and inspiration for design and decor.
It is, by far my favorite decorating magazine ever!","This magazine gives great ideas and inspiration for design and decor. It is, by far my favorite decorating magazine ever!"
train,3077,"The magazine has great, up to date ideas for all parts of your house - inside and out!  Love it.","The magazine has great, up to date ideas for all parts of your house - inside and out! Love it."
train,3078,If you are like me there is no such thing as too many decorating magazines.  I have subscribed to this one for years and it is well worth the price.,If you are like me there is no such thing as too many decorating magazines. I have subscribed to this one for years and it is well worth the price.
train,3081,"It is not the magazine of old.  So many advertisement
 No crafts like the old magazine had and just plain dissatisfied",It is not the magazine of old. So many advertisement No crafts like the old magazine had and just plain dissatisfied
train,3085,I enjoyed this issue very much and I am looking forward to seeing more.  Will probably purchase this for my daughter also.,I enjoyed this issue very much and I am looking forward to seeing more. Will probably purchase this for my daughter also.
train,3093,"Very disappointed with TV guide magazine. I don't know when it changed but it no longer lists complete TV programming,only prime time.
It should change it's name to TV News.","Very disappointed with TV guide magazine. I don't know when it changed but it no longer lists complete TV programming,only prime time. It should change it's name to TV News."
train,3094,Wanted the magazine got the kindle version which I know I did not order since I didn't have a kindle .  Pretty disgusted,Wanted the magazine got the kindle version which I know I did not order since I didn't have a kindle . Pretty disgusted
train,3099,It was never on my kindle and the guide was no help for me.  It did not list daytime shows and I did not like the format.,It was never on my kindle and the guide was no help for me. It did not list daytime shows and I did not like the format.
train,3105,Good ideas in the first issue. I'm  impressed and anxious for future issues!,Good ideas in the first issue. I'm impressed and anxious for future issues!
train,3106,"I DO NOT LIKE THE FORMAT, I THINK IT IS COMPLICATED AND SHOULD BE SPREAD OUT MORE AND NOT SO BUNDLED UP.  LIKE THE VERY OLD TV GUIDE USED TO BE","I DO NOT LIKE THE FORMAT, I THINK IT IS COMPLICATED AND SHOULD BE SPREAD OUT MORE AND NOT SO BUNDLED UP. LIKE THE VERY OLD TV GUIDE USED TO BE"
train,3110,Was very disappointed with the magazine.  Had no information about any local programs. Will not order again.,Was very disappointed with the magazine. Had no information about any local programs. Will not order again.
train,3113,"print almost unreadable on Kindle, and lack of a search seriously complicates finding the programs and channels I want.  I won't subscribe.  LSB","print almost unreadable on Kindle, and lack of a search seriously complicates finding the programs and channels I want. I won't subscribe. LSB"
train,3119,Quite disappointed because it doesn't have all the tv's listing and no morning guide.  Waste of money.,Quite disappointed because it doesn't have all the tv's listing and no morning guide. Waste of money.
train,3121,Very disappointing.  Not like the original TV GUIDE.  No daily listings.  My 90 year old mom found it useless.,Very disappointing. Not like the original TV GUIDE. No daily listings. My 90 year old mom found it useless.
train,3125,This is not the magazine it was years ago.  I would not subscribe if it was free.  Just something else to recycle.,This is not the magazine it was years ago. I would not subscribe if it was free. Just something else to recycle.
train,3128,"I love Vegetarian Times - great recipes, relevant stories/articles, good stuff.  Its one of those subscriptions that I will have forever - its great!","I love Vegetarian Times - great recipes, relevant stories/articles, good stuff. Its one of those subscriptions that I will have forever - its great!"
train,3130,They ignored my request to cancel and  continue to deliver an unwanted item and billing me as well.,They ignored my request to cancel and continue to deliver an unwanted item and billing me as well.
train,3131,"only shows week day programs
canceled the subscription",only shows week day programs canceled the subscription
train,3132,"a gift for my daughter,  She said the recipes look great and will try them in the near future. Thaks","a gift for my daughter, She said the recipes look great and will try them in the near future. Thaks"
train,3134,"I think the TV guide should tell us what is on during the day and early morning, people work various shifts and not just evening.
Why is this??","I think the TV guide should tell us what is on during the day and early morning, people work various shifts and not just evening. Why is this??"
train,3135,i have not yet received  the subscription? how long does it take before it starts coming???? am still waiting for it to come,i have not yet received the subscription? how long does it take before it starts coming???? am still waiting for it to come
train,3144,"First time ordering Southern Living.  Has many, many advertisements and a few recipes.  I am disappointed in this magazine.","First time ordering Southern Living. Has many, many advertisements and a few recipes. I am disappointed in this magazine."
train,3149,I love this magazine - my husband is vegan and I have found fabulous recipes.  I also love to see the wonderful pictures.,I love this magazine - my husband is vegan and I have found fabulous recipes. I also love to see the wonderful pictures.
train,3151,Love this magazine.  This was my first time ordering a subscription from Amazon and I was very pleased with the speed of delivery.  Thanks!,Love this magazine. This was my first time ordering a subscription from Amazon and I was very pleased with the speed of delivery. Thanks!
train,3153,Excellent  Service .  I am very pleased.,Excellent Service . I am very pleased.
train,3155,There are no channel #'s next to the programs and the programs start at 6 or 7 pm.  I am very dissapointed with the TV Guide and  won't re-order it.,There are no channel #'s next to the programs and the programs start at 6 or 7 pm. I am very dissapointed with the TV Guide and won't re-order it.
train,3157,"I have not yet received a single issue of this magazine. I am still waiting, but I did see that the fees for the magazine went out of my card.
This is bad!","I have not yet received a single issue of this magazine. I am still waiting, but I did see that the fees for the magazine went out of my card. This is bad!"
train,3163,I love Southern Living magazine.  You can't beat the price through Amazon.  Being from the south it is such a joy to look through the recipes and look at the wonderful gardens.,I love Southern Living magazine. You can't beat the price through Amazon. Being from the south it is such a joy to look through the recipes and look at the wonderful gardens.
train,3166,"We did pay for it twice, and it only show evening programs.  We do not like this at all.","We did pay for it twice, and it only show evening programs. We do not like this at all."
train,3168,You can't beat this price for this subscription.  I love getting it on my kindle.,You can't beat this price for this subscription. I love getting it on my kindle.
train,3173,Excellent magazine.  WE love all things southern and miss not living in the south so this really helps!!!,Excellent magazine. WE love all things southern and miss not living in the south so this really helps!!!
train,3174,"Waste of my money. Doesn't, even offer daytime listings  not even for weekends. I live in Mountain time zone but this guide is for
East coast central. TOTAL WASTE OF MONEY!!!","Waste of my money. Doesn't, even offer daytime listings not even for weekends. I live in Mountain time zone but this guide is for East coast central. TOTAL WASTE OF MONEY!!!"
train,3176,NEVER  got  one issue.  pjs,NEVER got one issue. pjs
train,3178,Our daily paper often differs from what is listed in TV Guide.  And  it's usually correct. Why is this?  I can't rely on the TV Guide listings.,Our daily paper often differs from what is listed in TV Guide. And it's usually correct. Why is this? I can't rely on the TV Guide listings.
train,3179,length of time for renewal to kick in seems quite long given today's technology.  price isn't as reasonable either since we are paying more than last year.,length of time for renewal to kick in seems quite long given today's technology. price isn't as reasonable either since we are paying more than last year.
train,3180,"Never a problem with issues, when I renew through Amazon for the past three [3] years.  Highly recommend magazine renewals.","Never a problem with issues, when I renew through Amazon for the past three [3] years. Highly recommend magazine renewals."
train,3182,"Not current show times.  Only shows from 7pm posted,  Not useful.  Not easy to use. Very disappointed.  Needs to more like old TV Guide.","Not current show times. Only shows from 7pm posted, Not useful. Not easy to use. Very disappointed. Needs to more like old TV Guide."
train,3184,I love this magazine.  I have been getting it for years.,I love this magazine. I have been getting it for years.
train,3185,I tried to subscribe.  I never received anything but the first issue.  This does me no good.  What a waste!,I tried to subscribe. I never received anything but the first issue. This does me no good. What a waste!
train,3189,great buy on an essential magazine for TV viewing.  I will auto-renew every year through Amazon.  Husband and I share it.,great buy on an essential magazine for TV viewing. I will auto-renew every year through Amazon. Husband and I share it.
train,3190,Great articles.  Interesting read. Thanks the digital version for Android.,Great articles. Interesting read. Thanks the digital version for Android.
train,3194,"I don't want nto auto enew. It is no value to me. Please cancel it. it is a worhless magazine.

Sincerly John McKean",I don't want nto auto enew. It is no value to me. Please cancel it. it is a worhless magazine. Sincerly John McKean
train,3199,"Often the listings are incorrect. In addition, there is no general daytime schedule for the weekdays or for the  weekend.","Often the listings are incorrect. In addition, there is no general daytime schedule for the weekdays or for the weekend."
train,3201,"Not accurate, some shows play at times not listed.  Far too much advertising and B.S.
It's a good thing the price was low.","Not accurate, some shows play at times not listed. Far too much advertising and B.S. It's a good thing the price was low."
train,3202,"I buy this yearly for my mother who depends on her TV for much of her entertainment.
I know she really enjoys it and is commenting on many of the articles.",I buy this yearly for my mother who depends on her TV for much of her entertainment. I know she really enjoys it and is commenting on many of the articles.
train,3204,"I was very disappointed. More than half  of the magazine would not download after waiting for 24 hours. I cancelled the subscription .
.
.",I was very disappointed. More than half of the magazine would not download after waiting for 24 hours. I cancelled the subscription . . .
train,3208,"Best magazine ever!!  Love, love the recipes!  Thank you Southern Living! Have subscribed forever and never get rid is any of them.","Best magazine ever!! Love, love the recipes! Thank you Southern Living! Have subscribed forever and never get rid is any of them."
train,3209,One of my favorite magazines.  I always sit down within an hour of delivery to view the images and read the articles,One of my favorite magazines. I always sit down within an hour of delivery to view the images and read the articles
train,3214,Mostly Ads.  Not a very interesting magazine.  I will not renew.,Mostly Ads. Not a very interesting magazine. I will not renew.
train,3216,"I'm just taking my chances with finding something on TV.  Subscription process was ridiculously complex, tried three times to get it started and never happened.","I'm just taking my chances with finding something on TV. Subscription process was ridiculously complex, tried three times to get it started and never happened."
train,3220,Paid too much for Guide. Others have lower prices for the same subscription.  Should have does additional shopping.  Guide is as advertised.,Paid too much for Guide. Others have lower prices for the same subscription. Should have does additional shopping. Guide is as advertised.
train,3222,Gift for my niece who is a cat fanatic - she loves it.  Thanks for the great deal!,Gift for my niece who is a cat fanatic - she loves it. Thanks for the great deal!
train,3223,"The main reason I wanted TV Guide was to get advance notice as to when TV shows would be coming on.  TV Guide is not very accurate on this especially on their ""double"" issues.","The main reason I wanted TV Guide was to get advance notice as to when TV shows would be coming on. TV Guide is not very accurate on this especially on their ""double"" issues."
train,3224,every week my tv guide arrives late.  if this continues I will cancel my order and just buy it at the local market.,every week my tv guide arrives late. if this continues I will cancel my order and just buy it at the local market.
train,3229,I subscribed for years but doesn't live up to its name anymore.  Very limited television show listings - covers prime time only and limited channels.  Not very useful.,I subscribed for years but doesn't live up to its name anymore. Very limited television show listings - covers prime time only and limited channels. Not very useful.
train,3230,We are cat lovers and thoroughly enjoy the magazine.  We read every article in every issue really love them.  There is always something new to learn and something to laugh at.,We are cat lovers and thoroughly enjoy the magazine. We read every article in every issue really love them. There is always something new to learn and something to laugh at.
train,3237,My Southern Living  arrived quickly. Wonderful value for those of us who love Southern Living. Everyone have a Blessed Day.,My Southern Living arrived quickly. Wonderful value for those of us who love Southern Living. Everyone have a Blessed Day.
train,3238,"This is one magazine I simply can't live without.  Great places to go, wonderful decorating, recipes to save and the gardening is my favorite.","This is one magazine I simply can't live without. Great places to go, wonderful decorating, recipes to save and the gardening is my favorite."
train,3239,TV Guide is only available in Kindle Fire.  It would be nice if I could get it on my Kindle 3.  What a shame.,TV Guide is only available in Kindle Fire. It would be nice if I could get it on my Kindle 3. What a shame.
train,3240,I love cats!  I love Catster!  I was able to snag this magazine at an amazing price!  I look forward to receiving my issues of this magazine!!!,I love cats! I love Catster! I was able to snag this magazine at an amazing price! I look forward to receiving my issues of this magazine!!!
train,3244,I went to the TV Guide website directly and paid $16.50 for 56 issues!!  How can you charge $39.95??  Not good.,I went to the TV Guide website directly and paid $16.50 for 56 issues!! How can you charge $39.95?? Not good.
train,3245,"Want to cancel this order within 3 hours of placing it.
Told I CAN NOT cancel.
WHY NOT?????",Want to cancel this order within 3 hours of placing it. Told I CAN NOT cancel. WHY NOT?????
train,3246,I ordered the tv guide on October 10th.  It is November 20th and I have yet to receive the product.,I ordered the tv guide on October 10th. It is November 20th and I have yet to receive the product.
train,3247,I have not yet received this item!!!!  It was ordered almost two months ago and yet to receive a copy!,I have not yet received this item!!!! It was ordered almost two months ago and yet to receive a copy!
train,3249,Why have I not rec'd this product?  When will I rec this item.  This is a great magazine but what happened?????,Why have I not rec'd this product? When will I rec this item. This is a great magazine but what happened?????
train,3250,I ordered a subscription for a co-worker as part of our Secret Santa exchange.  She was so excited to get it and has made some of the recipes to share at the office!,I ordered a subscription for a co-worker as part of our Secret Santa exchange. She was so excited to get it and has made some of the recipes to share at the office!
train,3252,"Daughter-in-law loved this.  Great tips on decorating, cooking, recipes.  I did flip through one of her copies.  Would probably order another sub. for her,","Daughter-in-law loved this. Great tips on decorating, cooking, recipes. I did flip through one of her copies. Would probably order another sub. for her,"
train,3254,I am looking forward to receiving the magazine and am surprised it hasn't been sent yet.  That is my only disappointment.,I am looking forward to receiving the magazine and am surprised it hasn't been sent yet. That is my only disappointment.
train,3255,I still haven't seen a magazine and I think I've been taken.  Don't waste your money on this vendor. It's a con.  I wish I could have given NO STARS.,I still haven't seen a magazine and I think I've been taken. Don't waste your money on this vendor. It's a con. I wish I could have given NO STARS.
train,3256,Have not received nagazine yet - waiting for first issue to be delivered.  But we are confident that the product will be well received.,Have not received nagazine yet - waiting for first issue to be delivered. But we are confident that the product will be well received.
train,3257,"My favorite magazine ever,  Has food, planting ideas, house decorating ideas, house plans, book reviews.  A little of everything for the southerner.","My favorite magazine ever, Has food, planting ideas, house decorating ideas, house plans, book reviews. A little of everything for the southerner."
train,3259,"I like southern Living, but I haven't received the 1st issue yet. Please check and see when it will begin.
Thank You","I like southern Living, but I haven't received the 1st issue yet. Please check and see when it will begin. Thank You"
train,3260,I guess cooking light means cooking yuk.  I haven't found one recipe in months that I would even bother to make.  Frankly they can't stop send this magazine soon enough.,I guess cooking light means cooking yuk. I haven't found one recipe in months that I would even bother to make. Frankly they can't stop send this magazine soon enough.
train,3263,Not happy with this magazine.  Trying to switch it with something else.  Don't want this anymore!,Not happy with this magazine. Trying to switch it with something else. Don't want this anymore!
train,3267,I have the first magazine and was a little disappointed in it.  Won't renew it,I have the first magazine and was a little disappointed in it. Won't renew it
train,3272,"Love Cooking LIght.  Great recipes, that are easy, with ingredients everyone can purchase at their local store.  Yummy!","Love Cooking LIght. Great recipes, that are easy, with ingredients everyone can purchase at their local store. Yummy!"
train,3277,"I really enjoyed the articles and I plan on trying some of the recipes.

Very nice.

Best regards,
S.Porter","I really enjoyed the articles and I plan on trying some of the recipes. Very nice. Best regards, S.Porter"
train,3286,It's great to have Cooking Light on my Kindle!  It's so much easier than using the magazine.  Less messy--don't you think!,It's great to have Cooking Light on my Kindle! It's so much easier than using the magazine. Less messy--don't you think!
train,3287,can't see the whole magazine on my kindle.  some pages are black with a spinning circle promising a download that never arrives.,can't see the whole magazine on my kindle. some pages are black with a spinning circle promising a download that never arrives.
train,3288,I ordered this on 11/12/09.  Today is 2/03/10 aand I still have not received an issue.,I ordered this on 11/12/09. Today is 2/03/10 aand I still have not received an issue.
train,3289,I've been a subscriber for many years.  The recipes make it easy to provide delicious food with nutritional balance.,I've been a subscriber for many years. The recipes make it easy to provide delicious food with nutritional balance.
train,3294,"Slate does a poor job in sending content via Kindle. Stories repeat, and there is very poor organization.  This takes away several points.","Slate does a poor job in sending content via Kindle. Stories repeat, and there is very poor organization. This takes away several points."
train,3296,Love Dogster for it's information and photos. I pass it on to other friends to read!  I recommend it for any dog lover.,Love Dogster for it's information and photos. I pass it on to other friends to read! I recommend it for any dog lover.
train,3297,Great articles and interesting stuff to read.  I enjoy this magazine.,Great articles and interesting stuff to read. I enjoy this magazine.
train,3302,"I was excited about getting this.  But since January, I've only received one issue.  I'm kind of disappointed in that.","I was excited about getting this. But since January, I've only received one issue. I'm kind of disappointed in that."
train,3303,This magazine has nothing to offer healthy happy teenagers  It is a disgusting magazine.  Boring .,This magazine has nothing to offer healthy happy teenagers It is a disgusting magazine. Boring .
train,3305,"They regularly run articles promoting, normalizing and facetiously advising on abortion for teenagers.  Not something I will EVER let a daughter read.","They regularly run articles promoting, normalizing and facetiously advising on abortion for teenagers. Not something I will EVER let a daughter read."
train,3308,"Bought for a 14 year old - she doesnt care for the mag. at all.  Too many ads, and fashion that is not realistic for young teens - cost and modesty too.","Bought for a 14 year old - she doesnt care for the mag. at all. Too many ads, and fashion that is not realistic for young teens - cost and modesty too."
train,3311,Would not recommend!  Very dissappointed in the magazine. I cancelled It.  It is all product advertisement. Good if you are looking for product choices.,Would not recommend! Very dissappointed in the magazine. I cancelled It. It is all product advertisement. Good if you are looking for product choices.
train,3323,"i renewed thinking it was extending my current issue, instead, i am getting duplicate issues. not happy with it.i probably will let my subscriptions  expire.","i renewed thinking it was extending my current issue, instead, i am getting duplicate issues. not happy with it.i probably will let my subscriptions expire."
train,3328,"I haven't receive any issues yet, though I've been looking. What's up ?  You are getting a bit pushy and confusing  se ya","I haven't receive any issues yet, though I've been looking. What's up ? You are getting a bit pushy and confusing se ya"
train,3332,Just received my first issue...earlier than expected...enjoy this magazine much!  I like reading issues from a man's point of view.,Just received my first issue...earlier than expected...enjoy this magazine much! I like reading issues from a man's point of view.
train,3334,Way too many ads.  Made it difficult to find articles.  Super heady cologne ads for men's fragrances stayed on hands and clothes.  Found one good article.,Way too many ads. Made it difficult to find articles. Super heady cologne ads for men's fragrances stayed on hands and clothes. Found one good article.
train,3340,I have been billed but don't have the magazine on my Android tablet yet.  they are trying to help me.,I have been billed but don't have the magazine on my Android tablet yet. they are trying to help me.
train,3344,"come on TIME magazine...i want to subscribe...but i have a kindle fire!  Available on all other types of kindles,,,how come not the fire?","come on TIME magazine...i want to subscribe...but i have a kindle fire! Available on all other types of kindles,,,how come not the fire?"
train,3345,And this periodical is thin on content.  A half dozen items and that's it.  Now if I can just figure out how to cancel before the 14 days is up.,And this periodical is thin on content. A half dozen items and that's it. Now if I can just figure out how to cancel before the 14 days is up.
train,3347,"No pictures (some present), awkward table of content.  In all, very unpleasant to read in Kindle format.","No pictures (some present), awkward table of content. In all, very unpleasant to read in Kindle format."
train,3350,Didn't even after complaint  put entire address on label so my son only got 1.thanks for wasting my money,Didn't even after complaint put entire address on label so my son only got 1.thanks for wasting my money
train,3352,My husband loves this magazine.  He can't wait for it to arrive every month.  It is the first thing he reads when a new one comes in the mail.,My husband loves this magazine. He can't wait for it to arrive every month. It is the first thing he reads when a new one comes in the mail.
train,3358,Tired of depressing news all the time?  Then this is for you.  Fresh new ideas and inventions.  I love it.  Something positive about our future.,Tired of depressing news all the time? Then this is for you. Fresh new ideas and inventions. I love it. Something positive about our future.
train,3362,Love having a subscription to this beautifully made and inspiring magazine.  There are tons of recipes and decorating ideas.,Love having a subscription to this beautifully made and inspiring magazine. There are tons of recipes and decorating ideas.
train,3366,"Very much enjoyed our first issue of Tea Time. Some great ideas for enjoying tea ourselves and
sharing a ""Tea party"" with some folks at the nursing home.","Very much enjoyed our first issue of Tea Time. Some great ideas for enjoying tea ourselves and sharing a ""Tea party"" with some folks at the nursing home."
train,3368,i love this magazine.  I especially love all of the recipes in it.  I enjoy it every month.  I highly suggest it,i love this magazine. I especially love all of the recipes in it. I enjoy it every month. I highly suggest it
train,3374,Not sure as I have yet to receive a copy.  It is very hard to fairly judge a magazine or anything for that matter when not one magazine has arrived.,Not sure as I have yet to receive a copy. It is very hard to fairly judge a magazine or anything for that matter when not one magazine has arrived.
train,3375,"I tried contacting them about no magazine being rceived, but there was no response.  They never sent me anything, They just kept my money.  Bob Benson","I tried contacting them about no magazine being rceived, but there was no response. They never sent me anything, They just kept my money. Bob Benson"
train,3379,thought i was purchasing people magazine.  nothing but advertizing,thought i was purchasing people magazine. nothing but advertizing
train,3387,"I was looking forward to this magazine.  However, it is well past the date I was given for delivery and I still have not received it.","I was looking forward to this magazine. However, it is well past the date I was given for delivery and I still have not received it."
train,3388,I would love to review this as requested but I have not received the magazine.  It was ordered 11/30/09.  Today is 2/1/10.  Should I not have received the first magazine by now?,I would love to review this as requested but I have not received the magazine. It was ordered 11/30/09. Today is 2/1/10. Should I not have received the first magazine by now?
train,3391,High priced for a very thin paper flyer in my opinion.  This is not a bound magazine like a regular National Geographic is so I was a bit disappointed since the price is higher.,High priced for a very thin paper flyer in my opinion. This is not a bound magazine like a regular National Geographic is so I was a bit disappointed since the price is higher.
train,3393,My granddaughter loves all of these National Geographic Little Kids books!!  I have them all!!  They are so colorful and informative!!  Love Love Love them!!!,My granddaughter loves all of these National Geographic Little Kids books!! I have them all!! They are so colorful and informative!! Love Love Love them!!!
train,3395,My 3-year old grandson LOVED it.  He brought it to pre-school to read to his class at share time. Yeah! Its exactly what a Grammy wanted.,My 3-year old grandson LOVED it. He brought it to pre-school to read to his class at share time. Yeah! Its exactly what a Grammy wanted.
train,3396,Purchased for grand kids.  They love it !  That makes me happy.,Purchased for grand kids. They love it ! That makes me happy.
train,3397,Just right for kids from K-2.  Perfect size for a child to hold and flip through the pages of the magazine.  Great information and reading development.  Highly recommend.,Just right for kids from K-2. Perfect size for a child to hold and flip through the pages of the magazine. Great information and reading development. Highly recommend.
train,3400,A great motivator for pre-schoolers and he loved receiving his own mail.  My grandson was doing book reports on the articles at 3 years old.,A great motivator for pre-schoolers and he loved receiving his own mail. My grandson was doing book reports on the articles at 3 years old.
train,3403,the nation is probably one of the poorist publications i have read to date.  do not waste your time on this .,the nation is probably one of the poorist publications i have read to date. do not waste your time on this .
train,3408,"The Nation publishes well-written carefully thought-out articles about subjects one has a
responsibility to know more about. They are committed.",The Nation publishes well-written carefully thought-out articles about subjects one has a responsibility to know more about. They are committed.
train,3414,My all time favorite.  Best articles  good variety.,My all time favorite. Best articles good variety.
train,3419,Reader's Digest has always a good magazine with relevant material.  It still is today and the Kindle version is just as good.  Very clean design.,Reader's Digest has always a good magazine with relevant material. It still is today and the Kindle version is just as good. Very clean design.
train,3420,I love it!  Just how I remember it from my younger years. Entertaining and informative and heartwarming stories. One of my favorites of all time!,I love it! Just how I remember it from my younger years. Entertaining and informative and heartwarming stories. One of my favorites of all time!
train,3423,I guess that I thought Readers Digest would follow page by page the published magazine and it didn't.  I found it hard to read and understand the format.,I guess that I thought Readers Digest would follow page by page the published magazine and it didn't. I found it hard to read and understand the format.
train,3426,Why is a hard copy subscription $10/year and the e version 1.50/month.  Seems backwards to me. Shouldn't the e version be less expensive.  No mailing etc.,Why is a hard copy subscription $10/year and the e version 1.50/month. Seems backwards to me. Shouldn't the e version be less expensive. No mailing etc.
train,3427,"I have a subscription for the Digest, but for some strange reason, I have yet to receive January 2010.  I am not happy about this.","I have a subscription for the Digest, but for some strange reason, I have yet to receive January 2010. I am not happy about this."
train,3431,"I renewed a subscription for someone on your ""renew site"" and now the magazine comes to me instead of the gift recipient.  Not good.","I renewed a subscription for someone on your ""renew site"" and now the magazine comes to me instead of the gift recipient. Not good."
train,3433,I was not impressed with the magazine and deleted it from my kindle.  It gave me no new info.....,I was not impressed with the magazine and deleted it from my kindle. It gave me no new info.....
train,3434,"very good source for a beginning beader! articles are clear and easy to understand, would recommed  this magazine to friends","very good source for a beginning beader! articles are clear and easy to understand, would recommed this magazine to friends"
train,3436,Didn't like this.  It was dated and the patterns were old.  It felt like it was something from the 80's.  Not for me.,Didn't like this. It was dated and the patterns were old. It felt like it was something from the 80's. Not for me.
train,3438,Absolute best magazine available today.  I eagerly await each issue.,Absolute best magazine available today. I eagerly await each issue.
train,3443,One of my favorite magazines.  I'm trying to move to digital editions of my best-loved magazines because the paper ones have piled up.,One of my favorite magazines. I'm trying to move to digital editions of my best-loved magazines because the paper ones have piled up.
train,3449,Not a very good magazine.  It is obvious why they don't have advertisers.  Who would advertise in a magazine this boring.,Not a very good magazine. It is obvious why they don't have advertisers. Who would advertise in a magazine this boring.
train,3451,Best motorcycle magazine.  Objective and truthful source of information about all things motorcycle.,Best motorcycle magazine. Objective and truthful source of information about all things motorcycle.
train,3454,"Best motorcycle magazine.  Best reviews, consistent criteria, no advertising revenues.","Best motorcycle magazine. Best reviews, consistent criteria, no advertising revenues."
train,3456,This is a great magazine if you love motorcycles.  Articles are interesting and very educational.  I have been receiving this magazine for 9 years and enjoy every issue.,This is a great magazine if you love motorcycles. Articles are interesting and very educational. I have been receiving this magazine for 9 years and enjoy every issue.
train,3461,"This magazine is so beautiful and sumptuous, I find myself wanting to jump into the pages and taking up residence.
Big A++","This magazine is so beautiful and sumptuous, I find myself wanting to jump into the pages and taking up residence. Big A++"
train,3462,"This is one of my favorite decorating magazines! There are always interesting articles
and great inspiration for designing your home.
Enjoy!",This is one of my favorite decorating magazines! There are always interesting articles and great inspiration for designing your home. Enjoy!
train,3468,I love this magazine.  I read it cover to cover as soon as it comes.  The ideas are inspiring and the how-to directions easy to follow.  Definitely a keeper,I love this magazine. I read it cover to cover as soon as it comes. The ideas are inspiring and the how-to directions easy to follow. Definitely a keeper
train,3478,"My absolute favorite magazine.  The articles are helpful, relevant and short.  I always read it the minute it comes because the front always intrigues me.","My absolute favorite magazine. The articles are helpful, relevant and short. I always read it the minute it comes because the front always intrigues me."
train,3482,Did not tell me up front that it was an automatic renewal.  Not pleased!!!,Did not tell me up front that it was an automatic renewal. Not pleased!!!
train,3484,"This was a great Magazine when  a couple years ago.  Now the coupons are practically worthless and when the subscription expires, it won't be renewed.","This was a great Magazine when a couple years ago. Now the coupons are practically worthless and when the subscription expires, it won't be renewed."
train,3486,"This is the best magazine for women.  Love that it has informative articles, great tips and tons of coupons. Can't wait to receive my next magazine.  A great magazine for women.","This is the best magazine for women. Love that it has informative articles, great tips and tons of coupons. Can't wait to receive my next magazine. A great magazine for women."
train,3489,"The articles were boring and most of the coupons were not for things I would buy.  At 20 bucks, it is a waste of my money.","The articles were boring and most of the coupons were not for things I would buy. At 20 bucks, it is a waste of my money."
train,3492,"I just love this magazine!!
Great Coupons, helpful cleaning/organizing tips & great recipes!!
This is one of the good ones out there!","I just love this magazine!! Great Coupons, helpful cleaning/organizing tips & great recipes!! This is one of the good ones out there!"
train,3495,"With a busy schedule, I really enjoy the articles because they are short but informative and interesting.  I also enjoy all of the recipes they offer.","With a busy schedule, I really enjoy the articles because they are short but informative and interesting. I also enjoy all of the recipes they offer."
train,3496,I like the magazine I looked at my daughters several times and decided to order it for myself.  Thanks for printing it,I like the magazine I looked at my daughters several times and decided to order it for myself. Thanks for printing it
train,3498,This magazine is worth every penney with the great money saving tips and large selection of coupons in it.  It is the best magazine a woman can purchase!,This magazine is worth every penney with the great money saving tips and large selection of coupons in it. It is the best magazine a woman can purchase!
train,3499,"All You magazine is packed with savings deals and is totally worth the money.  It took a while to arrive, but I'm happy for the assortment of savings that I've found inside!","All You magazine is packed with savings deals and is totally worth the money. It took a while to arrive, but I'm happy for the assortment of savings that I've found inside!"
train,3500,I have yet to receive my first issue!  When does this come?  I hope I get it at all......,I have yet to receive my first issue! When does this come? I hope I get it at all......
train,3505,how wonderful not to go out in ice and snow this winter for my daily newspaper.  i love my kindle!,how wonderful not to go out in ice and snow this winter for my daily newspaper. i love my kindle!
train,3506,He says no torture for isis but then advocates for torture of republican reps women and children.  The very definition of fake news.  Amazon should delist,He says no torture for isis but then advocates for torture of republican reps women and children. The very definition of fake news. Amazon should delist
train,3507,Sucks  for libtards only,Sucks for libtards only
train,3509,"A compilation of opinions,  Very wordy with not so many facts.","A compilation of opinions, Very wordy with not so many facts."
train,3518,I've read similar issue articles in other publications.  Very disappointed that writer's opinion is forefront and central to the articles throughout the magazine.,I've read similar issue articles in other publications. Very disappointed that writer's opinion is forefront and central to the articles throughout the magazine.
train,3519,"I'm a Newsweek fan however, the photography is blurry and detracts from the articles,  dumped this before they could send me another free one.","I'm a Newsweek fan however, the photography is blurry and detracts from the articles, dumped this before they could send me another free one."
train,3520,The 14-day free trial seemed so easy until I realized that unsubscribing is a secret not told on the Kindle.  Am I doomed to receive this abreviated Newsweek forever?,The 14-day free trial seemed so easy until I realized that unsubscribing is a secret not told on the Kindle. Am I doomed to receive this abreviated Newsweek forever?
train,3521,"I have never received a single issue and nobody has solved my problem in the 9 months I have had my ""subscription"" with them.  Just save your money and avoid it.","I have never received a single issue and nobody has solved my problem in the 9 months I have had my ""subscription"" with them. Just save your money and avoid it."
train,3522,This is my 11 year old son's favorite magazine.  HE reads it cover to cover when it arrives and keeps it for review.  Love the extras (posters) that come sometimes too.,This is my 11 year old son's favorite magazine. HE reads it cover to cover when it arrives and keeps it for review. Love the extras (posters) that come sometimes too.
train,3532,excellent business and economics magazine with little political bias.  In depth articles and has helped me to understand investing well.,excellent business and economics magazine with little political bias. In depth articles and has helped me to understand investing well.
train,3536,"Just developed an interest in yoga, and found this as a source.  Easy explanation of everything!","Just developed an interest in yoga, and found this as a source. Easy explanation of everything!"
train,3539,It seems like I'm missing the  January issue... i like yoga journal kindle version but want to receive what I paid for.,It seems like I'm missing the January issue... i like yoga journal kindle version but want to receive what I paid for.
train,3541,A lot of advertising pages fee real content ,A lot of advertising pages fee real content
train,3545,Bought this for my daughter as she teaches yoga.  She loves the magazine.  Great ideas and helpful hints.,Bought this for my daughter as she teaches yoga. She loves the magazine. Great ideas and helpful hints.
train,3549,"Very happy to be receiving Yoga Journal again!  It's always an excellent inspiration for me to try new poses and get back on my mat.

Michele",Very happy to be receiving Yoga Journal again! It's always an excellent inspiration for me to try new poses and get back on my mat. Michele
train,3550,"Great value.  New practices, fantastic and well written articles that help me live my life mindfully. Learn more about your practice.","Great value. New practices, fantastic and well written articles that help me live my life mindfully. Learn more about your practice."
train,3555,My favorite periodical.  Beats the heck out of American versions.  Lots of content; little comparative advertising.  I look forward to it every time.  Worth the bucks.,My favorite periodical. Beats the heck out of American versions. Lots of content; little comparative advertising. I look forward to it every time. Worth the bucks.
train,3562,"WOW!!!!  You have a REAL WINNER HERE.  Perfect for the at home gourmet.  Wonderful, what took you so long.

GinGer - Hendersonville, North Carolina","WOW!!!! You have a REAL WINNER HERE. Perfect for the at home gourmet. Wonderful, what took you so long. GinGer - Hendersonville, North Carolina"
train,3564,Great price through Amazon!  Love Food Network magazine!,Great price through Amazon! Love Food Network magazine!
train,3569,"My subscription was automatically renewed, when I asked for a refund, I was given part back and now have a balance on my account.  I wanted all of it refunded.","My subscription was automatically renewed, when I asked for a refund, I was given part back and now have a balance on my account. I wanted all of it refunded."
train,3581,Just started a diet.  Would like to cancel this subscripton.,Just started a diet. Would like to cancel this subscripton.
train,3582,Very informative.  Love it!,Very informative. Love it!
train,3588,I  loved all the fantastic recipes!,I loved all the fantastic recipes!
train,3591,I love all the options to change my regular thanksgiving dinner!  It is laid out so it is very easy to read and the photographs of the food are beautiful,I love all the options to change my regular thanksgiving dinner! It is laid out so it is very easy to read and the photographs of the food are beautiful
train,3597,"My favorite subscription!  I love the 50 variations of a recipe booklet.
I love opening my mailbox to find this magazine waiting for me!",My favorite subscription! I love the 50 variations of a recipe booklet. I love opening my mailbox to find this magazine waiting for me!
train,3599,Love it.  One of my favorite magazines.,Love it. One of my favorite magazines.
train,3601,"If you like to cook, this is the only magazine you will need.  It is packed full of recipes.","If you like to cook, this is the only magazine you will need. It is packed full of recipes."
train,3604,I love the magazine  the person I bought the magazine for loves reading it.... just a great gift Idea....,I love the magazine the person I bought the magazine for loves reading it.... just a great gift Idea....
train,3606,First of all' I love Food Network and I look forward to the show all the time..  So I love this magazine.,First of all' I love Food Network and I look forward to the show all the time.. So I love this magazine.
train,3607,"Love this magazine.  I have tried several recipes from Food Network Magazine.  It's a great magazine, great ideas and the food is so good.","Love this magazine. I have tried several recipes from Food Network Magazine. It's a great magazine, great ideas and the food is so good."
train,3609,"I love this magazine so much! It makes me happy to see it in my mailbox each month.
I will get it every year!",I love this magazine so much! It makes me happy to see it in my mailbox each month. I will get it every year!
train,3610,Ordered this magazine for my daughter for Christmas. Always enjoyed this magazine when I would buy in  the store . Easy to order on line and have sent.,Ordered this magazine for my daughter for Christmas. Always enjoyed this magazine when I would buy in the store . Easy to order on line and have sent.
train,3611,"This was a gift for my husband.  He says it has more excellent recipes, good photography, and excellent design. He's VERY happy!","This was a gift for my husband. He says it has more excellent recipes, good photography, and excellent design. He's VERY happy!"
train,3612,not what I was hoping for at least this issue.  Too many ads and lifestyle articles.  It didn't have enough recipes,not what I was hoping for at least this issue. Too many ads and lifestyle articles. It didn't have enough recipes
train,3613,What a fun magazine to receive every month!  I love the recipes that are included each month and reading about the TV personalities who prepared them.,What a fun magazine to receive every month! I love the recipes that are included each month and reading about the TV personalities who prepared them.
train,3615,Awesome recipes with easy instructions and good pictures.  I can't wait to get this every month in my mailbox!!  Great addition to the food channel.,Awesome recipes with easy instructions and good pictures. I can't wait to get this every month in my mailbox!! Great addition to the food channel.
train,3616,I loved how thick the magazine was.  There are also lots of really useful articles.  This will help me cook a lot more dinners.,I loved how thick the magazine was. There are also lots of really useful articles. This will help me cook a lot more dinners.
train,3617,"Excellent magazine
Starting using the recipes as soon as I got it.
Fun to read and try all the ideas of cooking!!!!",Excellent magazine Starting using the recipes as soon as I got it. Fun to read and try all the ideas of cooking!!!!
train,3619,"Love this magazine!  The recipes are awesome.
This price was the best deal I've paid compared to past subscription Thanks!",Love this magazine! The recipes are awesome. This price was the best deal I've paid compared to past subscription Thanks!
train,3620,When I read this magazine I am always putting tabs on various recipes I will try.  I love this magazine!,When I read this magazine I am always putting tabs on various recipes I will try. I love this magazine!
train,3624,Love all the tips and new things to fix. Enjoy learning how the stars cook and do things.  All the recipes will keep me busy :),Love all the tips and new things to fix. Enjoy learning how the stars cook and do things. All the recipes will keep me busy :)
train,3625,"This is one of the best food magazines we have seen.
We look forward to every issue and save them for valuable recipes
and cooking instructions.",This is one of the best food magazines we have seen. We look forward to every issue and save them for valuable recipes and cooking instructions.
train,3626,"My favorite magazine now digital. Couldn't be happier. I have it on my kindle fire and it is flawless. Looks great,  easy to read!","My favorite magazine now digital. Couldn't be happier. I have it on my kindle fire and it is flawless. Looks great, easy to read!"
train,3628,"This magazine makes a great gift for friends and family.  They will be sure to love it.  If you are a perfectionist, I would recommend Cook's Illustrated magazine... it's awesome!","This magazine makes a great gift for friends and family. They will be sure to love it. If you are a perfectionist, I would recommend Cook's Illustrated magazine... it's awesome!"
train,3629,"If you like watching Food Network, you'll love this mazagine!  Great recipes and tips from your favorite Food Network stars!","If you like watching Food Network, you'll love this mazagine! Great recipes and tips from your favorite Food Network stars!"
train,3630,"IF YOU ENJOY COOKING AND BAKING AS I DO, YOU WILL LOVE
THE FOOD NETWORK MAGAZINE, I AM SO ADDICTED THAT I
REVIEW IT ON TV ALSO.","IF YOU ENJOY COOKING AND BAKING AS I DO, YOU WILL LOVE THE FOOD NETWORK MAGAZINE, I AM SO ADDICTED THAT I REVIEW IT ON TV ALSO."
train,3636,"Lots of flashy pictures, mostly ads, you have to wade through MANY pages of full-page ads before you find anything useful.  Very sorry I subscribed.","Lots of flashy pictures, mostly ads, you have to wade through MANY pages of full-page ads before you find anything useful. Very sorry I subscribed."
train,3638,"love, love, love this subscription!  usually, i tear out just a few recipes in cooking magazines.  not this one!  every page is full of great tips and recipes.","love, love, love this subscription! usually, i tear out just a few recipes in cooking magazines. not this one! every page is full of great tips and recipes."
train,3642,"I don't see why it wouldn't be, since it is available for all the other Kindles.  I'm sorry, but an app doesn't cut it.  I want it in my newsstand, please.","I don't see why it wouldn't be, since it is available for all the other Kindles. I'm sorry, but an app doesn't cut it. I want it in my newsstand, please."
train,3643,"What a waste..it did not reach my Kindle and I find no way to disput this issue.

Never again!",What a waste..it did not reach my Kindle and I find no way to disput this issue. Never again!
train,3646,In the current issue there is on Kindle no mention of the author of the cover review essay.  Vexing.  It is high time the ole TLS get its Kindle version up to snuff.,In the current issue there is on Kindle no mention of the author of the cover review essay. Vexing. It is high time the ole TLS get its Kindle version up to snuff.
train,3649,As a certified dog trainer I wouldn't be without a subscription to Dog and Cat Fancy.  Awesome information each month.,As a certified dog trainer I wouldn't be without a subscription to Dog and Cat Fancy. Awesome information each month.
train,3652,"I found this story disturbing, rather than entertaining.  I haven't read others in this magazine, so I don't know how it compares.","I found this story disturbing, rather than entertaining. I haven't read others in this magazine, so I don't know how it compares."
train,3653,My favorite cooking magazine!  I've had a subscription for years!,My favorite cooking magazine! I've had a subscription for years!
train,3655,I have subscribed to this magazine for years. Now I ordered it on kindle.  Recipes are always exceptional.,I have subscribed to this magazine for years. Now I ordered it on kindle. Recipes are always exceptional.
train,3661,"This is the best way to get any magazine; especially my favorite ""Reader Digest Large Print"".  This is a sure winner for ""mom-mom eyes)!","This is the best way to get any magazine; especially my favorite ""Reader Digest Large Print"". This is a sure winner for ""mom-mom eyes)!"
train,3662,I ordered a gift subscription of the large print Reader's Digest for a family member at Christmas time.  The magazine started arriving without delay and the recipient loves it.,I ordered a gift subscription of the large print Reader's Digest for a family member at Christmas time. The magazine started arriving without delay and the recipient loves it.
train,3663,took a while to begin receiving at my dad's.  watch the end date - they automatically renew unless you tell them not to.,took a while to begin receiving at my dad's. watch the end date - they automatically renew unless you tell them not to.
train,3664,F- is how I rate the Readers Digest review.  I never requested and one year renewal!  I am not going to pay for the one year auto renewal as I never authorized it!,F- is how I rate the Readers Digest review. I never requested and one year renewal! I am not going to pay for the one year auto renewal as I never authorized it!
train,3665,I have not received this magazine yet.  I ordered it June 17.  I can't believe it takes so long to start receiving it.,I have not received this magazine yet. I ordered it June 17. I can't believe it takes so long to start receiving it.
train,3668,"got this for a friend.  its awful.  AND really hard to cancel.  don't get this magazine.  covers look flashy, but mostly adverts and articles are lame.","got this for a friend. its awful. AND really hard to cancel. don't get this magazine. covers look flashy, but mostly adverts and articles are lame."
train,3669,Why don't they just call it the NEW WORLD ORDER magazine.  I cant believe anything in this mag.  Makes me sick.,Why don't they just call it the NEW WORLD ORDER magazine. I cant believe anything in this mag. Makes me sick.
train,3670,I did not request or want to renew.  You just did it on your own.  I should not have to pay for it,I did not request or want to renew. You just did it on your own. I should not have to pay for it
train,3671,I only got 2 of the 6 magazine that I was supposed to get.  Unreliable!,I only got 2 of the 6 magazine that I was supposed to get. Unreliable!
train,3673,Trying to collect a full set.  Love this magazine!,Trying to collect a full set. Love this magazine!
train,3674,Great book.  Will continue to get it!!!!!!!  The best satire magazine ever written.  Great service for a continued great time reading.,Great book. Will continue to get it!!!!!!! The best satire magazine ever written. Great service for a continued great time reading.
train,3680,I ordered on 11/2/10 and just checked the status because I haven't received it yet.  It won't be delivered until 3/2/11. That is 4 months.  That is is ridiculous!,I ordered on 11/2/10 and just checked the status because I haven't received it yet. It won't be delivered until 3/2/11. That is 4 months. That is is ridiculous!
train,3684,I thought this would be more gluten free and/or paleo.  I cancelled this after the first reading.,I thought this would be more gluten free and/or paleo. I cancelled this after the first reading.
train,3688,"I just received my first edition of the magazine. I am verypleased with it. It is written in Spanish but that is  my
primary language. I look forward getting future editions.",I just received my first edition of the magazine. I am verypleased with it. It is written in Spanish but that is my primary language. I look forward getting future editions.
train,3691,Love this magazine!  Has great ideas and is definitely a must for people who love Shabby Chic!  Would definitely recommend.,Love this magazine! Has great ideas and is definitely a must for people who love Shabby Chic! Would definitely recommend.
train,3692,Did not care for the stories and some of the paragraphs and punctuations were incorrect.  Just not my type of reading.,Did not care for the stories and some of the paragraphs and punctuations were incorrect. Just not my type of reading.
train,3693,"An interesting concept--all sorts of stories.  Some are fun to read and some are strange, but I rather like the idea.","An interesting concept--all sorts of stories. Some are fun to read and some are strange, but I rather like the idea."
train,3695,"I don't know how this got on my device, but it is.  I didn't order it (at least not intentionally).  I want my money back.  Kindle has been removed from my phone.","I don't know how this got on my device, but it is. I didn't order it (at least not intentionally). I want my money back. Kindle has been removed from my phone."
train,3699,Not received.  Hard to review. :-(,Not received. Hard to review. :-(
train,3700,Educational and fun.  Awesome magazine.  So glad to have found it for my Kindle.  Now ill never miss another issue!,Educational and fun. Awesome magazine. So glad to have found it for my Kindle. Now ill never miss another issue!
train,3702,Great magazine! Every time I read it I learn something new while enjoying the topics presented.  Will definitely renew my subscription.,Great magazine! Every time I read it I learn something new while enjoying the topics presented. Will definitely renew my subscription.
train,3706,"I love this magazine!  With the beautiful photography, and inspiring, positive articles, this is perfect for nature and animal lovers.","I love this magazine! With the beautiful photography, and inspiring, positive articles, this is perfect for nature and animal lovers."
train,3713,If you're interested in birds and flowers this is the magazine for you.  It is excellent.,If you're interested in birds and flowers this is the magazine for you. It is excellent.
train,3716,Love my birds...and this book is always filled with beautiful photos and information! Former subscriber who just  had to come back!,Love my birds...and this book is always filled with beautiful photos and information! Former subscriber who just had to come back!
train,3719,The rest of the magazine leaves a lot to be desired.  Not too much interesting stuff.  It is poorly written and not interesting.,The rest of the magazine leaves a lot to be desired. Not too much interesting stuff. It is poorly written and not interesting.
train,3720,I love this magazine subscription and the price was right!  The recipes are quick and yummy!,I love this magazine subscription and the price was right! The recipes are quick and yummy!
train,3727,"Best magazines ever. Pass onto my sister, my step-mom, and then to a nursing home.
I read every story!","Best magazines ever. Pass onto my sister, my step-mom, and then to a nursing home. I read every story!"
train,3728,I had not realized the format was uneditted write-ins.  I would have preferred articles by professionals.,I had not realized the format was uneditted write-ins. I would have preferred articles by professionals.
train,3729,Don't like the changes since Reader's Digest bought them.  Too many ads - not enough articles.  Will not renew.,Don't like the changes since Reader's Digest bought them. Too many ads - not enough articles. Will not renew.
train,3733,"This magazine is awesome, especially for us ""BABY  BOOMERS"". I read it cover to cover.","This magazine is awesome, especially for us ""BABY BOOMERS"". I read it cover to cover."
train,3734,I buy this every year for my mother and she absolutely LOVES it.  She keeps every issue so she can look back through them often.,I buy this every year for my mother and she absolutely LOVES it. She keeps every issue so she can look back through them often.
train,3735,"Magazine not what I thought it would be, nor should be. Cannot be easily read  on the Fire. Better luck next time.","Magazine not what I thought it would be, nor should be. Cannot be easily read on the Fire. Better luck next time."
train,3737,The photos in this magazine are amazing and the stories great.  I was amazed by the quality and can't wait for the next issue.,The photos in this magazine are amazing and the stories great. I was amazed by the quality and can't wait for the next issue.
train,3739,i haven't receieved it yet. -my account says it was shipped jan 9 it must be coming by dogsled!  m. carter,i haven't receieved it yet. -my account says it was shipped jan 9 it must be coming by dogsled! m. carter
train,3745,"This magazine is not helpful as far as giving you picture taking articles as much as it is advertising new cameras and equipment.
It is just not what I was hoping for.",This magazine is not helpful as far as giving you picture taking articles as much as it is advertising new cameras and equipment. It is just not what I was hoping for.
train,3754,I only wish I had read this magazine before I bought the app.  The recipes are not what I had hoped and are too complicated for the average cook.,I only wish I had read this magazine before I bought the app. The recipes are not what I had hoped and are too complicated for the average cook.
train,3758,It is a wonder4ful daily memitation on the Mass readings for the day.  A wonderful way to start your day!!,It is a wonder4ful daily memitation on the Mass readings for the day. A wonderful way to start your day!!
train,3762,I love this daily mass and meditations ..... Starts the day off  right  with the Lord !!,I love this daily mass and meditations ..... Starts the day off right with the Lord !!
train,3765,Very unhappy.  Unable to transmit to my Kindle.  Your service agent's solution to the situation was to cancel the subscription and issue a refund.,Very unhappy. Unable to transmit to my Kindle. Your service agent's solution to the situation was to cancel the subscription and issue a refund.
train,3774,It was just what I was looking for. Will use it every day.  Very inspiring.  Wonderful for Advent and beyond.,It was just what I was looking for. Will use it every day. Very inspiring. Wonderful for Advent and beyond.
train,3778,I am still waiting for my first issue to arrive so at this time I can't review.  Was told it could take up to 12 weeks to start...apparently that's true.,I am still waiting for my first issue to arrive so at this time I can't review. Was told it could take up to 12 weeks to start...apparently that's true.
train,3779,"Amazing Quality, Great content and good price.
National Geographic is really worth the try. Go ahead give it a go","Amazing Quality, Great content and good price. National Geographic is really worth the try. Go ahead give it a go"
train,3786,Good information about new books and authors.  I am definitely going to try and read a few books I learned about in the magazine.,Good information about new books and authors. I am definitely going to try and read a few books I learned about in the magazine.
train,3787,Wasn't what I expected.  I receive this publication for free at my local independent bookstore. I plan on unsubscribing as soon as I can.,Wasn't what I expected. I receive this publication for free at my local independent bookstore. I plan on unsubscribing as soon as I can.
train,3790,The best general archaeology magazine I have read. I  highly recommend it!,The best general archaeology magazine I have read. I highly recommend it!
train,3791,"I have never been able to use with Kindle....
AFTER MANY MANY attempts.
This has never been all access at all.",I have never been able to use with Kindle.... AFTER MANY MANY attempts. This has never been all access at all.
train,3794,"Not impressed with this magazine, it wants to be allure, but very thin and nothing to read about.  Boring, boring , and Boring!","Not impressed with this magazine, it wants to be allure, but very thin and nothing to read about. Boring, boring , and Boring!"
train,3795,I've deleted and reloaded twice and still haven't finished the first issue  and I have to reload the magazine each time i reload the app,I've deleted and reloaded twice and still haven't finished the first issue and I have to reload the magazine each time i reload the app
train,3801,I do not have a pad and wanted to read my Wired on line via my Mac.  Can't do it.,I do not have a pad and wanted to read my Wired on line via my Mac. Can't do it.
train,3807,I love the articles in this magazine.  They're very insightful and ahead of their time.  I've had a subscription now for years,I love the articles in this magazine. They're very insightful and ahead of their time. I've had a subscription now for years
train,3810,Not really worth it. There are other magazines with more information. Didn't have enough information to bother reading.  I don't really care about what celebrities are wearing.,Not really worth it. There are other magazines with more information. Didn't have enough information to bother reading. I don't really care about what celebrities are wearing.
train,3813,"When I tried to get service from Vogue it
took them two days to say: ""sorry we can help""
DON'T DO IT.  I WASTED 20.00...","When I tried to get service from Vogue it took them two days to say: ""sorry we can help"" DON'T DO IT. I WASTED 20.00..."
train,3818,"I love twist magazine 'cause it has all the latest info on celebs, tv, fashion, and so much more.

P.S.did i mention thatI LOVE it??!oh yeah i did mention it!! LOL!!!!!","I love twist magazine 'cause it has all the latest info on celebs, tv, fashion, and so much more. P.S.did i mention thatI LOVE it??!oh yeah i did mention it!! LOL!!!!!"
train,3820,My 10 year old daughter loves this magazine!  There were no problems with the subscription.  Perfect tween/teen magazine!,My 10 year old daughter loves this magazine! There were no problems with the subscription. Perfect tween/teen magazine!
train,3823,Favorite pet magazine that I get.  originally sread it at the dentist office and ordered it ever year since.  Fun and informative.,Favorite pet magazine that I get. originally sread it at the dentist office and ordered it ever year since. Fun and informative.
train,3824,I have orderd this but have not received any issues yet - how do you rate something they have not sent you?  It must be 6+ weeks since ordered,I have orderd this but have not received any issues yet - how do you rate something they have not sent you? It must be 6+ weeks since ordered
train,3827,Not a magazine ...it is one big advertisement.  I had high hopes for this publication.  Stick with Traditional home or one of those.  Big disappointment.,Not a magazine ...it is one big advertisement. I had high hopes for this publication. Stick with Traditional home or one of those. Big disappointment.
train,3828,"this is a front for advertizers selling pharmaceuticals.  Wow!!  Not a decent recipe, just ads for pills.","this is a front for advertizers selling pharmaceuticals. Wow!! Not a decent recipe, just ads for pills."
train,3838,I like the variety of recipes offered in this magazine.  I've found keeper recipes in every issue so far.,I like the variety of recipes offered in this magazine. I've found keeper recipes in every issue so far.
train,3844,The last 2 months this magazine would not download.  So I paid for items I couldn't even open up,The last 2 months this magazine would not download. So I paid for items I couldn't even open up
train,3845,"I'd rather search for recipes myself.  Also, as a visually-impaired person, I don't like reading magazines this way.  That's my opinion anyway.","I'd rather search for recipes myself. Also, as a visually-impaired person, I don't like reading magazines this way. That's my opinion anyway."
train,3848,Disappointed.  This magazine never had adds and now it does....,Disappointed. This magazine never had adds and now it does....
train,3851,Send old issues to count as part of the new subscription.  Not right,Send old issues to count as part of the new subscription. Not right
train,3852,Several years ago I was also receiving this magazine.  It is 1/4 the size it used to be with not many recipes inside.,Several years ago I was also receiving this magazine. It is 1/4 the size it used to be with not many recipes inside.
train,3853,I used to have a subscription several years ago.  Seems like there isn't as much content to the magazine now.  Not sure if I'd order again.,I used to have a subscription several years ago. Seems like there isn't as much content to the magazine now. Not sure if I'd order again.
train,3855,"I love this magazine, it is my all time favorite subscription.  There are so many recipes in Taste of Home that become a staple in my meal rotation.","I love this magazine, it is my all time favorite subscription. There are so many recipes in Taste of Home that become a staple in my meal rotation."
train,3857,A gift for my Mom.  Great price!,A gift for my Mom. Great price!
train,3858,I used to get the print version of this magazine and loved every issue (I still have some hanging around).  I really like that I can get this on my kindle now.,I used to get the print version of this magazine and loved every issue (I still have some hanging around). I really like that I can get this on my kindle now.
train,3861,"Have only received two issues to date.  Use of non-familiar, unavailable in my area ingredients.","Have only received two issues to date. Use of non-familiar, unavailable in my area ingredients."
train,3862,"Actually, I'm not that into cooking, but a friend is and I purchased this for her.  She loves it.  Great gift idea for that chef in your family!","Actually, I'm not that into cooking, but a friend is and I purchased this for her. She loves it. Great gift idea for that chef in your family!"
train,3864,Always loved the magazine.  Now when I shop I have the recipe on my phone and can look up the ingredients I need without taking time to make a list.  Wonderful!,Always loved the magazine. Now when I shop I have the recipe on my phone and can look up the ingredients I need without taking time to make a list. Wonderful!
train,3866,"I have been subscribing to Taste of Home since the beginning, and I love it.  It is the first magazine I look at when it arrives.","I have been subscribing to Taste of Home since the beginning, and I love it. It is the first magazine I look at when it arrives."
train,3870,"My mother used to cook from this magazine all the time.  The recipes now are too complicated, call for seldom used ingredients and just are not appealing to me.","My mother used to cook from this magazine all the time. The recipes now are too complicated, call for seldom used ingredients and just are not appealing to me."
train,3872,I bought this as a gift subscription for my daughter-in-law.  She loves it!  I'd get a subscription for myself if they published a vegetarian version.,I bought this as a gift subscription for my daughter-in-law. She loves it! I'd get a subscription for myself if they published a vegetarian version.
train,3874,"You get what you pay for ($5).  Several copies came about 3 months after I ordered.  Nothing since.  I have not went ""on-line"" to read whats on there.","You get what you pay for ($5). Several copies came about 3 months after I ordered. Nothing since. I have not went ""on-line"" to read whats on there."
train,3884,"Best mag, digitally and for real.  Dolan's guest editing was fantastic and matched the movie!","Best mag, digitally and for real. Dolan's guest editing was fantastic and matched the movie!"
train,3888,The publication was great as always I purchased in February of this year and was shocked that it auto-renewed in november.  Not happy about this!,The publication was great as always I purchased in February of this year and was shocked that it auto-renewed in november. Not happy about this!
train,3889,OMG the ads take up half of the magazine.  I could fall asleep before they get to the good articles.,OMG the ads take up half of the magazine. I could fall asleep before they get to the good articles.
train,3891,"I bought this for my son, he loves it.  Delivered when it said it would be.","I bought this for my son, he loves it. Delivered when it said it would be."
train,3892,I haven't received all the issues in the mail and I can't access the website on my kindle.  DO NOT buy this.,I haven't received all the issues in the mail and I can't access the website on my kindle. DO NOT buy this.
train,3895,"But really, it's only the paper edition. We were disappointed and, obviously, we didn't renew our subscription.  That's too bad.","But really, it's only the paper edition. We were disappointed and, obviously, we didn't renew our subscription. That's too bad."
train,3896,I love getting it on my kindle. I have it everywhere!  Makes it easy to access and share. Thanks again.,I love getting it on my kindle. I have it everywhere! Makes it easy to access and share. Thanks again.
train,3898,"Many repetitive recipes.
Hard to get through the process of authentication once you subscribed it.",Many repetitive recipes. Hard to get through the process of authentication once you subscribed it.
train,3903,Just not my thing.  I cancelled the subscription.,Just not my thing. I cancelled the subscription.
train,3907,"I liked the articles about exercises you can do at home.
I liked the interviews with the person on the cover.
I would recommend it to someone interested in exercising.",I liked the articles about exercises you can do at home. I liked the interviews with the person on the cover. I would recommend it to someone interested in exercising.
train,3908,I can not get the magazine on my kindle or Samsung tablet.  I am very VERY disappointed.  This is the only amazon purchase I have ever had a problem with. :(,I can not get the magazine on my kindle or Samsung tablet. I am very VERY disappointed. This is the only amazon purchase I have ever had a problem with. :(
train,3914,"I only got to see the second issue I received, since the first issue disappeared before I could read it.  I didn't like the story I read at all.","I only got to see the second issue I received, since the first issue disappeared before I could read it. I didn't like the story I read at all."
train,3915,"The perfect bite-sized goodness.  A work of art, a short story and a poem.  I look forward to this every week.","The perfect bite-sized goodness. A work of art, a short story and a poem. I look forward to this every week."
train,3925,Love this mag!  I can actually understand the direction and the recipes always turn out great! Highly recommend!,Love this mag! I can actually understand the direction and the recipes always turn out great! Highly recommend!
train,3943,Magazine is made for the ADHD crowd if that is even possible in a magazine.  I think this one will be cancelled quick.,Magazine is made for the ADHD crowd if that is even possible in a magazine. I think this one will be cancelled quick.
train,3945,"No I was unable to download vanity fair magazine on my Ipad
I am very disappointed",No I was unable to download vanity fair magazine on my Ipad I am very disappointed
train,3946,Great way to read the magazine & easy to set up.  The free tote was a nice touch too,Great way to read the magazine & easy to set up. The free tote was a nice touch too
train,3968,There is nothing I can say.... I am not able to down laud the magazine on my kindle fire.  I am waiting in september for my fist magazine.  i ordered in June 22.  a month before.,There is nothing I can say.... I am not able to down laud the magazine on my kindle fire. I am waiting in september for my fist magazine. i ordered in June 22. a month before.
train,3980,"I have been a fan of Vogue for decades.  The ""Free Clutch"" is a joke.","I have been a fan of Vogue for decades. The ""Free Clutch"" is a joke."
train,3991,$47.99 for a four-issue subscription?!  Is it printed with gold ink?!  No way will I pay over ten dollars an issue for any magazine.,$47.99 for a four-issue subscription?! Is it printed with gold ink?! No way will I pay over ten dollars an issue for any magazine.
train,3995,Meh.  Sub-par vegan magazine.  Expected so much more. Huge disappointment.,Meh. Sub-par vegan magazine. Expected so much more. Huge disappointment.
train,4000,U cannot enlarge words in digital version  print is way to small to read in magazine  version I wasted my money,U cannot enlarge words in digital version print is way to small to read in magazine version I wasted my money
train,4002,"money

Never received printed version of magazine, no tote bag either. Electronic version wouldn't allow me to download with out paying again. Don't waste your money.","money Never received printed version of magazine, no tote bag either. Electronic version wouldn't allow me to download with out paying again. Don't waste your money."
train,4006,"Terrific Magazine with LOTS of wonderful recipes.  The price was extremely reasonable, as well!!","Terrific Magazine with LOTS of wonderful recipes. The price was extremely reasonable, as well!!"
train,4010,I paid for both and they cancelled digital after a month and a half.  Do not buy!,I paid for both and they cancelled digital after a month and a half. Do not buy!
train,4016,"Bag and physical copy came separately, in that order, within 3 weeks of order!

Love this magazine! Makes me a little more motivated to workout!","Bag and physical copy came separately, in that order, within 3 weeks of order! Love this magazine! Makes me a little more motivated to workout!"
train,4020,"Wired is an awesome magazine that looks into everything currently going on in our culture, and provides insights into the amazing things you may be missing.  Well worth the money.","Wired is an awesome magazine that looks into everything currently going on in our culture, and provides insights into the amazing things you may be missing. Well worth the money."
train,4021,I don't have the capability of seeing the magazine.  I'm waiting on the magazine,I don't have the capability of seeing the magazine. I'm waiting on the magazine
train,4028,Didn't happen.  I gave up after hours on the phone.,Didn't happen. I gave up after hours on the phone.
train,4032,This is the best and most practical magazine I have ever bought in my 62-years of living.  Thank-you Dr. Oz.,This is the best and most practical magazine I have ever bought in my 62-years of living. Thank-you Dr. Oz.
train,4034,I cancelled.  I could not get o my Ipad.,I cancelled. I could not get o my Ipad.
train,4036,"I have only received one issue so far.  First impression:  Too many ads, not enough useful information.","I have only received one issue so far. First impression: Too many ads, not enough useful information."
train,4044,"I marked it one star as I had to mark it at something.  I am having issues with my iPAD and unable to get the subscription app, so I canceled the subscription.","I marked it one star as I had to mark it at something. I am having issues with my iPAD and unable to get the subscription app, so I canceled the subscription."
train,4048,I thought I was getting the magazine by mail.  I cannot read  it on a kindle.  I'm sorry I ordered it.,I thought I was getting the magazine by mail. I cannot read it on a kindle. I'm sorry I ordered it.
train,4057,I would not order again.  Do not renew.,I would not order again. Do not renew.
train,4062,Could not download to my Kindle.  What a waste!,Could not download to my Kindle. What a waste!
train,4067,Ive never received this on my Kindle although I was charged the $3.00 for the one issue.  thanks,Ive never received this on my Kindle although I was charged the $3.00 for the one issue. thanks
train,4070,This was a gift for my son. He received his first issue yesterday ( his birthday is Saturday).  He says he likes the issue and is pleased that he will receive more issues.,This was a gift for my son. He received his first issue yesterday ( his birthday is Saturday). He says he likes the issue and is pleased that he will receive more issues.
train,4079,Too many times they refer you to the website to get a recipe or additional news.  Why buy the magazine if they do that?,Too many times they refer you to the website to get a recipe or additional news. Why buy the magazine if they do that?
train,4101,This is a terrific magazine!  Being able to access electronically is wonderful.  Then getting the magazine in the mail is such a treat.  Can't wait to start cooking!,This is a terrific magazine! Being able to access electronically is wonderful. Then getting the magazine in the mail is such a treat. Can't wait to start cooking!
train,4104,LOTS  of advertisements - I wanted to see more pictures of rooms transformed as in before and after and the steps along the way.,LOTS of advertisements - I wanted to see more pictures of rooms transformed as in before and after and the steps along the way.
train,4106,Great magazine!  Will be  very useful.,Great magazine! Will be very useful.
train,4110,Awesome magazine.  I can't wait for each issue.,Awesome magazine. I can't wait for each issue.
train,4122,Nothing to see here.  Try something else.,Nothing to see here. Try something else.
train,4125,"This is an Awesome magazine that honors God and Christian living. Give it a try and you want be disappointed. I plan to be a subscriber for many years to come.
Blessings
Wendy",This is an Awesome magazine that honors God and Christian living. Give it a try and you want be disappointed. I plan to be a subscriber for many years to come. Blessings Wendy
train,4148,"Disappointed.  Not what I expected.  I remember the old PM from 35 years ago, insightful.","Disappointed. Not what I expected. I remember the old PM from 35 years ago, insightful."
train,4154,Not able to download onto kindle.  :(,Not able to download onto kindle. :(
train,4167,90% ads . . . I wanted something that would help me in my career.  This ain't it,90% ads . . . I wanted something that would help me in my career. This ain't it
train,4168,What happened to the words?  Seems like the magazine if full of ads and photos...but scant few words.,What happened to the words? Seems like the magazine if full of ads and photos...but scant few words.
train,4171,Not for us.  We cancelled subscription.,Not for us. We cancelled subscription.
train,4173,I am really not crazy about this magazine.  I don't like the format.  It is too hard to read.,I am really not crazy about this magazine. I don't like the format. It is too hard to read.
train,4176,Horrible magazine. Worthless piece of crap. All ads. A shame they cut trees Down for this garbage.  Ad delivery system.,Horrible magazine. Worthless piece of crap. All ads. A shame they cut trees Down for this garbage. Ad delivery system.
train,4184,I find this magazine very biased.  Would not recommend it.,I find this magazine very biased. Would not recommend it.
train,4185,"Every single page is an advertisement.
National Geographic Traveler is way better",Every single page is an advertisement. National Geographic Traveler is way better
train,4189,My stepdad loves to fly and he was very excited to get this magazine.  He flies his own personal plane and this was perfect for him.,My stepdad loves to fly and he was very excited to get this magazine. He flies his own personal plane and this was perfect for him.
train,4194,I am very disappointed about the last issue. I read Asimonv's with my kindle. This issue was printed  in such a way that you have to move back and forth for every line.,I am very disappointed about the last issue. I read Asimonv's with my kindle. This issue was printed in such a way that you have to move back and forth for every line.
train,4199,"This subscription took 4months to get the first issue!
I don't have faith that I will get 12 issues liked promised!",This subscription took 4months to get the first issue! I don't have faith that I will get 12 issues liked promised!
train,4201,"This is a fantastic magazine, helpful and imaginative.  I only have it one star because we paid for a two year subscription and only received 2 magazines.  I feel we were robbed.","This is a fantastic magazine, helpful and imaginative. I only have it one star because we paid for a two year subscription and only received 2 magazines. I feel we were robbed."
train,4205,"One giant ""Work at Home"" advertisement.  My first issue lauded the glories of using ""Click-Bait"" advertising.","One giant ""Work at Home"" advertisement. My first issue lauded the glories of using ""Click-Bait"" advertising."
train,4223,Excellent.  Just what I expected.,Excellent. Just what I expected.
train,4232,"Being a vet during the Vietnam war, but not being stationed in Vietnam, I find the articles interesting.  It fills me in on what other vets stationed in Vietnam were experiencing.","Being a vet during the Vietnam war, but not being stationed in Vietnam, I find the articles interesting. It fills me in on what other vets stationed in Vietnam were experiencing."
train,4234,"one of my favorite magazines.  love the stories, jokes, and everything in each issue.  am glad to get it.  read them and save them all.","one of my favorite magazines. love the stories, jokes, and everything in each issue. am glad to get it. read them and save them all."
train,4237,Magazine is quite small.  Not a lot of articles anymore.  A lot of ads.  Probably won't get it again.,Magazine is quite small. Not a lot of articles anymore. A lot of ads. Probably won't get it again.
train,4248,Forgot I picked this up as a Today's Deal and will  not renew. Too much advertising and not enough food related stuff.,Forgot I picked this up as a Today's Deal and will not renew. Too much advertising and not enough food related stuff.
train,4252,Dealing with I-5 Publishing has been frustrating.  Their customer support has been an automated labyrinth of false promises.,Dealing with I-5 Publishing has been frustrating. Their customer support has been an automated labyrinth of false promises.
train,4258,Was a gift for my husband.  He didn't really care for the magazine and did not renew.,Was a gift for my husband. He didn't really care for the magazine and did not renew.
train,4262,"Definitely not what I was expecting.  Very abstract and at times pornographic.  I deleted it almost as soon as it was downloaded.  NOT for me, for sure!","Definitely not what I was expecting. Very abstract and at times pornographic. I deleted it almost as soon as it was downloaded. NOT for me, for sure!"
train,4263,This is the BEST photo magazine ever published.  You have to subscribe to it.,This is the BEST photo magazine ever published. You have to subscribe to it.
train,4268,Gave this as a  gift as I already love this magazine. My sister loved it just as much!!,Gave this as a gift as I already love this magazine. My sister loved it just as much!!
train,4270,TOO MUCH.  We did not renew.,TOO MUCH. We did not renew.
train,4273,Too many adds and not enough content.  You are much better off searching the web as you are offered many more ideas on the internet.,Too many adds and not enough content. You are much better off searching the web as you are offered many more ideas on the internet.
train,4275,I used to really love this magazine.  It's been dumb downed and I am not a fan.,I used to really love this magazine. It's been dumb downed and I am not a fan.
train,4276,"Love this magazine.  If you like heat in your menu, subscribe.  Great recipes.","Love this magazine. If you like heat in your menu, subscribe. Great recipes."
train,4278,The photography is amazing.  Always some new place to add to our list of places to visit.,The photography is amazing. Always some new place to add to our list of places to visit.
train,4280,"i need, i saw, i buy, i could of lots done better

VERY EXPENSIVE","i need, i saw, i buy, i could of lots done better VERY EXPENSIVE"
train,4295,"There few articles.  The magazine is mostly ads and classifieds, which isn't what I was looking for.","There few articles. The magazine is mostly ads and classifieds, which isn't what I was looking for."
train,4298,My husband loves this subscription.  He looks forward to the new issue every month.,My husband loves this subscription. He looks forward to the new issue every month.
train,4300,The magazine seemed light on information.  I researched and found I could access the same type of information online for free.,The magazine seemed light on information. I researched and found I could access the same type of information online for free.
train,4301,Love it.  I recently purchased a home in Shadow Hills and look forward to hearing about everything thats going on in the Valley,Love it. I recently purchased a home in Shadow Hills and look forward to hearing about everything thats going on in the Valley
train,4302,My daughter loves science and absolutely loves this magazine.  She usually reads the whole thing the day it comes.  Would buy again!,My daughter loves science and absolutely loves this magazine. She usually reads the whole thing the day it comes. Would buy again!
train,4308,I order one subscription clearly . Was billed for three.  three weeks and no help what so ever. off to report this fraud,I order one subscription clearly . Was billed for three. three weeks and no help what so ever. off to report this fraud
train,4309,I love this magazine.  I can learn new things about all things local and even get directed to the hole in the wall places in town that are fantastic!,I love this magazine. I can learn new things about all things local and even get directed to the hole in the wall places in town that are fantastic!
train,4310,Such and interesting magazine.  It is my favorite.  Lots of pictures and unusual interesting information.,Such and interesting magazine. It is my favorite. Lots of pictures and unusual interesting information.
train,4313,"Terrific gift for grandson who LOVES cars!  Subscription started, as planned, and it keeps on giving all year!","Terrific gift for grandson who LOVES cars! Subscription started, as planned, and it keeps on giving all year!"
train,4315,I never got a magazine. I ordered it about two months ago.  Still haven't seen not one magazine.  How long is that supposed to take.,I never got a magazine. I ordered it about two months ago. Still haven't seen not one magazine. How long is that supposed to take.
train,4317,LOVE THIS MAGAZINE!!!  MUCH LESS EXPENSIVE THAN A TRIP TO EUROPE!,LOVE THIS MAGAZINE!!! MUCH LESS EXPENSIVE THAN A TRIP TO EUROPE!
train,4319,"Bought it over 2 months ago.  Still, no issues have arrived.  Order fulfillment is clearly not a strong point.  Is it any wonder the publishing business is dying?","Bought it over 2 months ago. Still, no issues have arrived. Order fulfillment is clearly not a strong point. Is it any wonder the publishing business is dying?"
train,4320,We recently moved to the St. Louis area.  This magazine is chock full of information concerning events in the St. Louis area. Easy and enjoyable read.,We recently moved to the St. Louis area. This magazine is chock full of information concerning events in the St. Louis area. Easy and enjoyable read.
train,4328,"This magazine is a must for anyone who loves Bluegrass Music.  It gives information on new music, groups, instruments, and many other things related to Bluegrass.","This magazine is a must for anyone who loves Bluegrass Music. It gives information on new music, groups, instruments, and many other things related to Bluegrass."
train,4339,I have been ripped off by Amazon.  Never received magazine and emails go unanswered.  Buy elsewhere.,I have been ripped off by Amazon. Never received magazine and emails go unanswered. Buy elsewhere.
train,4347,I get this for my husband who is retired Navy.  He really enjoys it and looks forward to getting the new issue every time.,I get this for my husband who is retired Navy. He really enjoys it and looks forward to getting the new issue every time.
train,4348,WE love this magazine!  The price is so reasonable and the photos are gorgous.  They make a lovely addition to your coffee table.,WE love this magazine! The price is so reasonable and the photos are gorgous. They make a lovely addition to your coffee table.
train,4351,It does not open to a full page--the print is too small.  I am unable to expand the screen.,It does not open to a full page--the print is too small. I am unable to expand the screen.
train,4352,This magazine did not download. I wouldn't give it even 1 star but I  couldn't submit a review unless I did.,This magazine did not download. I wouldn't give it even 1 star but I couldn't submit a review unless I did.
train,4357,To much squirrel dog and cur dog and not enough hound.  Has went backwards from what it was 10 years back.,To much squirrel dog and cur dog and not enough hound. Has went backwards from what it was 10 years back.
train,4364,"If you love skiing you will love Powder.  Gear, stories, locations, and some world truth.  It has something for all types.","If you love skiing you will love Powder. Gear, stories, locations, and some world truth. It has something for all types."
train,4372,it's  cool,it's cool
train,4373,"This is a Wonderful magazine.  I am enjoying the great writing that covers art, culture and social issues.  Thanks Native Peoples!","This is a Wonderful magazine. I am enjoying the great writing that covers art, culture and social issues. Thanks Native Peoples!"
train,4374,"It is hard to review a magazine that I have yet to receive even though it was order 12/04/2005.  Please let me know when I can expect to receive my 1st issue,","It is hard to review a magazine that I have yet to receive even though it was order 12/04/2005. Please let me know when I can expect to receive my 1st issue,"
train,4381,I've read this magazine for years now.  I use to get it in the snail mail now on my tablet.  Good general history.,I've read this magazine for years now. I use to get it in the snail mail now on my tablet. Good general history.
train,4382,This is my last renewal.  The magazine is definitely going downhill.  Too many ads and too liberal!,This is my last renewal. The magazine is definitely going downhill. Too many ads and too liberal!
train,4383,"Yes, it met my expectations and I have renewed my subscription. It is the best magazine on spiritual traditions.
Thank you
Patricia Roberts","Yes, it met my expectations and I have renewed my subscription. It is the best magazine on spiritual traditions. Thank you Patricia Roberts"
train,4389,"My Aunt Cleo recommended this magazine to me 45 years ago. Great magazine, articles for true self improvement.  The magazine keeps getting better and better.","My Aunt Cleo recommended this magazine to me 45 years ago. Great magazine, articles for true self improvement. The magazine keeps getting better and better."
train,4391,"This French magazines has a fresh new way of looking at crafts and food presentation.
Enjoy their creative embroidery ideas.",This French magazines has a fresh new way of looking at crafts and food presentation. Enjoy their creative embroidery ideas.
train,4402,Lackluster to the extreme.  Quality articles have been replaced by fluff pieces that read more like a teen magazine than the Time I remember.,Lackluster to the extreme. Quality articles have been replaced by fluff pieces that read more like a teen magazine than the Time I remember.
train,4414,This magazine is always a five star.  My absolute favorite!,This magazine is always a five star. My absolute favorite!
train,4417,"A fantastic magazine with great editorials, stories on pipe making and history. A must have for anyone who is a pipe smoker or enjoys collecting pipes.
KrustyWes on #pipes","A fantastic magazine with great editorials, stories on pipe making and history. A must have for anyone who is a pipe smoker or enjoys collecting pipes. KrustyWes on #pipes"
train,4424,Love the magazine.  Excellent service,Love the magazine. Excellent service
train,4425,Great magazine. Lots of information and good photos with explanations.  Best magazine I've seen that covers multi English disciplines.,Great magazine. Lots of information and good photos with explanations. Best magazine I've seen that covers multi English disciplines.
train,4428,Love this magazine in that it provides a  wide rang of scientific knowledge from behavioral to space science. increases knowledge.,Love this magazine in that it provides a wide rang of scientific knowledge from behavioral to space science. increases knowledge.
train,4430,"Don't bother with the digital, it does not exist. I spent hours talking to the yahoos at Amazon trying to get it activated, and all they did
for me was waste my time.","Don't bother with the digital, it does not exist. I spent hours talking to the yahoos at Amazon trying to get it activated, and all they did for me was waste my time."
train,4449,Great magazine with lots of helpful articles and tips.  You won't be disappointed if you subscribe to it.  Great price also.,Great magazine with lots of helpful articles and tips. You won't be disappointed if you subscribe to it. Great price also.
train,4452,"Ordered in early Feb, Its just about June and I have never received an single issue.

Do not order your subscription to this magazine on Amazon.","Ordered in early Feb, Its just about June and I have never received an single issue. Do not order your subscription to this magazine on Amazon."
train,4455,Awesome magazine.  We enjoy it a lot.,Awesome magazine. We enjoy it a lot.
train,4460,"I have been a subscriber of on Fitness magazine among many others an ""ON FITNESS"" is the best magazine I have ever read for fitness on the market!!!!!!!!!!!  Thank You On Fitness.","I have been a subscriber of on Fitness magazine among many others an ""ON FITNESS"" is the best magazine I have ever read for fitness on the market!!!!!!!!!!! Thank You On Fitness."
train,4463,"Awesome magazine.  Always thought-provoking, extremely well-written.  I read it from cover to cover.","Awesome magazine. Always thought-provoking, extremely well-written. I read it from cover to cover."
train,4465,My granddaughter loves this magazine.  Perfect for summer reading.  Interesting articles.  She loves this magazine,My granddaughter loves this magazine. Perfect for summer reading. Interesting articles. She loves this magazine
train,4471,"Love Beckett. Best
Magazine for collectors!",Love Beckett. Best Magazine for collectors!
train,4473,This magazine is amazing!  For a small publication this magazine has so many articles and interesting topics they cover.,This magazine is amazing! For a small publication this magazine has so many articles and interesting topics they cover.
train,4474,One of the best magazines in the field worth every cent.  A publication to enjoy.,One of the best magazines in the field worth every cent. A publication to enjoy.
train,4476,Scrapbooks Etc. is a great magazine for scrapbookers of any level.  They always use the lastest techniques and ideas.,Scrapbooks Etc. is a great magazine for scrapbookers of any level. They always use the lastest techniques and ideas.
train,4478,"This is my favorite NBA magazine!  Plus, so convenient to have it on my Kindle Fire.","This is my favorite NBA magazine! Plus, so convenient to have it on my Kindle Fire."
train,4482,"Well researched, chock full of practical applications of permaculture and sustainable living.  Highly recommended!","Well researched, chock full of practical applications of permaculture and sustainable living. Highly recommended!"
train,4483,The magazine is great but my first issue that I received came in February and it was the Dec.-Jan. issue.  Umm....the holidays are over...so is holiday cooking...#oldnews.,The magazine is great but my first issue that I received came in February and it was the Dec.-Jan. issue. Umm....the holidays are over...so is holiday cooking...#oldnews.
train,4493,"I love this magazine! I've owned my 4runner for 16 years & I'm not interested in other mags with Ford, Chevy, Jeep etc...
Only reliable Toyota's!","I love this magazine! I've owned my 4runner for 16 years & I'm not interested in other mags with Ford, Chevy, Jeep etc... Only reliable Toyota's!"
train,4495,"I don't get any anything
Lires",I don't get any anything Lires
train,4496,Not as good as I was expecting.  Complicated recipes and very few recipes.,Not as good as I was expecting. Complicated recipes and very few recipes.
train,4497,"This magazine is widely available for $20 per year on other sites.
The $39.00 price offered here is not a good deal",This magazine is widely available for $20 per year on other sites. The $39.00 price offered here is not a good deal
train,4500,This was my first issue and I like the content and the magazine.  I can't wait for the next issue to arrive.,This was my first issue and I like the content and the magazine. I can't wait for the next issue to arrive.
train,4501,I purchased this subscription for my boss - I love this magazine and share mine with anyone who wants it  Sojourners is doing a great job!,I purchased this subscription for my boss - I love this magazine and share mine with anyone who wants it Sojourners is doing a great job!
train,4504,"Cannot wait till it arrives.  Great photography.  I have been a subscriber for five years.,  love it","Cannot wait till it arrives. Great photography. I have been a subscriber for five years., love it"
train,4505,This magazine is the best on the market.  Great demos and information for all artists of all mediums.  I would highly recommend it.  You won't be disappointed.,This magazine is the best on the market. Great demos and information for all artists of all mediums. I would highly recommend it. You won't be disappointed.
train,4508,If your Flat Screen doesn't produce the sound you like then this is a MUST HAVE!  I use it every time I watch my TV ..... From sports to news,If your Flat Screen doesn't produce the sound you like then this is a MUST HAVE! I use it every time I watch my TV ..... From sports to news
train,4510,Great Dolphin information.  Purchased this for my son.  He is an avid football fan.  Loves the Dolphin Digest.,Great Dolphin information. Purchased this for my son. He is an avid football fan. Loves the Dolphin Digest.
train,4511,"Love this magazine!  Easy patterns for not-so-talented and experienced knitters with clear directions and lots of beautiful pictures.  Also, adds are relevant to yarn crafts.","Love this magazine! Easy patterns for not-so-talented and experienced knitters with clear directions and lots of beautiful pictures. Also, adds are relevant to yarn crafts."
train,4516,"By far the top auto magazine of both US and UK crop!  Love the in depth coverage, the industry insights, and the exclusive first coverage.  Simply the best!","By far the top auto magazine of both US and UK crop! Love the in depth coverage, the industry insights, and the exclusive first coverage. Simply the best!"
train,4519,We love this magazine!  We live in a very rural area and having this magazine allows us to stay current with our rodeo friends!  Love this!,We love this magazine! We live in a very rural area and having this magazine allows us to stay current with our rodeo friends! Love this!
train,4520,"I love this magazine and have subscribed for many, many years.  Highly recommended!","I love this magazine and have subscribed for many, many years. Highly recommended!"
train,4522,"My granddaughter loves the magazine, and I got a good price by purchasing through  Amazon.  I highly recommend this magazine for students.","My granddaughter loves the magazine, and I got a good price by purchasing through Amazon. I highly recommend this magazine for students."
train,4523,i  purchased this magazine for my granddaughter in November as a Christmas gift . She has only received one issue since .now being March . what is going on ?,i purchased this magazine for my granddaughter in November as a Christmas gift . She has only received one issue since .now being March . what is going on ?
train,4526,3 MONTHS to receive first issue? ?!!??? C'mon  :(,3 MONTHS to receive first issue? ?!!??? C'mon :(
train,4527,This is now nothing more than a liberal mag.  Might as well be the Ladies Home Journal or the Washington Post.,This is now nothing more than a liberal mag. Might as well be the Ladies Home Journal or the Washington Post.
train,4533,Too many ads not enough info.  I used to love their website.  Now it wants you to watch videos.,Too many ads not enough info. I used to love their website. Now it wants you to watch videos.
train,4539,I use this mag for design ideas for my home.  It's perfect for my needs.,I use this mag for design ideas for my home. It's perfect for my needs.
train,4541,"I have subscribed to Country Woman for many years.  Love, love, love it!  Nothing negative to say.","I have subscribed to Country Woman for many years. Love, love, love it! Nothing negative to say."
train,4544,Only evening listings!  Not much info on the shows.  There must be something better!,Only evening listings! Not much info on the shows. There must be something better!
train,4550,"This magazine isn't good.  It's outdated, boring, and there's about four pages of useful content in each issue.","This magazine isn't good. It's outdated, boring, and there's about four pages of useful content in each issue."
train,4558,"I have not received my magazine as of yet so I can not comment on something I don't have for which I though I would after a month.

Regards,
Betty McCloy","I have not received my magazine as of yet so I can not comment on something I don't have for which I though I would after a month. Regards, Betty McCloy"
train,4560,"I rec'd the first issue exactly one month from the day that I signed up
for it. Excellent service. Very pleasantly surprised!!",I rec'd the first issue exactly one month from the day that I signed up for it. Excellent service. Very pleasantly surprised!!
train,4569,"Loved this magazine, sad they are no longer printing it.  They said they would replace my paid subscription without a year of People magazine, at have yet to receive it.","Loved this magazine, sad they are no longer printing it. They said they would replace my paid subscription without a year of People magazine, at have yet to receive it."
train,4570,Only received 2 issues.  Magazine content is poor,Only received 2 issues. Magazine content is poor
train,4576,"Love it.
Great magazine.",Love it. Great magazine.
train,4582,"I ordered this magazine in March and have never seen a copy.  Yet, it's still being advertised.  Has the magazine gone out of business?","I ordered this magazine in March and have never seen a copy. Yet, it's still being advertised. Has the magazine gone out of business?"
train,4586,I didn't like the layout.  Too small for an Fire 7 tablet.,I didn't like the layout. Too small for an Fire 7 tablet.
train,4597,I cannot rate something that has not yet been received.  It has been a month since I ordered and nothing has been received to date.,I cannot rate something that has not yet been received. It has been a month since I ordered and nothing has been received to date.
train,4598,An excellent publication.  The only literary/book review that I read from cover to cover.  It has lead me to several wonderful books.,An excellent publication. The only literary/book review that I read from cover to cover. It has lead me to several wonderful books.
train,4599,I thought this was a magazine about nice pickup trucks not a for sale and parts catalog.  Do not like it!,I thought this was a magazine about nice pickup trucks not a for sale and parts catalog. Do not like it!
train,4602,Every issue makes me want to visit or move to Maui.  Beautiful Photography and interesting articles. What else could you ask for.,Every issue makes me want to visit or move to Maui. Beautiful Photography and interesting articles. What else could you ask for.
train,4603,"I bought this for my niece for her birthday on June 3rd.
Estimated arrival is the end of August. What are they doing with my money?",I bought this for my niece for her birthday on June 3rd. Estimated arrival is the end of August. What are they doing with my money?
train,4604,"Nice variety, easy to read.  A perfect gift for my mother, who is an avid puzzle fan.","Nice variety, easy to read. A perfect gift for my mother, who is an avid puzzle fan."
train,4605,Great magazine!  Learning a lot about the building process and enjoying all the photos of existing homes!,Great magazine! Learning a lot about the building process and enjoying all the photos of existing homes!
train,4606,So much more advertising than actual articles.  I was hoping with the advertising they would list already existing log homes for sale.,So much more advertising than actual articles. I was hoping with the advertising they would list already existing log homes for sale.
train,4611,"We love wildlife and want to know what kind they have here in AZ.  Very informative, his aunt apparently subscribe to the same magazine.","We love wildlife and want to know what kind they have here in AZ. Very informative, his aunt apparently subscribe to the same magazine."
train,4615,"SUBSCRIPTION SUCKS!!!! ordered for my son and so far only received 1 magazine.  Really,  thieves.  Deserves no stars.","SUBSCRIPTION SUCKS!!!! ordered for my son and so far only received 1 magazine. Really, thieves. Deserves no stars."
train,4619,I was hoping for some good information on mountain living but what I got was big glossy pictures and lots of ads.  Will not renew.,I was hoping for some good information on mountain living but what I got was big glossy pictures and lots of ads. Will not renew.
train,4621,Awesome magazine.  Very informative!  Love to hear other hunting stories!,Awesome magazine. Very informative! Love to hear other hunting stories!
train,4622,"One big fat advertisement.  The ""hunting"" articles are nothing more than sales pitches.  Pages are slick and non absorbent, not even good for toilet paper.","One big fat advertisement. The ""hunting"" articles are nothing more than sales pitches. Pages are slick and non absorbent, not even good for toilet paper."
train,4627,Loved the magazine! I'm from DC so it keeps me in touch with home. Articles are relevant and  interesting. I am very glad I subscribed.,Loved the magazine! I'm from DC so it keeps me in touch with home. Articles are relevant and interesting. I am very glad I subscribed.
train,4628,Lots of interesting content.  Always timely.,Lots of interesting content. Always timely.
train,4632,Im beginning to wonder if I ever will receive this!  I will never order again!,Im beginning to wonder if I ever will receive this! I will never order again!
train,4642,"Contains liberal prayers, reflections etc. dealing with healthcare, economics etc.  Would not recommend.","Contains liberal prayers, reflections etc. dealing with healthcare, economics etc. Would not recommend."
train,4647,"Poor information wrong numbers etc
Ex McDonalds pricing now is less than ten years ago I think not",Poor information wrong numbers etc Ex McDonalds pricing now is less than ten years ago I think not
train,4648,My mother in law is a master gardener & she loves it.  Great ideas & articles.,My mother in law is a master gardener & she loves it. Great ideas & articles.
train,4650,I am subscribing!  Love it.,I am subscribing! Love it.
train,4651,Great magazine!  It helps me keep informed with well-written articles and current events.,Great magazine! It helps me keep informed with well-written articles and current events.
train,4653,The subscription his news stands tuesday and i receive it on friday some Saturday. Not good for me.  It would be good to receive it wednesday at tbursday the latest.,The subscription his news stands tuesday and i receive it on friday some Saturday. Not good for me. It would be good to receive it wednesday at tbursday the latest.
train,4665,I enjoy  this  magazine. It is interesting  and has many useful  articles. I would strongly recommend it to preachers and all who value their religion .,I enjoy this magazine. It is interesting and has many useful articles. I would strongly recommend it to preachers and all who value their religion .
train,4681,Hands down the best photo mag I have ever had the pleasure of reading...WELL worth the money!  It is the only magazine that I have read cover to cover...every time!  Get it!,Hands down the best photo mag I have ever had the pleasure of reading...WELL worth the money! It is the only magazine that I have read cover to cover...every time! Get it!
train,4684,"I ordered this a long time ago, still have not received it.  Amazon is requesting a review of the product..  It would be nice if I had it to review.","I ordered this a long time ago, still have not received it. Amazon is requesting a review of the product.. It would be nice if I had it to review."
train,4686,It was ordered by accident and cancelled and one copy came I glanced thru it and was  glad that I cancelled it,It was ordered by accident and cancelled and one copy came I glanced thru it and was glad that I cancelled it
train,4690,I have not recieved my copy yet.  It was supposed to be deliver by aug 1st.,I have not recieved my copy yet. It was supposed to be deliver by aug 1st.
train,4691,So sad this magazine has shifted from gorgeous editorials showcasing really top-end interiors to what seem to be paid advertorials.  Really a shame.,So sad this magazine has shifted from gorgeous editorials showcasing really top-end interiors to what seem to be paid advertorials. Really a shame.
train,4702,"I subscribed to this mag years ago and the standard is dropping sadly with opinionated cookie cutter ""DJ Advice""

Best bet? Join an online forum and ask questions","I subscribed to this mag years ago and the standard is dropping sadly with opinionated cookie cutter ""DJ Advice"" Best bet? Join an online forum and ask questions"
train,4707,This magazine has been the most helpful for me  in my writing career. I love the helpful articles it holds.,This magazine has been the most helpful for me in my writing career. I love the helpful articles it holds.
train,4709,"Love this magazine.  There is a lot of nfo and the dogs are adorable.  I bought a product from the ads.

cjo",Love this magazine. There is a lot of nfo and the dogs are adorable. I bought a product from the ads. cjo
train,4716,"Waited 3 months for First issue.
Received one issue then they stopped coming.

What's the deal?

They need to get their act together seriously.",Waited 3 months for First issue. Received one issue then they stopped coming. What's the deal? They need to get their act together seriously.
train,4717,this was a birthday gift for my teenage grandaughter and she really likes it.  Alex loves reading about One Direction.,this was a birthday gift for my teenage grandaughter and she really likes it. Alex loves reading about One Direction.
train,4719,I love this magazine.  I homeschool my 2 5-year old twins and the magazine is full of information and ideas.,I love this magazine. I homeschool my 2 5-year old twins and the magazine is full of information and ideas.
train,4729,One of my favorite mags.  Been reading it for years.,One of my favorite mags. Been reading it for years.
train,4730,Great magazine. If you like golf  you'll love this plus with the digital edition you get to watch videos of lessons .,Great magazine. If you like golf you'll love this plus with the digital edition you get to watch videos of lessons .
train,4732,Didn't want  didn't ask for. Want to cancel. I am an 81 year old woman!  Go away. P,Didn't want didn't ask for. Want to cancel. I am an 81 year old woman! Go away. P
train,4735,I used to really like Self but it seems like they are trying to appeal to a much younger demographic.  I won't be subscribing anymore.,I used to really like Self but it seems like they are trying to appeal to a much younger demographic. I won't be subscribing anymore.
train,4742,"Recently the publisher has taken to publicly bashing presidential hopefuls.  Their comments are racist and inappropriate, I will not pick up another GQ.  Cancelled immediately.","Recently the publisher has taken to publicly bashing presidential hopefuls. Their comments are racist and inappropriate, I will not pick up another GQ. Cancelled immediately."
train,4744,...mostly advertisements and very few pages.  Not like the old days when there were many recipes to try.,...mostly advertisements and very few pages. Not like the old days when there were many recipes to try.
train,4758,Steelers fans deserve better.  Zinio is a digital subscription that takes week's to get.  Horrible.,Steelers fans deserve better. Zinio is a digital subscription that takes week's to get. Horrible.
train,4764,The app for on-line access is useless. It keeps rejecting my sign on.  Guess I'll just use the hard copy.  Will not renew this magazine thru on-line.,The app for on-line access is useless. It keeps rejecting my sign on. Guess I'll just use the hard copy. Will not renew this magazine thru on-line.
train,4785,I never received my tote.  I already had and AD subscription and thought this would just extend it but now I get 2 copies of the magazine.,I never received my tote. I already had and AD subscription and thought this would just extend it but now I get 2 copies of the magazine.
train,4786,I no longer like the magazine.  The reason:  it used to have more articles from various people...not just those from the US.,I no longer like the magazine. The reason: it used to have more articles from various people...not just those from the US.
train,4792,It did not download.  I ask for a refund but to date that has not happened.,It did not download. I ask for a refund but to date that has not happened.
train,4793,No stars because I can't access my digital copy as indicated on-line.  Not impressed.  Rip off!!!,No stars because I can't access my digital copy as indicated on-line. Not impressed. Rip off!!!
train,4794,"No longer meets my satisfaction.
Wish to cancel tnis subscription before delivery.",No longer meets my satisfaction. Wish to cancel tnis subscription before delivery.
train,4796,"We have been subscribing to this magazine for several years and it is definitely our favorite.  Beautiful photography, poetry, and a wealth of history.","We have been subscribing to this magazine for several years and it is definitely our favorite. Beautiful photography, poetry, and a wealth of history."
train,4801,My wife has always loved Cosmo and been a faithful subscriber.  Even after all these years it always makes her day when her new edition arrives in the mailbox.,My wife has always loved Cosmo and been a faithful subscriber. Even after all these years it always makes her day when her new edition arrives in the mailbox.
train,4802,It is a continuous gift for our Mom.  She has always loved this magazine.,It is a continuous gift for our Mom. She has always loved this magazine.
train,4803,"I subscribed for the combo subscription also, but have not ever received any info on the digital version.  I thought it was included.","I subscribed for the combo subscription also, but have not ever received any info on the digital version. I thought it was included."
train,4812,"Too small for the phone and can't view it in my kindle on my pc. For some reason it doesn't sinc and is missing.
Waste of money on my part.",Too small for the phone and can't view it in my kindle on my pc. For some reason it doesn't sinc and is missing. Waste of money on my part.
train,4815,The mag take you one step further than the TV show.  It's excellent and you are able to follow the recipes at your own pace.  The pictures and articles are fab.  Give it a try!!,The mag take you one step further than the TV show. It's excellent and you are able to follow the recipes at your own pace. The pictures and articles are fab. Give it a try!!
train,4829,Kind of useless.  I enjoy this sporadically.  I don't know what possessed me to subscribe.,Kind of useless. I enjoy this sporadically. I don't know what possessed me to subscribe.
train,4837,The other reviewer was right. It's a bait and switch. I cannot download on my Kindle.  What crooks!,The other reviewer was right. It's a bait and switch. I cannot download on my Kindle. What crooks!
train,4841,Great magazine.  Gorgeous photography.,Great magazine. Gorgeous photography.
train,4844,"Horrifically useless.

Tried to return, and Amazon's site wouldn't take my email.  Ripoff.","Horrifically useless. Tried to return, and Amazon's site wouldn't take my email. Ripoff."
train,4851,O have only received 3 magazines since I subscribed April 2017!  What happened to all the others?,O have only received 3 magazines since I subscribed April 2017! What happened to all the others?
train,4854,Not happy.  Almost every page has advertisement.  Lots have all advertisements 3 pages in a row.  What has happened to Family Circle?  Will not be renewing.,Not happy. Almost every page has advertisement. Lots have all advertisements 3 pages in a row. What has happened to Family Circle? Will not be renewing.
train,4856,The Magazine quit publishing as of April 2016.  Now I have to get a refund.  BEWARE,The Magazine quit publishing as of April 2016. Now I have to get a refund. BEWARE
train,4858,Not happy with the content of this magazine.  Too many advertisements compared to actual content.,Not happy with the content of this magazine. Too many advertisements compared to actual content.
train,4859,"I love having access to the magazine on digital devices, so as not to carry around heavy issues.  But I also love to have the paper issue to keep in the guest room.","I love having access to the magazine on digital devices, so as not to carry around heavy issues. But I also love to have the paper issue to keep in the guest room."
train,4860,Vanity Fair is unbelievabley left liberals.  Stay out of politics and keep your magazine full of pretty people and photos.,Vanity Fair is unbelievabley left liberals. Stay out of politics and keep your magazine full of pretty people and photos.
train,4861,"Cannot get access on line to review the magazine, even after logging the first time.  Never could get back on.","Cannot get access on line to review the magazine, even after logging the first time. Never could get back on."
train,4862,Never got the digital issues.  Contacted Amazon - they couldn't figure it out.  If you are purchasing this so you can read them digitally you won't be able to so don't bother.,Never got the digital issues. Contacted Amazon - they couldn't figure it out. If you are purchasing this so you can read them digitally you won't be able to so don't bother.
train,4874,It is a wonderful magazine. I read several articles and they were very inspirational.  The magazine is beautifully illustrated and very colorful.,It is a wonderful magazine. I read several articles and they were very inspirational. The magazine is beautifully illustrated and very colorful.
train,4878,"I am totally unhappy with Good Housekeeping.  Over the years I loved it but maybe because I am older, I don't find anything interesting in it for me.","I am totally unhappy with Good Housekeeping. Over the years I loved it but maybe because I am older, I don't find anything interesting in it for me."
train,4880,Too high class for me.  Lots of ads and stuff that just isn't my taste or style.,Too high class for me. Lots of ads and stuff that just isn't my taste or style.
train,4883,"Had to cancel.  Could never get digital subscription to work.  Rodale said it was Amazon's fault, Amazon said it was Rodale's.  I said bye bye.","Had to cancel. Could never get digital subscription to work. Rodale said it was Amazon's fault, Amazon said it was Rodale's. I said bye bye."
train,4887,They renewed my subscription without notifying me first!  Did not subscribe again.,They renewed my subscription without notifying me first! Did not subscribe again.
train,4889,"fluff

Not much to really sink your teeth into.",fluff Not much to really sink your teeth into.
train,4891,Impossible to cancel online.  A lot of adds in the magazine. Auto renewed.  Save your money!!!!,Impossible to cancel online. A lot of adds in the magazine. Auto renewed. Save your money!!!!
train,4892,Great source of healthy eating alternatives.  Well thought out recipes and reviews of food/produce.,Great source of healthy eating alternatives. Well thought out recipes and reviews of food/produce.
train,4895,"do not know how rhey use this title??- is a ""religion "" magazine whatever that has to do with a mind?  kms","do not know how rhey use this title??- is a ""religion "" magazine whatever that has to do with a mind? kms"
train,4899,"I ordered for gifts 2 subscriptions.  Only 1 person received all issues, other person received only 1 issue.  Why?","I ordered for gifts 2 subscriptions. Only 1 person received all issues, other person received only 1 issue. Why?"
train,4909,Very few recipes that are of interest to me.  I am looking for healthy and recipes for one or two.  Waste of my money.,Very few recipes that are of interest to me. I am looking for healthy and recipes for one or two. Waste of my money.
train,4911,not what it used to be.  even the paper is poor quality.,not what it used to be. even the paper is poor quality.
train,4917,for a person my age it was a little disappointing.  Kathleen Cavalenes,for a person my age it was a little disappointing. Kathleen Cavalenes
train,4923,"I'm not as satisfied with this magazine as one would think.  Like many products on the market, it has more advertisements then informative content.","I'm not as satisfied with this magazine as one would think. Like many products on the market, it has more advertisements then informative content."
train,4924,"We didn't order it and I am having trouble getting it taken off my bill.  Not happy.  Love the magazine, but don't want it online.","We didn't order it and I am having trouble getting it taken off my bill. Not happy. Love the magazine, but don't want it online."
train,4943,Excellent Mag. have been reading it for more then 8  years. coupled with digital & magazine makes it the best of both worlds,Excellent Mag. have been reading it for more then 8 years. coupled with digital & magazine makes it the best of both worlds
train,4964,"Too many ads.  Not enough content.  Very pricey!!!  Also, it auto renews!!","Too many ads. Not enough content. Very pricey!!! Also, it auto renews!!"
train,4966,"I paid extra for the digital edition, come to find out, that I can't get the digital on my computer.  It's only for notebooks, etc.","I paid extra for the digital edition, come to find out, that I can't get the digital on my computer. It's only for notebooks, etc."
train,4971,Best garden magazine out there.  Advertising FREE.,Best garden magazine out there. Advertising FREE.
train,4987,"Love, love, Love reading The Daily Word every morning.  Keeps me focused on Truth.  And makes my day better!","Love, love, Love reading The Daily Word every morning. Keeps me focused on Truth. And makes my day better!"
train,4991,"Love this magazine,  tips,  products,  motivating stories,  guide to races and events all over the country,  it's great.","Love this magazine, tips, products, motivating stories, guide to races and events all over the country, it's great."
train,4996,Disappointed. Inthecontent.  Used to be better. Wont Get again,Disappointed. Inthecontent. Used to be better. Wont Get again
train,4999,Terrible.  Complete waste of money!,Terrible. Complete waste of money!
test,0,But I haven't received it yet since ordering it through you a long time ago!  I've never seen it take so long to get a subscription started.,But I haven't received it yet since ordering it through you a long time ago! I've never seen it take so long to get a subscription started.
test,2,"Love this magazine, I always find a few things I'm interested in every month.  I look forward to checking it out every month.  It's definitely a shoppers helper!","Love this magazine, I always find a few things I'm interested in every month. I look forward to checking it out every month. It's definitely a shoppers helper!"
test,5,"I would not buy this magazine again as there are too many advertisements.  Also, the magazine seems to be written for the upper class instead of for every one.","I would not buy this magazine again as there are too many advertisements. Also, the magazine seems to be written for the upper class instead of for every one."
test,6,Best way to follow daily mass with devotional at the end.  Love it!,Best way to follow daily mass with devotional at the end. Love it!
test,7,"I have always loved this mag!  It never disappoints.  I love to look at the pictures, and I'm in my 50's :)","I have always loved this mag! It never disappoints. I love to look at the pictures, and I'm in my 50's :)"
test,8,"love these books!
they are soothing for the soul.",love these books! they are soothing for the soul.
test,10,I was initially given a subscription of this magazine as a gift years ago and I have found that I really enjoy reading it.  It is in the top 2 magazines I have had.,I was initially given a subscription of this magazine as a gift years ago and I have found that I really enjoy reading it. It is in the top 2 magazines I have had.
test,13,"Be aware that the Kindle edition cannot be read on a PC/Mac, only on a handheld device.  In addition, you cannot get a refund for your Kindle purchase.","Be aware that the Kindle edition cannot be read on a PC/Mac, only on a handheld device. In addition, you cannot get a refund for your Kindle purchase."
test,15,"With extra videos, sidebars and great digital content, WatchTime hit it out of the park!  Worth every penny.  You'll love it.","With extra videos, sidebars and great digital content, WatchTime hit it out of the park! Worth every penny. You'll love it."
test,16,A+++++  Perfect product; great shipping; great cust. srvc.  I highly recommend this Seller; will use again!,A+++++ Perfect product; great shipping; great cust. srvc. I highly recommend this Seller; will use again!
test,21,"Rekindling my needle-craft hobbies, and this magazine inspires me.  I made a cowl from it, and get a lot of compliments --- there are a lot of other things I have in mind to make!","Rekindling my needle-craft hobbies, and this magazine inspires me. I made a cowl from it, and get a lot of compliments --- there are a lot of other things I have in mind to make!"
test,23,"I love the 40's, 50's and 60's am a history  buff and so any magazine that covers this time period I will buy it.","I love the 40's, 50's and 60's am a history buff and so any magazine that covers this time period I will buy it."
test,25,"This magazine is one of my all time favorites! I will buy it until I'm unable to read anymore. So full of so much information, health wise!!!!  I love it!","This magazine is one of my all time favorites! I will buy it until I'm unable to read anymore. So full of so much information, health wise!!!! I love it!"
test,26,I love WWII history  for each american killed there were 40 or more Russians killed.,I love WWII history for each american killed there were 40 or more Russians killed.
test,33,"I have yet to receive my first issue, so I am unable to comment on this publication.  What's the hold-up?","I have yet to receive my first issue, so I am unable to comment on this publication. What's the hold-up?"
test,35,I.love this magazine.  Do.much great info!,I.love this magazine. Do.much great info!
test,37,The beautiful world at your fingertips!  I even love the feel of the pages.  Such a simple  pleasure.,The beautiful world at your fingertips! I even love the feel of the pages. Such a simple pleasure.
test,41,This magazine is a waste of money and bores me.  Nothing here to see but ads.,This magazine is a waste of money and bores me. Nothing here to see but ads.
test,45,Great guide for traveling to all parts of the state.  Have subscribed to this publication for years.  I enjoy the splendid photography and the limited pages of advertising.,Great guide for traveling to all parts of the state. Have subscribed to this publication for years. I enjoy the splendid photography and the limited pages of advertising.
test,50,Continually renew my sub.  Grandson love it - just as I did.,Continually renew my sub. Grandson love it - just as I did.
test,53,Wow.  80% ads.,Wow. 80% ads.
test,56,for my great granddaughters.  will renew.,for my great granddaughters. will renew.
test,61,This product has not been delivered as yet...the down time as to when it was ordered and to when it is forcasted to arrive is much too long.  Golf Digest,This product has not been delivered as yet...the down time as to when it was ordered and to when it is forcasted to arrive is much too long. Golf Digest
test,63,My husband has been getting this magazine for at least 25 years.  He is a wood worker and really likes the different projects and tips in this magazine.,My husband has been getting this magazine for at least 25 years. He is a wood worker and really likes the different projects and tips in this magazine.
test,67,This magazine was very informative.  We have learned a lot from it.  Now we are both Diamond Members with Royal Caribbean and appreciate all the info we received.,This magazine was very informative. We have learned a lot from it. Now we are both Diamond Members with Royal Caribbean and appreciate all the info we received.
test,68,"Good magazine.  Great ideas, good work and good articles.  Enjoy it!","Good magazine. Great ideas, good work and good articles. Enjoy it!"
test,72,I thought there would be at least a few good steps to get started.  Not at all what I was expecting.  A very boring read,I thought there would be at least a few good steps to get started. Not at all what I was expecting. A very boring read
test,80,I bought this for a Father's Day gift for my dad and he is enjoying it.  :),I bought this for a Father's Day gift for my dad and he is enjoying it. :)
test,81,This magazine used to be a great read but now it seems to be all smut.  Really to not like it anymore.,This magazine used to be a great read but now it seems to be all smut. Really to not like it anymore.
test,83,"Not great, more for the beginning investor.  I will not renew my subscription","Not great, more for the beginning investor. I will not renew my subscription"
test,90,This was a gift for my dad..  It's his favorite magazine.  He has to read it from cover to cover.,This was a gift for my dad.. It's his favorite magazine. He has to read it from cover to cover.
test,92,"This was listed as $5 just 2 days ago! I needed to get the address of my gift reciepent and now the price is $10 :(
If they change the price back I will be purchasing.",This was listed as $5 just 2 days ago! I needed to get the address of my gift reciepent and now the price is $10 :( If they change the price back I will be purchasing.
test,100,This magazine is by far the best for western art.  Great articles on artists and techniques.  Excellent quality magazine.,This magazine is by far the best for western art. Great articles on artists and techniques. Excellent quality magazine.
test,104,Love this magazine.  Great recipes and great ideas.,Love this magazine. Great recipes and great ideas.
test,112,Way too much advertisement.  Hardly any reading material in the magazine,Way too much advertisement. Hardly any reading material in the magazine
test,123,"As such, I am unable to review it.

However, I can review the ship time and I am not pleased with it at all.","As such, I am unable to review it. However, I can review the ship time and I am not pleased with it at all."
test,124,"i had to ask 2 months ago. where is it?
finally delivered it. never got next issue.",i had to ask 2 months ago. where is it? finally delivered it. never got next issue.
test,126,I did not authorize auto-renewal.  I would have renewed at the $5 rate but not at the $12 rate.....and tried to cancel but could not.,I did not authorize auto-renewal. I would have renewed at the $5 rate but not at the $12 rate.....and tried to cancel but could not.
test,133,Dull and boring not like the old magazine that  once was,Dull and boring not like the old magazine that once was
test,134,I cannot get more than the one issue I already downloaded.  Have Prime reading free and the Kindle APP but I just kept being thrown to the annual subscription page.,I cannot get more than the one issue I already downloaded. Have Prime reading free and the Kindle APP but I just kept being thrown to the annual subscription page.
test,135,"The one I received has a  lot of good ideas n& receipes. Can't wait for the next issue.
I like surprises.",The one I received has a lot of good ideas n& receipes. Can't wait for the next issue. I like surprises.
test,139,"didn't get it/ wasn't received/ it was never mailed to me/ must be on flight 370/
somebody's dog ate it/ was it on the hindenberg?",didn't get it/ wasn't received/ it was never mailed to me/ must be on flight 370/ somebody's dog ate it/ was it on the hindenberg?
test,140,I paid for a whole year's subscription but was luck to get 1/2 the magazines.  I even contacted the publisher and no one could ever get the mess cleaned up.,I paid for a whole year's subscription but was luck to get 1/2 the magazines. I even contacted the publisher and no one could ever get the mess cleaned up.
test,141,Two year subscription to O- Oprah magazine.  This was the best price I could find anywhere and it was delivered promptly!,Two year subscription to O- Oprah magazine. This was the best price I could find anywhere and it was delivered promptly!
test,143,This is difficult to use.  Have no idea how to get back issues  Not worth tinkering with.  It should work out of the box.,This is difficult to use. Have no idea how to get back issues Not worth tinkering with. It should work out of the box.
test,148,I have not received my subscription for Real Simple but check was cashed a couple of months ago.  I have a locked mail box so know it wasn't stolen.,I have not received my subscription for Real Simple but check was cashed a couple of months ago. I have a locked mail box so know it wasn't stolen.
test,155,Terrible - who needs to listen to a  narcissist ?,Terrible - who needs to listen to a narcissist ?
test,156,I have read GQ Magazine for almost 9 years now.  This is by far my favorite magazine to resubscibe to over and over again.,I have read GQ Magazine for almost 9 years now. This is by far my favorite magazine to resubscibe to over and over again.
test,157,I LOVE US WEEKLY Magazine!!  I found this here and was so HAPPY with the cheaper price!!!  Score!!  Will re-order again!  Thank you for having this!!,I LOVE US WEEKLY Magazine!! I found this here and was so HAPPY with the cheaper price!!! Score!! Will re-order again! Thank you for having this!!
test,158,"My husband loves this magazine and looks forward to it coming.  He loves to see how things work and reading about ""guy things"".","My husband loves this magazine and looks forward to it coming. He loves to see how things work and reading about ""guy things""."
test,159,The only finance magazine needed for the average investor.  This is a complete investor magazine and showing the best investments for different times of life.,The only finance magazine needed for the average investor. This is a complete investor magazine and showing the best investments for different times of life.
test,161,I love National Geographic.  It has the best photos and the stories are amazing.  This is a great addition for anyone's reading list.,I love National Geographic. It has the best photos and the stories are amazing. This is a great addition for anyone's reading list.
test,162,This is a renewal of a subscription I had in the past.  Love these magazines because they glorify New England!,This is a renewal of a subscription I had in the past. Love these magazines because they glorify New England!
test,163,"Love my Practical Horseman.  Came even faster than promised, which is always a plus in my book.","Love my Practical Horseman. Came even faster than promised, which is always a plus in my book."
test,174,"Not crazy about the TV guide. Disappointed that it does not list day time shows. It only lists shows from 7pm to 10:30!
I probably will not renew my subscription.",Not crazy about the TV guide. Disappointed that it does not list day time shows. It only lists shows from 7pm to 10:30! I probably will not renew my subscription.
test,176,I hate it!  I couldn't get past the first 3 pages which were all pages geared to sales.  I plan to cancel my subscription.,I hate it! I couldn't get past the first 3 pages which were all pages geared to sales. I plan to cancel my subscription.
test,177,I love my Bookmarks magazine.  It helps me decide which books I choose to buy.  It gives you reviews from multiple sources.,I love my Bookmarks magazine. It helps me decide which books I choose to buy. It gives you reviews from multiple sources.
test,179,I still have not received this item and am very disappointed about that.  It has been almost 2 months.,I still have not received this item and am very disappointed about that. It has been almost 2 months.
test,180,Fantastic cooking magazine!  Great recipes and always full of recipes you can actually use!!!  Love it!,Fantastic cooking magazine! Great recipes and always full of recipes you can actually use!!! Love it!
test,184,"not all of us have kindle fire or an iphone/ipad, not fair to the people that have kindle Touch.
thumbs down to publisher","not all of us have kindle fire or an iphone/ipad, not fair to the people that have kindle Touch. thumbs down to publisher"
test,188,"I have been reading Runner's world for years.  I like the articles, training tips, and overall information available in the magazine and online.","I have been reading Runner's world for years. I like the articles, training tips, and overall information available in the magazine and online."
test,191,"We've written the publisher a few times and we still haven't received this
magazine even though they respond that its on the way!!",We've written the publisher a few times and we still haven't received this magazine even though they respond that its on the way!!
test,194,"Love National Geographic.  Can't be without it.  Well written, interesting articles, beautiful photography.","Love National Geographic. Can't be without it. Well written, interesting articles, beautiful photography."
test,198,Always shows up half way through the Grand Slam.  Be nice if it could come prior to !!!!!!!!,Always shows up half way through the Grand Slam. Be nice if it could come prior to !!!!!!!!
test,199,I did not know I was signing up for auto-renewal and do not want the magazine anymore or the auto-renewal.  This was very misleading and I am not happy about it.,I did not know I was signing up for auto-renewal and do not want the magazine anymore or the auto-renewal. This was very misleading and I am not happy about it.
test,205,Just received my January issue and it seems to have a lot less pages than it did before.  It was only $5 for the year but won't be renewing it when the year is up.,Just received my January issue and it seems to have a lot less pages than it did before. It was only $5 for the year but won't be renewing it when the year is up.
test,207,So far not very satisfied!  I am still waiting for my first issue to arrive.  Paid for it on 12/6/12 - almost 2 months ago.,So far not very satisfied! I am still waiting for my first issue to arrive. Paid for it on 12/6/12 - almost 2 months ago.
test,208,I heard this magazine pays for itself and it's true.  Great articles and tips too!,I heard this magazine pays for itself and it's true. Great articles and tips too!
test,215,Love this magazine.  Has great recipes and interesting articles.  This and VegNews are my favorite magazines.,Love this magazine. Has great recipes and interesting articles. This and VegNews are my favorite magazines.
test,216,The most beautiful shelter magazine today!  Every issue has been thrilling.  I read it cover to cover and then pass it on.,The most beautiful shelter magazine today! Every issue has been thrilling. I read it cover to cover and then pass it on.
test,222,"Good, healthy recipes.  I'm not disappointed!","Good, healthy recipes. I'm not disappointed!"
test,225,"We love National Geographic.  It's great to get both the magazine and the digital copy.  Be sure to track the subscription date, I waiting for it to renew on my current order.","We love National Geographic. It's great to get both the magazine and the digital copy. Be sure to track the subscription date, I waiting for it to renew on my current order."
test,227,Not like it used to be to many advertisements not enough content.  The older issues were worth reading.  Will not renew.,Not like it used to be to many advertisements not enough content. The older issues were worth reading. Will not renew.
test,229,"Ordered 12/16/09, as of 02/12/10 (8 weeks)haven't received the firsts issue.  It's taking too long, if it gets here at all.","Ordered 12/16/09, as of 02/12/10 (8 weeks)haven't received the firsts issue. It's taking too long, if it gets here at all."
test,230,Hoped for fashion magazine for older women.  This is not.  Will  not renew,Hoped for fashion magazine for older women. This is not. Will not renew
test,231,I did not order it but suddenly got a bill for it.  Please do not auto renew anything for me.,I did not order it but suddenly got a bill for it. Please do not auto renew anything for me.
test,234,I have not received 1 copy yet.  How can I give it anything else?  I will probably enjoy it once that happens.,I have not received 1 copy yet. How can I give it anything else? I will probably enjoy it once that happens.
test,235,"Love this magazine! I am a visual learner, so I look forward to learning  tricks and tips to common household projects. The new tool reviews have been spot on as well!","Love this magazine! I am a visual learner, so I look forward to learning tricks and tips to common household projects. The new tool reviews have been spot on as well!"
test,236,Nothing really  iin it,Nothing really iin it
test,244,why. why. why.  tell me why?  we can not buy a book in china.  can it be changed?  is it very difficult in this area.  we will be very happy to buy in in this country.,why. why. why. tell me why? we can not buy a book in china. can it be changed? is it very difficult in this area. we will be very happy to buy in in this country.
test,254,By far the best photographic magazine on the planet...  a must have for any world traveler or photo junkie.  A beautiful magazine.,By far the best photographic magazine on the planet... a must have for any world traveler or photo junkie. A beautiful magazine.
test,261,"Great job with the renewal delivered as promised price competitive, I  LOVE Amazon","Great job with the renewal delivered as promised price competitive, I LOVE Amazon"
test,263,Great. Magazine.  My favorite,Great. Magazine. My favorite
test,266,"I have not received the kindle edition. So, as far as I'm concerned,  the purchase has not happened and I was ripped off.","I have not received the kindle edition. So, as far as I'm concerned, the purchase has not happened and I was ripped off."
test,268,I don't know why I get this publication I don't want it but yet it shows up every month!!  this is not for me.,I don't know why I get this publication I don't want it but yet it shows up every month!! this is not for me.
test,274,The articles are so in depth and hard to put down!  Each issue has so many good items to read.,The articles are so in depth and hard to put down! Each issue has so many good items to read.
test,275,"Magazine looks like it is printed on recycled shoe rubber, blurry and crap.  Barely any articles anymore, don't bother.","Magazine looks like it is printed on recycled shoe rubber, blurry and crap. Barely any articles anymore, don't bother."
test,276,"U CHEAT YOUR CUSTOMERS . NEVER RECEIVED BUT ONE. MAGAZINE. MY GRANDDAUGHTER WAS VERY DISAPPOINTED.
U PROBABLY SCREW EVERYONE LIKE THAT.

LARRY HUBBARD
RE. LWHUBRD@AOL.COM",U CHEAT YOUR CUSTOMERS . NEVER RECEIVED BUT ONE. MAGAZINE. MY GRANDDAUGHTER WAS VERY DISAPPOINTED. U PROBABLY SCREW EVERYONE LIKE THAT. LARRY HUBBARD RE. LWHUBRD@AOL.COM
test,285,My son loves this magazine!  He looks forward to each issue. ESPN is a great magaine for men. Keep up the good articles!!!,My son loves this magazine! He looks forward to each issue. ESPN is a great magaine for men. Keep up the good articles!!!
test,290,"Excellent information in this little magazine!  Promotes good health, reversal of bad habits AND the tools and info needed to accomplish optimal health!","Excellent information in this little magazine! Promotes good health, reversal of bad habits AND the tools and info needed to accomplish optimal health!"
test,292,"Ordered House Beautiful on December 8,2009 - but haven't seen one page of it yet.  Where is it???","Ordered House Beautiful on December 8,2009 - but haven't seen one page of it yet. Where is it???"
test,294,I Love the additional thoughts added to the daily mass readings.  A great way to start my day and easy to pull up on my phone or iPad!!,I Love the additional thoughts added to the daily mass readings. A great way to start my day and easy to pull up on my phone or iPad!!
test,295,Love this book.  Makes the Mass more enjoyable as I can follow along with the priest.  Wouldn't go to Mass without it.,Love this book. Makes the Mass more enjoyable as I can follow along with the priest. Wouldn't go to Mass without it.
test,297,So much great information!! Wonderful advice and lots and lots of resources!  Important tool to have!,So much great information!! Wonderful advice and lots and lots of resources! Important tool to have!
test,300,On many articles print is so small it is unreadable.  A disappointment to a long time  TIME MAGAZINE reader,On many articles print is so small it is unreadable. A disappointment to a long time TIME MAGAZINE reader
test,310,"I have not received this magazine yet????? When will I receive it????

Thanks, Denise","I have not received this magazine yet????? When will I receive it???? Thanks, Denise"
test,314,Would like to cancel my subscription when it ends.  Really not to happy with the magazine,Would like to cancel my subscription when it ends. Really not to happy with the magazine
test,315,Bought for the wife.  She loves the Food Network and I love the different ideas for meals that she comes up with!!,Bought for the wife. She loves the Food Network and I love the different ideas for meals that she comes up with!!
test,317,"Too many ads,  very little content.","Too many ads, very little content."
test,319,"...if this is simple, I would hate to see complex.  Aimed only at people making 100K+ per year.  The working class are only allowed to look and wish.  Much like GQ","...if this is simple, I would hate to see complex. Aimed only at people making 100K+ per year. The working class are only allowed to look and wish. Much like GQ"
test,321,"Not worth the price,  even if Amazon offer to you FREE.  Nothing in it,  only poker faced modells.  Im not enjoy it at all.","Not worth the price, even if Amazon offer to you FREE. Nothing in it, only poker faced modells. Im not enjoy it at all."
test,326,"My whole family loves this magazine.  I thought it would take a long time to start arriving, but I was pleasantly surprised.","My whole family loves this magazine. I thought it would take a long time to start arriving, but I was pleasantly surprised."
test,327,LOVE IT!  so many spring things to work on,LOVE IT! so many spring things to work on
test,335,I love this magazine.  It's full of good articles and tips and coupons.  This is one magazine you will always want to continue getting.,I love this magazine. It's full of good articles and tips and coupons. This is one magazine you will always want to continue getting.
test,337,I love this magazine.  It has great articles and photos from around the country.  The subscription price through Amazon can't be beat.,I love this magazine. It has great articles and photos from around the country. The subscription price through Amazon can't be beat.
test,339,GREAT PUBLICATION.  FOLLOWS THE MASS PERFECTLY,GREAT PUBLICATION. FOLLOWS THE MASS PERFECTLY
test,347,This mag was the perfect gift for my husband.  Easy-read short articles for the guy w/never enough time!,This mag was the perfect gift for my husband. Easy-read short articles for the guy w/never enough time!
test,351,"This is the best of the outdoor fishing magazines. Usually has interesting research in the front pages.

Good graphics, many species covered.","This is the best of the outdoor fishing magazines. Usually has interesting research in the front pages. Good graphics, many species covered."
test,355,I always look forward to getting each issue.  There are great patterns and I always find a new project. Also very helpful with knitting tips.,I always look forward to getting each issue. There are great patterns and I always find a new project. Also very helpful with knitting tips.
test,357,My favorite  Mag,My favorite Mag
test,361,"No magazine has better recipes than this one. RS makes sure their recipes are delicious, nutritious and easy to follow.
I love this magazine and so does my boyfriend.","No magazine has better recipes than this one. RS makes sure their recipes are delicious, nutritious and easy to follow. I love this magazine and so does my boyfriend."
test,362,Have read this magazine for years - couldn't beat the prime subscription price.  Highly recommend this magazine,Have read this magazine for years - couldn't beat the prime subscription price. Highly recommend this magazine
test,365,All these weeks and I still haven't received my first issue.  I am very disappointed with this whole experience.,All these weeks and I still haven't received my first issue. I am very disappointed with this whole experience.
test,371,Sent to a brother who loves to sketch.  He loves it...Thank you!,Sent to a brother who loves to sketch. He loves it...Thank you!
test,380,Subscribed for my great grandson and he loves it.  llustrations are wonderful.,Subscribed for my great grandson and he loves it. llustrations are wonderful.
test,381,DO NOT GET VERANDA.  They will send you fake invoices with threats to pay even if you are paid up for years in advance.,DO NOT GET VERANDA. They will send you fake invoices with threats to pay even if you are paid up for years in advance.
test,389,I ordered this Magazine in early December and did not get my first copy until March.  The magazine when I did get it had no substance.,I ordered this Magazine in early December and did not get my first copy until March. The magazine when I did get it had no substance.
test,391,Only Prime Time listing.  Poor,Only Prime Time listing. Poor
test,392,"Lots of great and repeatable ideas.  Easy to follow instructions.  Not ""out-there"" ideas either, things I would actually do and use in my home.  Will buy again.","Lots of great and repeatable ideas. Easy to follow instructions. Not ""out-there"" ideas either, things I would actually do and use in my home. Will buy again."
test,397,This magazine is perfect and keeps me  up to date on all the best things. Every time a new issue is released i cannot put it down.,This magazine is perfect and keeps me up to date on all the best things. Every time a new issue is released i cannot put it down.
test,398,The Sports Illustrated magazine came just in time so we didn't miss any issues.  Thanks.  Cheaper than renewing elsewhere.,The Sports Illustrated magazine came just in time so we didn't miss any issues. Thanks. Cheaper than renewing elsewhere.
test,401,Love this magazine.  I get so many ideas for my home and it has great recipes!,Love this magazine. I get so many ideas for my home and it has great recipes!
test,402,"I didn't get all my print issues - the electronic issue is difficult to read on my tablet and the print sometimes came, sometimes didn't.  Very very disappointing.","I didn't get all my print issues - the electronic issue is difficult to read on my tablet and the print sometimes came, sometimes didn't. Very very disappointing."
test,403,Keep track in your checkbook and write down when you first get your first reader's digest.  You won't get a full year.,Keep track in your checkbook and write down when you first get your first reader's digest. You won't get a full year.
test,405,"Great price,  great magazine. Wife and I actually enjoy the readers true stories. Penthouse letters is another great read.  Enjoy life to the fullest","Great price, great magazine. Wife and I actually enjoy the readers true stories. Penthouse letters is another great read. Enjoy life to the fullest"
test,406,Awesome magazine!  Loaded with great articles and useful tips. I look forward to getting the magazine in the mail each week.,Awesome magazine! Loaded with great articles and useful tips. I look forward to getting the magazine in the mail each week.
test,412,"I thought this magazine was about science?  Rename it ""Global Warming Monthly"".  Honestly, they find a way to squeeze it into the magazine every month.  RUBBISH.","I thought this magazine was about science? Rename it ""Global Warming Monthly"". Honestly, they find a way to squeeze it into the magazine every month. RUBBISH."
test,413,I ordered the magazine in April and it was scheduled to get here late June.  I never saw it. I was really looking forward to reading it too!,I ordered the magazine in April and it was scheduled to get here late June. I never saw it. I was really looking forward to reading it too!
test,414,"Love this magazine - lots of colorful pictures and great articles of far away places.  If you love learning about other cultures, read this magazine, written in friendly language.","Love this magazine - lots of colorful pictures and great articles of far away places. If you love learning about other cultures, read this magazine, written in friendly language."
test,418,"This is absolutely not a magazine for tweens.  Completely inappropriate content for 10+, middle schoolers.

enough said.","This is absolutely not a magazine for tweens. Completely inappropriate content for 10+, middle schoolers. enough said."
test,420,"Has always been my favorite ""read"".  Covers social issues, and prominent figures around the globe.  Refreshing, insightful.","Has always been my favorite ""read"". Covers social issues, and prominent figures around the globe. Refreshing, insightful."
test,425,"This is a wonderful magazine, enjoy every page, worth re-reading several times.  The pictures are beautiful.  Never gets old. A magazine to share with friends.","This is a wonderful magazine, enjoy every page, worth re-reading several times. The pictures are beautiful. Never gets old. A magazine to share with friends."
test,426,It won't open in my Kindle.  I would like to receive printed copy.,It won't open in my Kindle. I would like to receive printed copy.
test,428,"This magazine isn't nearly what it used to be.  If super cheap deals weren't available, I would not subscribe.","This magazine isn't nearly what it used to be. If super cheap deals weren't available, I would not subscribe."
test,432,"I love this magazine--I read it cover to cover every month.  Cool adventure stories very well written, latest reviews on the coolest gear, and just overall a great read.","I love this magazine--I read it cover to cover every month. Cool adventure stories very well written, latest reviews on the coolest gear, and just overall a great read."
test,442,Been reading Reader's Digest for 51 years.  Not about to stop now.,Been reading Reader's Digest for 51 years. Not about to stop now.
test,443,mag not all that good.  not even good enough to go through a second time as I usually do with mags.,mag not all that good. not even good enough to go through a second time as I usually do with mags.
test,454,"I have not recieved one magazine as yet.  How much longer does it take to get a magazine,  I was hoping to get it before Christmas.","I have not recieved one magazine as yet. How much longer does it take to get a magazine, I was hoping to get it before Christmas."
test,459,Arrived quickly.  Love the magazine.,Arrived quickly. Love the magazine.
test,461,"Meat dishes  mostly.
Cancel subscribtion..",Meat dishes mostly. Cancel subscribtion..
test,465,Never was able to get  digal access,Never was able to get digal access
test,475,great deal---52 issues for under $34...can't beat that.  also the first issue came less than 30 days after i placed the order which was a plus!,great deal---52 issues for under $34...can't beat that. also the first issue came less than 30 days after i placed the order which was a plus!
test,483,I've been a subscriber for years.  I love this magazine!!!!!,I've been a subscriber for years. I love this magazine!!!!!
test,485,"Not the maxim i remember from a few years ago, this was a very slim issue without even one redeeming value.

sorry i subscribed to it again.","Not the maxim i remember from a few years ago, this was a very slim issue without even one redeeming value. sorry i subscribed to it again."
test,489,"Wife & her clients enjoy this magazine. Short & sweet articles, coupons for everyday items you want to use, household tips it can
be something for ""All You"".","Wife & her clients enjoy this magazine. Short & sweet articles, coupons for everyday items you want to use, household tips it can be something for ""All You""."
test,490,I ordered the one year subscription (non auto-renewal).  I received four issues and then it stopped.  Okay...it was only eight bucks but this is bogus!,I ordered the one year subscription (non auto-renewal). I received four issues and then it stopped. Okay...it was only eight bucks but this is bogus!
test,494,"i so love this magazine!!!
Did my bedroom over by looking at it",i so love this magazine!!! Did my bedroom over by looking at it
test,496,"Family Circle has been one of my favorite magazines for many years and now my cousin's daughters love it, too!  They are always trying out the recipes for family get-togethers.","Family Circle has been one of my favorite magazines for many years and now my cousin's daughters love it, too! They are always trying out the recipes for family get-togethers."
test,497,"Advertised as ""Print & Kindle"".  However only got the print copy and NOT the kindle copy","Advertised as ""Print & Kindle"". However only got the print copy and NOT the kindle copy"
test,500,I didn't much like this magazine at all.  It is very thin and there's not anything very interesting inside.  I would not buy this again.,I didn't much like this magazine at all. It is very thin and there's not anything very interesting inside. I would not buy this again.
test,505,I cancelled my  subscription  twice and they keep charging me very disappointing.,I cancelled my subscription twice and they keep charging me very disappointing.
test,506,Simply the best overall bodybuilding  magazine bar none! I'm very happy with my subscription and definitely plan on renewing. A+,Simply the best overall bodybuilding magazine bar none! I'm very happy with my subscription and definitely plan on renewing. A+
test,509,I have not received this and it was promised for delivery the first of the month.  It is now the middle of the month.,I have not received this and it was promised for delivery the first of the month. It is now the middle of the month.
test,510,I haven't received a single issue yet.  I hope my subscription  does NOT begin with last month's issue or even two old issues.  That's happened to me before.,I haven't received a single issue yet. I hope my subscription does NOT begin with last month's issue or even two old issues. That's happened to me before.
test,513,It has ads for things I can't afford. $2000 for shoes?  And plenty of Armani & D&G advertisements.  I will get something else when it expires,It has ads for things I can't afford. $2000 for shoes? And plenty of Armani & D&G advertisements. I will get something else when it expires
test,515,"If you're an avid snowmobiler, SnowGoer is one of the best!  Especially like the issue about snowmobiling destinations.
Thanks SnowGoer!","If you're an avid snowmobiler, SnowGoer is one of the best! Especially like the issue about snowmobiling destinations. Thanks SnowGoer!"
test,521,Love this magazine. So many great ideas abs pages of inspiration.  A must have! You won't be disappointed with this.,Love this magazine. So many great ideas abs pages of inspiration. A must have! You won't be disappointed with this.
test,524,"good mag. nice articles and enjoy seeing the new things that are coming out.
nice articles on long term test of new cars",good mag. nice articles and enjoy seeing the new things that are coming out. nice articles on long term test of new cars
test,526,"So far, only one of the subscriptions has been delivered.  Please check status of both purchases and notify me of dates mailed, etc.","So far, only one of the subscriptions has been delivered. Please check status of both purchases and notify me of dates mailed, etc."
test,527,enjoy the magazine.  articles are concise and interesting.  interested in gardening and collecting.  Is that enough words yet?  yet?  yet?,enjoy the magazine. articles are concise and interesting. interested in gardening and collecting. Is that enough words yet? yet? yet?
test,528,My grandaughter outgrew the magazine.  We are going to cancel it.,My grandaughter outgrew the magazine. We are going to cancel it.
test,537,Since I live on the Pa /WVborder I thought I would get this Magazine only the cover was different the whole magazine is page for page like the Pa  very disappointed,Since I live on the Pa /WVborder I thought I would get this Magazine only the cover was different the whole magazine is page for page like the Pa very disappointed
test,541,This magazine should change the ages to at least over the age of 13!!  Young girls get thrown info on obsessing over boys at way too young an age!!,This magazine should change the ages to at least over the age of 13!! Young girls get thrown info on obsessing over boys at way too young an age!!
test,543,Only 2 issues have arrived so far and we are 10 months in to the subscription.  What a rip off!,Only 2 issues have arrived so far and we are 10 months in to the subscription. What a rip off!
test,544,"This magazine has been a favorite of mine for years.  It has a variety of interesting and current articles, and it is easy to scan in a short time","This magazine has been a favorite of mine for years. It has a variety of interesting and current articles, and it is easy to scan in a short time"
test,548,This is by far my favorite magazine.  The recipes are easy to follow and the articles are informative.  I learn so much every month.,This is by far my favorite magazine. The recipes are easy to follow and the articles are informative. I learn so much every month.
test,551,"Was once great.  Now a shadow of its former self.
Don't kill a tree to get one.
Don't waste the memory to download one.",Was once great. Now a shadow of its former self. Don't kill a tree to get one. Don't waste the memory to download one.
test,557,Great magazine.  Interesting insight into many areas of interest,Great magazine. Interesting insight into many areas of interest
test,563,Great magazine.  Tons of tips.,Great magazine. Tons of tips.
test,565,I buy this magazine for my 10 year-old son.  He always finds interesting articles and pictures.  It is well worth the price for such great quality.,I buy this magazine for my 10 year-old son. He always finds interesting articles and pictures. It is well worth the price for such great quality.
test,569,"THIS MAGAZINE IS GREAT AND THE PRICE WONDERFUL, YOU CAN NOT GET A BETTER DEAL .  I AM SO GLAD I GOT THIS EMAIL AND GOT A RENEW SUBSCRIPTION.  THANKS","THIS MAGAZINE IS GREAT AND THE PRICE WONDERFUL, YOU CAN NOT GET A BETTER DEAL . I AM SO GLAD I GOT THIS EMAIL AND GOT A RENEW SUBSCRIPTION. THANKS"
test,571,I have recently been diagnoised with the onset of Diabetiac.  I am trying to control by diet.  Diabetic Living has some very good recipes and articles.,I have recently been diagnoised with the onset of Diabetiac. I am trying to control by diet. Diabetic Living has some very good recipes and articles.
test,575,"It is very difficult to access from kindle.  It does not appear on kindle on one, kindle app on my iphone or ipad.  I will be cancelling my subscription shortly.","It is very difficult to access from kindle. It does not appear on kindle on one, kindle app on my iphone or ipad. I will be cancelling my subscription shortly."
test,576,She loves it.  I love it too.  Reader's Digest is still true to its mission of timely information with lots of humor in a capsulated form.  It will be her annual gift.,She loves it. I love it too. Reader's Digest is still true to its mission of timely information with lots of humor in a capsulated form. It will be her annual gift.
test,577,Yay daughter loved this magazine.  She looks forward to future issues.,Yay daughter loved this magazine. She looks forward to future issues.
test,579,I would love to review this item but I have not received it yet.  I don't know if I have to wait a bit because it's a magazine or what but I really hope I get one soon.,I would love to review this item but I have not received it yet. I don't know if I have to wait a bit because it's a magazine or what but I really hope I get one soon.
test,582,I only got part of the magazine downloaded.  The billionaires list did not download.  I shall not buy Forbes magazine again.,I only got part of the magazine downloaded. The billionaires list did not download. I shall not buy Forbes magazine again.
test,585,"I love, love, love this magazine!  It never fails to disappoint me.  There is something for everyone in this publication!","I love, love, love this magazine! It never fails to disappoint me. There is something for everyone in this publication!"
test,587,"No cover!!!
No table of contents!!!
This is unaceptable!!!
And this is the only one edition for the Kindle!!!
This is Amazon at its worst!!! (+DRM!!!)",No cover!!! No table of contents!!! This is unaceptable!!! And this is the only one edition for the Kindle!!! This is Amazon at its worst!!! (+DRM!!!)
test,592,"Ordered this Real Simple Magazine over 2 months ago.  Still no magazine.  I love this magazine, but its hard to love something that you don't have a chance to look at it.","Ordered this Real Simple Magazine over 2 months ago. Still no magazine. I love this magazine, but its hard to love something that you don't have a chance to look at it."
test,599,Bought this for a X-mas for my Son-in-law.  It is now April and have yet to receive a single issue.,Bought this for a X-mas for my Son-in-law. It is now April and have yet to receive a single issue.
test,609,Love this magazine.  I love the way they explain colors.  I have used two of the colors for different rooms and they were right on target with what I wanted.,Love this magazine. I love the way they explain colors. I have used two of the colors for different rooms and they were right on target with what I wanted.
test,614,"No, not really good.  No organization, jus a print of their online recipes - there's been no additional testing or tasting.  Not renewing.","No, not really good. No organization, jus a print of their online recipes - there's been no additional testing or tasting. Not renewing."
test,622,getting this app installed is more trouble than it's worth.  I prefer to stick with the paper version of the magazine,getting this app installed is more trouble than it's worth. I prefer to stick with the paper version of the magazine
test,626,My daughter just loves this magazine.  She raises sheep and is a wool artist.  I get it for her every year.,My daughter just loves this magazine. She raises sheep and is a wool artist. I get it for her every year.
test,629,"Ilove
I love this magazine. It has the perfect blend of beauty products and fashion. The luxe for less is fantastic.",Ilove I love this magazine. It has the perfect blend of beauty products and fashion. The luxe for less is fantastic.
test,633,I HAVE YET TO RECEIVE THIS MAGAZINE IN THE MAIL!  I PLACED THE ORDER IN JANUARY AND IT IS NOW MAY!  IT HAS BEEN 5 MONTHS AND NO MAGAZINE!  I WANT A REFUND!!,I HAVE YET TO RECEIVE THIS MAGAZINE IN THE MAIL! I PLACED THE ORDER IN JANUARY AND IT IS NOW MAY! IT HAS BEEN 5 MONTHS AND NO MAGAZINE! I WANT A REFUND!!
test,639,"Once again a very informative story from a magazine you would not expect to cover such a very technical subject.
Further proof of a magazine well worth haveing.",Once again a very informative story from a magazine you would not expect to cover such a very technical subject. Further proof of a magazine well worth haveing.
test,641,I WAS GLAD TO FIND THE PRICING GOOD AGAIN THIS YEAR.  MY SISTER GETS A SUBSCRIPTION FROM YOU ALSO AND WE BOTH LOVE THE TV GUIDE,I WAS GLAD TO FIND THE PRICING GOOD AGAIN THIS YEAR. MY SISTER GETS A SUBSCRIPTION FROM YOU ALSO AND WE BOTH LOVE THE TV GUIDE
test,644,"A month later, still no magazine

I have had 4 subs with them in the past and have had problems receiving the magazine in EVERY case

Great mag- terrible delivery","A month later, still no magazine I have had 4 subs with them in the past and have had problems receiving the magazine in EVERY case Great mag- terrible delivery"
test,645,Vanity Fairis is misogynistic garbage rag.  Dont waste your money.,Vanity Fairis is misogynistic garbage rag. Dont waste your money.
test,647,"cannot access  it on line, got first paper magazine,  disappointed, it's not what VOGUE used to be, but a think you get what you pay!!!","cannot access it on line, got first paper magazine, disappointed, it's not what VOGUE used to be, but a think you get what you pay!!!"
test,648,I did not order this magazine.  I do not want this magazine. Stop sending this to me or I will be forced to turn you into the BBB.,I did not order this magazine. I do not want this magazine. Stop sending this to me or I will be forced to turn you into the BBB.
test,649,"Absolutely love this monthly book!  Am going to give to family as a Christmas gift.  I've learned so
much from the use of it. Highly recommend it!",Absolutely love this monthly book! Am going to give to family as a Christmas gift. I've learned so much from the use of it. Highly recommend it!
test,664,"I have not yet received one magazine yet.  Ordered Dec 1, 2009.  Other magazines ordered the same day have arrived.","I have not yet received one magazine yet. Ordered Dec 1, 2009. Other magazines ordered the same day have arrived."
test,676,Love Rachel Ray 's magazine and this was a great buy!  She has such wonderful ideas and articles.  Love them all!!! Thanks!,Love Rachel Ray 's magazine and this was a great buy! She has such wonderful ideas and articles. Love them all!!! Thanks!
test,677,I love Readers Digest.  Your price is amazing.,I love Readers Digest. Your price is amazing.
test,678,Most of the pages did not download.  If I purchased a magazine in the store with missing pages I would have returned it.  I will not download another magazine for my Kindle.,Most of the pages did not download. If I purchased a magazine in the store with missing pages I would have returned it. I will not download another magazine for my Kindle.
test,679,"I have long coveted this magazine.  If you enjoy design and architecture, this is an excellent magazine.","I have long coveted this magazine. If you enjoy design and architecture, this is an excellent magazine."
test,687,I ordered this magazine in November 2009.  It's February and I have yet to receive a copy!,I ordered this magazine in November 2009. It's February and I have yet to receive a copy!
test,689,I was very disappointed this is strictly a trials magazine full of ads.  No real rabbit hunting.  I would not buy,I was very disappointed this is strictly a trials magazine full of ads. No real rabbit hunting. I would not buy
test,692,"The best magazine out there for those who want simple ideas on decorating, meal making, re-use, gardening, etc.  I LOVE everything about this zine. Highly recommend!","The best magazine out there for those who want simple ideas on decorating, meal making, re-use, gardening, etc. I LOVE everything about this zine. Highly recommend!"
test,695,Wonderful to read on my Kindle.  It is a great convenience while waiting in a waiting room.,Wonderful to read on my Kindle. It is a great convenience while waiting in a waiting room.
test,696,hubster loves this magazine and has been receiving it for the last twenty plus years.  a necessary read in our house,hubster loves this magazine and has been receiving it for the last twenty plus years. a necessary read in our house
test,698,"I've wanted this magazine for 6 months, and finally splurged and got it.

I love reading this magazine each week!  Puts all other news magazines to SHAME!","I've wanted this magazine for 6 months, and finally splurged and got it. I love reading this magazine each week! Puts all other news magazines to SHAME!"
test,702,STICK WITH THE MAGAZINE.  FINE PRINT ON (SO CALLED CLUB) COST YOU BIG BUCKS.,STICK WITH THE MAGAZINE. FINE PRINT ON (SO CALLED CLUB) COST YOU BIG BUCKS.
test,706,I just received the first issue of a full years subscription and never received another one again.  This is a rip off,I just received the first issue of a full years subscription and never received another one again. This is a rip off
test,710,"I was under the impression that this subscription came with an e-read option...IT DOES NOT!
 I wish I hadn't signed up for this as I don't read hard copy mags any longer.",I was under the impression that this subscription came with an e-read option...IT DOES NOT! I wish I hadn't signed up for this as I don't read hard copy mags any longer.
test,711,"As a sports fanatic I always enjoy Sports Illustrated. It keeps me up to date in the sports world and sometimes teaches me something
I didn't know!.",As a sports fanatic I always enjoy Sports Illustrated. It keeps me up to date in the sports world and sometimes teaches me something I didn't know!.
test,712,"Renewing this magazine is a mistake, as all the info is recycled over time.  Nothing really new after you've received it for a year.","Renewing this magazine is a mistake, as all the info is recycled over time. Nothing really new after you've received it for a year."
test,714,I WAS DISAPPOINTED IN THIS. MAGAZINE.  IT DIDN'T CONTAIN MUCH INFORMATION THAT I WAS INTERESTED IN.  I WONT CONTINUE RECEIVING IT.,I WAS DISAPPOINTED IN THIS. MAGAZINE. IT DIDN'T CONTAIN MUCH INFORMATION THAT I WAS INTERESTED IN. I WONT CONTINUE RECEIVING IT.
test,717,"This used to be a great weekly, but now it is hard to tell the ads from the news.  This is intentional.  I will not renew my subscription.","This used to be a great weekly, but now it is hard to tell the ads from the news. This is intentional. I will not renew my subscription."
test,732,Filled with envy about some of the jobs that are inferred by reviews etc...love the equipment  reviews...,Filled with envy about some of the jobs that are inferred by reviews etc...love the equipment reviews...
test,735,"Didn't like it, after I received it, it just isn't my taste.  I'm a country girl, through and through.  Yes M'am.","Didn't like it, after I received it, it just isn't my taste. I'm a country girl, through and through. Yes M'am."
test,744,"I purchased this for my father, which was a great investment.  Good stories and hopeful things to look forward to.  Love it","I purchased this for my father, which was a great investment. Good stories and hopeful things to look forward to. Love it"
test,746,"What a failure in marketing and price setting.
Enough has been in said in the other comments.
Whomever made the decision to price at this level should find another line of work.",What a failure in marketing and price setting. Enough has been in said in the other comments. Whomever made the decision to price at this level should find another line of work.
test,747,"Too many ads, not enough content.  Read online for free instead of paying for print ads.","Too many ads, not enough content. Read online for free instead of paying for print ads."
test,750,I love this magazine.  It always has fun stories and games for my son.  He loves getting a magazine in the mail just for him.,I love this magazine. It always has fun stories and games for my son. He loves getting a magazine in the mail just for him.
test,753,Love this magazine!  I have been getting the paper version delivered for years!  Looking forward to reading it on my Kindle.,Love this magazine! I have been getting the paper version delivered for years! Looking forward to reading it on my Kindle.
test,754,It takes ages to receive the 1st copy.  I missed 2013 clubs test already.  Hope I can get the 1st copy before end of Mar.,It takes ages to receive the 1st copy. I missed 2013 clubs test already. Hope I can get the 1st copy before end of Mar.
test,756,Great magazine.  Love it!,Great magazine. Love it!
test,759,All advertisement few articles.  Boating is my life but I want to be inform not just see pictures of products,All advertisement few articles. Boating is my life but I want to be inform not just see pictures of products
test,766,This is a very good publication.  I gave it as a gift subscription to my grandson.  Purchasing through Amazon was easy and they followed through.,This is a very good publication. I gave it as a gift subscription to my grandson. Purchasing through Amazon was easy and they followed through.
test,776,I can't believe people will buy this for their teenage girls as young as 12 & 13 & every other coveron the magazine talks about sex.  No way my child will be reading this trash.,I can't believe people will buy this for their teenage girls as young as 12 & 13 & every other coveron the magazine talks about sex. No way my child will be reading this trash.
test,777,A great read every week.  Never disappointed.,A great read every week. Never disappointed.
test,779,"I've been a subscriber for nearly 40 years, but will be letting my subscription expire.  The ""new"" Playboy is a total dud.","I've been a subscriber for nearly 40 years, but will be letting my subscription expire. The ""new"" Playboy is a total dud."
test,781,Unethical renewal practices.  If the magazine was really worth the price this would not be necessary.,Unethical renewal practices. If the magazine was really worth the price this would not be necessary.
test,782,"I have subscribed to FC for many years and had a fantastic renewal opportunity through FrugalGirls.com

Highly recommend this magazine and Frugal Girls - you'll love them!",I have subscribed to FC for many years and had a fantastic renewal opportunity through FrugalGirls.com Highly recommend this magazine and Frugal Girls - you'll love them!
test,791,"Always is one of my  Fab's , interesting true stories of real people and the services, of entertainment.","Always is one of my Fab's , interesting true stories of real people and the services, of entertainment."
test,793,This is a great magazine  bought this for years we  all read this and find something new and interesting Thanks Hearst  great price and product,This is a great magazine bought this for years we all read this and find something new and interesting Thanks Hearst great price and product
test,794,Not enough content. Don't want to let me stop subscription.  Would not buy it again!,Not enough content. Don't want to let me stop subscription. Would not buy it again!
test,795,Great value for the price.  Love this magazine,Great value for the price. Love this magazine
test,800,On time.  Perfect,On time. Perfect
test,801,"This magazine is always a ""work of art""....great photography and  superb and interesting articles which are highly educational! LOVE IT!
Helen Kuzmier","This magazine is always a ""work of art""....great photography and superb and interesting articles which are highly educational! LOVE IT! Helen Kuzmier"
test,802,"This is NOT an auto-renewal.  ORdered it once and although they said they couldn't charge it again, they did.  Cost me $200.","This is NOT an auto-renewal. ORdered it once and although they said they couldn't charge it again, they did. Cost me $200."
test,809,Stick to the print version.  The digital version is disappointing.,Stick to the print version. The digital version is disappointing.
test,817,Great gift for my elderly Mother.  She looks forward to getting the new issue each month and the large print makes it so much easier for her to read.,Great gift for my elderly Mother. She looks forward to getting the new issue each month and the large print makes it so much easier for her to read.
test,819,Love Allrecipes!!  Great recipes!  It's the only site I go to for any recipe.....they never fail me!!,Love Allrecipes!! Great recipes! It's the only site I go to for any recipe.....they never fail me!!
test,829,"terrible.  bought a subscription for my mother, last december, and as of today, 7-16-15, she has only received two books.  I would not recommend this subscription to anyone.","terrible. bought a subscription for my mother, last december, and as of today, 7-16-15, she has only received two books. I would not recommend this subscription to anyone."
test,832,"I love this magazine and read every word printed in it.  I'm a regular reader of it, just don't screw up and miss an issue!!","I love this magazine and read every word printed in it. I'm a regular reader of it, just don't screw up and miss an issue!!"
test,833,"Geared toward under-30 women who already look good. Heavy on the fashion, light on the health.  Would not have purchased had I seen a preview.","Geared toward under-30 women who already look good. Heavy on the fashion, light on the health. Would not have purchased had I seen a preview."
test,834,"I got several books for my Granddaughter, she is six years old and reads Thrid grade books.  She loves to read and you have the best.  She loved the books.  Thank you","I got several books for my Granddaughter, she is six years old and reads Thrid grade books. She loves to read and you have the best. She loved the books. Thank you"
test,839,My wife loves Fine Cooking!!  We've  subscribed to many others and Fine Cooking is the one we renew - Keep up the good reading!,My wife loves Fine Cooking!! We've subscribed to many others and Fine Cooking is the one we renew - Keep up the good reading!
test,843,"I only received 1 magazine when I had a year subscription from 01/04/2013 to 01/04/2014.  Don't buy this magazine, they will take your money but not deliver the product.","I only received 1 magazine when I had a year subscription from 01/04/2013 to 01/04/2014. Don't buy this magazine, they will take your money but not deliver the product."
test,844,"Love readers digest
And I don't have to wait for it in the mail",Love readers digest And I don't have to wait for it in the mail
test,847,"mediocre magazine, good for reading in the bathroom.  Shallow and vague articles.  AND THEY CHARGED A RENEWAL WITHOUT MY CONSENT !  ie they will steal","mediocre magazine, good for reading in the bathroom. Shallow and vague articles. AND THEY CHARGED A RENEWAL WITHOUT MY CONSENT ! ie they will steal"
test,848,"crap...can't get it to download on my kindle oasis!  says it needs an update to load, but there is no update! my kindle is supposed to do it electronically automatically! s***.","crap...can't get it to download on my kindle oasis! says it needs an update to load, but there is no update! my kindle is supposed to do it electronically automatically! s***."
test,849,This magazine claims to have no gimmicks and then has the most gimmicky person online on their cover.  No thank you!,This magazine claims to have no gimmicks and then has the most gimmicky person online on their cover. No thank you!
test,850,A month later still not one issue.  Go direct.,A month later still not one issue. Go direct.
test,851,can't  wait to get my new magazine  every week!!!,can't wait to get my new magazine every week!!!
test,855,"My daughter-in-law had actually suggested Real Simple, the magazine, as a gift idea.  She's THRILLED with it!  Arrived when promised, too.","My daughter-in-law had actually suggested Real Simple, the magazine, as a gift idea. She's THRILLED with it! Arrived when promised, too."
test,858,Their published facts and figures are usually wrong.  Even when I contacted them with the proper data they just ignored me.  It is not a reputable magazine in my opinion.,Their published facts and figures are usually wrong. Even when I contacted them with the proper data they just ignored me. It is not a reputable magazine in my opinion.
test,862,"The style is gorgeous!, Simple, bright and with  good ideas on it. You may want  to try it. You will want more","The style is gorgeous!, Simple, bright and with good ideas on it. You may want to try it. You will want more"
test,869,I currently subscribe to this magazine and don't want to order a new subscription to have it available on my kindle.  Bad call.,I currently subscribe to this magazine and don't want to order a new subscription to have it available on my kindle. Bad call.
test,870,I haven't received it yet!  What's the deal?  x x x x x x x x x x x x x,I haven't received it yet! What's the deal? x x x x x x x x x x x x x
test,871,"The magazine is fine, would rate it 4 stars.  Customer service is terrible and would rate it with negative stars if I could.","The magazine is fine, would rate it 4 stars. Customer service is terrible and would rate it with negative stars if I could."
test,872,perfect to start or end your day  it is timely and to the point  this is my second year and I love to read and meditate on the prayers,perfect to start or end your day it is timely and to the point this is my second year and I love to read and meditate on the prayers
test,878,This is the one of the best magazine publications I have ever been enjoying reading and buying.  Subscription gave me price i can read a whole year long.,This is the one of the best magazine publications I have ever been enjoying reading and buying. Subscription gave me price i can read a whole year long.
test,880,"I ordered this magazine on July 31, 2007.  Today is December 14th and I haven't seen it yet.  I'm sure it will probably be a good magazine if I ever get it!","I ordered this magazine on July 31, 2007. Today is December 14th and I haven't seen it yet. I'm sure it will probably be a good magazine if I ever get it!"
test,881,I didn't like any of the projects.  I wouldn't recommend this to anyone. Must have very large area to use most ideas. Just didn't appeal to me at all,I didn't like any of the projects. I wouldn't recommend this to anyone. Must have very large area to use most ideas. Just didn't appeal to me at all
test,885,Are you kidding me? Is this a false 'People magazine' marketer preying on people?  Outrageous pricing!!! Dont buy through this link.,Are you kidding me? Is this a false 'People magazine' marketer preying on people? Outrageous pricing!!! Dont buy through this link.
test,886,Large print is absolutely perfect  Now we can finally read a magazine in comfort,Large print is absolutely perfect Now we can finally read a magazine in comfort
test,888,I always get good information from this magazine.  I saw the magazine at my vet's office.  I felt guilty tearing out articles so ordered it myself.,I always get good information from this magazine. I saw the magazine at my vet's office. I felt guilty tearing out articles so ordered it myself.
test,891,I find this magazine offensive and it continuously pops up on my Kindle and my grandchildren Kindle.  How can I get this removed?,I find this magazine offensive and it continuously pops up on my Kindle and my grandchildren Kindle. How can I get this removed?
test,893,"My favorite designer magazine. I have been reading Vogue for over 20 years.
Couldn't do without.

Cheryl",My favorite designer magazine. I have been reading Vogue for over 20 years. Couldn't do without. Cheryl
test,896,Won't download to my kindle fire. Disappointed!! Please  discontinue my subscription I won't pay for another year!,Won't download to my kindle fire. Disappointed!! Please discontinue my subscription I won't pay for another year!
test,901,This is a great all around magazine.  Love the tips for fitness and health.  Great recipes.,This is a great all around magazine. Love the tips for fitness and health. Great recipes.
test,912,"articles too short, hard to read on a kindle.  Information very simple I feel like this publication is now out of date with all we have available to us","articles too short, hard to read on a kindle. Information very simple I feel like this publication is now out of date with all we have available to us"
test,914,Love this magazine.  Lots of beautiful pictures,Love this magazine. Lots of beautiful pictures
test,917,Great magazine for all ages. I'm 32 and I love the ideas this magazine gives.  My mom is 59 and she also loves it.  Great magazine that includes some very good recipes.,Great magazine for all ages. I'm 32 and I love the ideas this magazine gives. My mom is 59 and she also loves it. Great magazine that includes some very good recipes.
test,920,Not quit what I expected.  The articles are a bit of a letdown and are more preachy that substance.  I will not renew my subscription.,Not quit what I expected. The articles are a bit of a letdown and are more preachy that substance. I will not renew my subscription.
test,923,Overflowing with unhelpful and biased gear reviews paid for by manufactuars and advertisements and really very little else.  Magazine is over 90% advertising.,Overflowing with unhelpful and biased gear reviews paid for by manufactuars and advertisements and really very little else. Magazine is over 90% advertising.
test,939,"Magazine arrived on time, intact, and just in time. Thank-you.
She enjoys, BH&G, in the print form, as well as on her Kindle.","Magazine arrived on time, intact, and just in time. Thank-you. She enjoys, BH&G, in the print form, as well as on her Kindle."
test,940,How can the digital price be MORE expensive than the paper price.  Will never buy.  How stupid can they get.,How can the digital price be MORE expensive than the paper price. Will never buy. How stupid can they get.
test,941,I like the articles and the recipies. I am Icelandic and live in Iceland and Family Circle connect me to the USA in a good way  ...and the price is good,I like the articles and the recipies. I am Icelandic and live in Iceland and Family Circle connect me to the USA in a good way ...and the price is good
test,942,"goes after the right, more weirdos on the left. -canceld my subscription.
 this mag used to be fun!","goes after the right, more weirdos on the left. -canceld my subscription. this mag used to be fun!"
test,943,Great deal and my wife loves it.  Wow look at the price what a great deal where are you going to it for less.,Great deal and my wife loves it. Wow look at the price what a great deal where are you going to it for less.
test,944,It lacks depth and print size adjustment for older eyes.  Can't subscribe yet.  This may be best viewed in the larger tablets.,It lacks depth and print size adjustment for older eyes. Can't subscribe yet. This may be best viewed in the larger tablets.
test,945,"This Magazine used to be great.
But unfortunately it is TERRIBLE.
If you doubt this, check out and compare an ""old edition"" online and ""new one""
It is now a total WASTE of paper.","This Magazine used to be great. But unfortunately it is TERRIBLE. If you doubt this, check out and compare an ""old edition"" online and ""new one"" It is now a total WASTE of paper."
test,946,"Why is this product only available to the USA
I have and use Kindle on my iPad.
The Readers Digest as an App will not allow me to adjust my screen to my required settings.",Why is this product only available to the USA I have and use Kindle on my iPad. The Readers Digest as an App will not allow me to adjust my screen to my required settings.
test,947,Uneven.  There is one issue recently that was provocative and informative but the three issue before were throw aways.  I did not renew.,Uneven. There is one issue recently that was provocative and informative but the three issue before were throw aways. I did not renew.
test,951,Love it.  Thank you.,Love it. Thank you.
test,952,"THIS MAGAZINE IS FUN,COOL,AND HELPS YOU WITH PROBLEMS.
THIS IS GREAT FOR10-15 YEAR OLD KIDS.THIS MAGAZINE IS AWESOME!!!!!!","THIS MAGAZINE IS FUN,COOL,AND HELPS YOU WITH PROBLEMS. THIS IS GREAT FOR10-15 YEAR OLD KIDS.THIS MAGAZINE IS AWESOME!!!!!!"
test,953,2 Stars  Like the magazine . Product not delivered as promised Ordered this magazine in September 2013 through Amazon with Express magazine only received one issue to date,2 Stars Like the magazine . Product not delivered as promised Ordered this magazine in September 2013 through Amazon with Express magazine only received one issue to date
test,957,It is non-partisan and very informative of the week's major news stories.; I have been getting this magazine for 6 years now and truly love it..  Great articles and stories.,It is non-partisan and very informative of the week's major news stories.; I have been getting this magazine for 6 years now and truly love it.. Great articles and stories.
test,960,would love to read it but so far have been waiting three days for it to download and still cannot see more than the first two pages.  grrr.,would love to read it but so far have been waiting three days for it to download and still cannot see more than the first two pages. grrr.
test,969,I renewed this magazine for my daughter.  She loves all the fashion magazines and the price on this couldn't be beat (2 years for $7.00),I renewed this magazine for my daughter. She loves all the fashion magazines and the price on this couldn't be beat (2 years for $7.00)
test,970,Love this magazine  I love getting recipes that are easy,Love this magazine I love getting recipes that are easy
test,973,Subscription started sooner than expected.  Great price.,Subscription started sooner than expected. Great price.
test,976,LOVE LOVE LOVE this magazine.  Has interesting and helpful articles.  Great recipes for any age.  Enjoy making things with grandchildren and nephew.,LOVE LOVE LOVE this magazine. Has interesting and helpful articles. Great recipes for any age. Enjoy making things with grandchildren and nephew.
test,979,I love being able to hold the magazine and to have it on my Kindle as well.  Great magazine for artists.,I love being able to hold the magazine and to have it on my Kindle as well. Great magazine for artists.
test,980,"This is jam packed full of very useful stuff - I read it from cover to cover and saved it for further reading when needed.
Well worth every cent!
Lynne Newell New Zealand",This is jam packed full of very useful stuff - I read it from cover to cover and saved it for further reading when needed. Well worth every cent! Lynne Newell New Zealand
test,983,I canceled my subscription.  I think against nudity I just don't like it in my magazine,I canceled my subscription. I think against nudity I just don't like it in my magazine
test,986,Love this mag!  A must for guys.,Love this mag! A must for guys.
test,991,"Martha Stewart is a super-high quality magazine with the best recipes,  craft ideas, and  gorgeous photography.
I have been a subscriber for many years.","Martha Stewart is a super-high quality magazine with the best recipes, craft ideas, and gorgeous photography. I have been a subscriber for many years."
test,996,An awful thing.  Marie Claire came to me unsolicited.  Can't wait to get it cancelled and out of my house.,An awful thing. Marie Claire came to me unsolicited. Can't wait to get it cancelled and out of my house.
test,997,Disappointed in recent editiond.  This magazine used to be light and airy.  Now it is too beachy and far too country.  Liked the old editions much better.,Disappointed in recent editiond. This magazine used to be light and airy. Now it is too beachy and far too country. Liked the old editions much better.
test,998,"I am disappointed - I did not receive 3 of the 6
and there is no one to report to

Now I receive a renewal notification and I would not renew
becaust of this.",I am disappointed - I did not receive 3 of the 6 and there is no one to report to Now I receive a renewal notification and I would not renew becaust of this.
