review_text,label
Excellent product! I love reading through the magazine and learning about the cool new products out there and the cool programs!,positive
"If you into gaming, into the latest PC tech info, like reviews of hardware rated 1 thru 10, chomp PC builds, get this rag. @ $12 bucks for 2 years its worth every penny",positive
Great Mag..!!,positive
"Extremely similar to GQ, same publisher. You aren't going to get anything from this magazine that you don't get from GQ. Similar to GQ, lots of ads and minimal content.",positive
it is great read and great ideas for today's men .. great price.. buy it today.. go for it :),positive
Very dissapointed. I love this magazine and was very dissapointed to find out the cd's were not included with the subscription.,positive
Allure sent me 3 magazines in the space of a month in order to get rid of back issues. Very disappointed.,negative
Minimal content. A very diffrent magazine than several years ago,negative
This magazine doesn't really have much to it. I'm glad I got the subscription for free!,positive
A must for all bottom-dwellers,positive
"A+++ I bought this for my son-in-law a few years ago, and renew it every year as an ongoing Christmas gift. He loves it!!!",positive
"I'm sure someone else would love this magazine, it just wasn't for me.",negative
"this mag has gone downhill in my estimation since they got rid of the former editor Linda Wells after 20 years or so. too bad, it was so great before. cancelling my subscription.",negative
Great magazine with lots of new beauty products to learn about.,positive
Lot of advertisements,positive
Packed with so much information.  I look forward to getting it each time.,positive
I found it boring.,negative
Great price. Love it.,positive
"Lots of fashion,and rating new items",positive
"-It keeps me up with the lasest PC technology.

-Reviews are very unbiased

-Too many Game technology articles",positive
I am enjoying my digital subscription.,positive
Love this magazine! Never disappoints!,positive
"Love it, my favorite!",positive
Love this magazine. If you are a DIY person then for the price worth buying.,positive
1 article and 15 advertisements.,negative
I do not wish to subscribe to this magazine.,positive
"They send to much extra trash with the magazine, the first month came with a renewal notice that my 12 month subscription was about to expire.",positive
I just love this magazine! Ive gotten it for a few years. I try to never let my subscription lapse. Great price on amazon too!!,positive
This is a magazine made of clowns! Bozo rules! I friendly advice to people is to get almost any other magazine. This one is completely lost.,negative
"Do not buy. You get a 4 or 5 issues, then they stop. Contacted Amazon, got 1 more issue then they stopped again. A rip off. We need a NO star option.",negative
magazines may have gone digital but that makes their ads even more annoying--it takes way too long to get to the stories and by then I don't want to read it.,negative
Nice Ideas for a handy person.,positive
"This is the only magazine I subscribe to. Great articles, great fashion and make up tips. It's fantastic tat I can view it on my kindle.",positive
"Order it in March and only receive 2 copy so far, will never order any magazine every again.",negative
"I love this magazine! I subscribe to approx 10 to 15 magazines and I look forward to this one most! Great tips, money savers, and fashion insight in general!",positive
My only complaint is constantly getting renewal messages in the mail. I received one even before getting the first issue.,positive
It has only a few good articles (2 or 3) and the rest are just ads.  Simply put too many ads.,positive
It took two months to receive the first magazine and didn't receive any more after that.  Defenitely the last magazine subscription I order from Amazon.,negative
Worth the 99 cents per issue I paid for it.,negative
Great content! Happy reading with this magazine! Also a good tool for learning English. Love it!,positive
"This is a great magazine. I have subscribed to it for as long as I can remember. It is full of great advice, new product information, etc. I love it and HIGHLY recommend it!!",positive
"When the renewal starts since I purchase it.
The letter came yesterday to renewal it so now do it.",positive
"Meh, I'll just pick it up at the store.",positive
"I ended up cancelling, because it became too political. I wanted more fashion!",negative
"sucks
you may or may not receive you order",negative
I love this!,positive
"Have to say very disappointed, poor articles and a lot of unrealistic ideas.",negative
"Did not order this, I hate magazines.",negative
Like most mags today too many adds,positive
too many add.s,positive
This is a great magazine for fun reading.,positive
This magazine is about 70% advertisements.  It's a shame.  I canceled my subscription.,negative
"This app needs work as it will only download the first few pages then ""gets stuck"".  Glad I only bought one issue and I will delete that.",negative
Got it for my son but he had to cancel it because there were too many risqu&eacute; articles and pictures in it (he has 3 small boys),positive
Too many adds!,positive
i don't like that its a running subscribtion,positive
Won't buy again. Too many advertisements.,negative
I get this magazine and comments are Right..Nothing but ads! If I wanted to see ads I would just watch TV!,negative
"not like use to.  Too much ads, (every page?)  no thanks",negative
Thought this was a monthly magazine. Buyer receivies one mag every 3 months. Every three months one can almost forget they ordered the magazine.,negative
Never could get subscription information corrected.,negative
Fun magazine for home improvement,positive
Lots of adds.  Light on content.,positive
The ratio of advertisement to content was unappealing.,negative
"Boring, repetitive themes. Would probably notbuy again",positive
i cant access my subscription and the links don't work. i uninstalled the app and installed it again with no luck.,negative
I am very displeased with this.  I tried to cancel my subscription but they would not do so.  I do not want this magazine.,negative
This only came for two months and then just stopped... not a very good mag anyway,negative
Not available  for purchase? Why list it under Kindle Unlimited  then?,negative
"I'm sure it's a pretty good mag, but I'll never know, because it will not download to either my Kindle or my PC.",positive
Not compatible on Android tablets via Kindle app.  Beware...,negative
Received an issue around thanksgiving and then nothing.,negative
Haven't Bought Magazines In A Long Time. Decided to try. Most Of The Magazine Are Adds.,positive
Almost half the magazine is alcohol and cigarette ads.  Could not use them to reading time in my classroom.,negative
Articles are no longer very interesting.  Basically you can get all the highlights of the articles online for free.,negative
Thought this magazine would be similar to Cosmo but unfortunately I was wrong. It seems kind of boring to me.,positive
"my mother kept every Christmas issue for years
I love looking at them . . classic",positive
"Excellent magazine, wonderful and informative.",positive
Got 1 or 2 issues! Waste of money,negative
"Good magazine, plenty of interesting stuff, up to date info, fashions, fashion tips, health and beauty.
Would recommend.",positive
It is a great magazine for men.,positive
Love this magazine! Lots of great ideas and tips. Also really enjoy the recipes,positive
great magazine!  Came very quickly.,positive
there's too many ads and not enough articles.  Self magazine and marie claire are better for this reason.,negative
magazine has too many adds not enough mens health,negative
Magazine is nothing but advertisements,negative
to many ads,positive
good read,positive
This is definitely a magazine worth buying! So much helpful information!!,positive
Still am waiting on the magazine when I got an email a month ago saying it was being processed and I should get it shortly,negative
Love it! The price was excellent.,positive
Expect 95% ads 5% actual content.,negative
It has a lot of adds,positive
SO many ads now... I'm glad I didn't pay full price. Im 28 and viagra ads every other page aren' necessary.,positive
The little bit of content in the magazine is great. There are way too many ads in it now. I have a few years worth of old issues and they were great. Now not so much.,negative
"Only have received one magazine, not impressed with this one",negative
Alway liked Mens Health. Great to get a digital copy,positive
"Got the first issue and then cancelled.  Lots of health info followed by a FULL PAGE AD FOR CIGARETTES.
Can you say hypocritical !!!!",negative
"Quality of this publication has gone down over the past years. Pretty dissapointed in the content, will not renew my subscription",positive
I bought this for my husband and paid $15 for two years. We have gotten 1 issue in 3 months and 5 bills saying we owe $10. This is an awful deal.,negative
Love my magazine every month,positive
The magazine has seemed to take a slightly homosexual slant. I will not purchase it again because i don't think it represents who i am as a man anymore.,negative
I ordered this magazine and did not receive one single issue.,positive
very satisfied.,positive
Nothing but ads,negative
I think there are a lot of useless articles.  The cabbage recipes were unappetizing.  I was glad I didn't buy it.,negative
My favorite at a great price. Been getting for years.,positive
I ordered this for my son but he has yet to receive it!,negative
Excellent!!!,positive
"Great magazine, all sorts of tips for guys to get and stay in shape.",positive
"Very good magazine!! Has a lot of information about new products, a very interesting proyects...",positive
too many ads.,positive
Long time fan of this magazine,positive
I can learn how to eat healthy and do exercise at the gym on my own thank you very much.  I cancelled my subscription.,negative
My Son loves this magazine and appreciated me buying it for him,positive
Always a reliable source for up to date holiday decorating and gardening ideas. I have depended on these good ideas for more than 20 years!,positive
Just love this magazine.,positive
always good articles.,positive
"The magazine is starting to have fair to much advertising and less pertinent info on ""Men's Health"".  I might have to switch to something else.",positive
"i ordered  men's health for someone incarcerated,  i year subscribtion., out of  that year they only received 2 magazines.",negative
"If you're a man, no other magazine out there compares. A wonderful price, a wonderful gift for those men in your life!",positive
"It's a magazine... is there really reviews on those??

 Yea is an pretty nice magazine.  Has all kinds of magazine stuff in it...",positive
It is full of ads but is cheap.,positive
"This is the same reason I stopped buying the printed version years ago, more informative articles are required...especially for the everyday man.",negative
Men's Health is a great magazine & Kindle + physical copies is so convenient. I love it!! Nddj Kidd djdj <--filler words lol,positive
mostly useless information and way too many ads small in comparison to what they used to be.,negative
"I'm writing a one point review because I never did get the magazine on my kindle.  Wow I thought I subscribed to it a while ago.  Please correct.
Diane Boyle",negative
great recipes.,positive
Love my BHG.,positive
It seems to be me a little more liberal than I like. I don't know if I will renew again.,positive
"Ridiculous. Show a few recipes and a couple pictures of $25,000 kitchens and you've got this magazine. The rest is nothing but ads for depression and erectile dysfunction.",negative
"SOOOO MANY ADS!!!!!
So many in fact, you won't be able to tell what's written by the Magazine and what's an ad.",negative
Renewal w/o notice.,negative
Not much science; should up the targeted education level.,negative
Received my first magazine in May and it was the April issue.  I hope they don't charge me for a month old magazine.,positive
"Definite room for improvement... they are still sending my magazines to my parent's house, after repeated phone calls and account updates.",negative
Don't waste your time unless you have a kindle fire or ipad.  Kindle apps on android phones or tablets are not allowed to load this kindle item.,negative
Great outdoor articles! We are using many ideas from Better Homes for our backyard and front porch.,positive
Too expensive for little substance,positive
I've loved this magazine since I started swiping copies from the school library. I was in 3rd grade.,positive
You keep sending it to the wrong address and it is present to some else.  I am trying to correct this.,negative
My dad loved his birthday present! Thank you!,positive
"This is perhaps one of the best around the house mags to give you great ideas for home improvement, maintenance and shop organization.",positive
To much advertisement print is yought to read and subject matter is juvenille I will not be ordering next time,negative
Too much advertising! I'm tired of getting more and more ads each month. I've been a subscriber for years but I will cancel due to this issue.,negative
I love this magazine and you can't beat this price.,positive
Received my first two issues on the same day. One i had already purchased a month earlier and the other was the prior months issue! I won't buy subscriptions from here anymore.,negative
"Poor writing, and includes a ridiculous full-page ad for male sexual enhancements.  Don't give this to kids.",negative
"My favorite magazine, by far.",positive
If you are interested in home improvement or home projects you have to have this magazine. I have subscribed for years and always will. Always something new and different.,positive
a ton of adds and so far - nothing new,positive
"Another THIN issue.  Hoping this was a one-time thing.  Will not purchase again, if this continues to be the norm.",negative
A great Christmas gift that keeps on giving all year....,positive
"I got bombarded with glossy junk mail and watch out for hidden renewals.
My wife got me a subscription through her airline miles program. I did not like it.",negative
Great for tips and tricks to make yourself more knowledgeable. Got a few subscriptions as a gift for a few years now. They love it.,positive
Love to read the articles and recipes!  Loved to read mom's subscription growing up and now I've given it to my daughters.  Three generations of readers....,positive
Love to have it on my tablet!,positive
Terrible. Will not fully download. Worked fine until recently. Last two issues only download a few random pages.,negative
Just what I was looking for!,positive
I bought this for my boyfriend because he kept taking my Cosmo magazine.  It has great articles for guys and for their girlfriends.,positive
I haven't recieved a single copy so I can't really review it. All I can say is the amazom service is terrible.,negative
"Unfortunately, I must give this magazine a O as I have yet to recieve an issue.",negative
I love that I see so much of my style and personality in BHG!,positive
Got this for my wife. She loves it. So many good articles and great recipes.,positive
i cant wait for each issue to arrive I love this magazine has tons of diy projects and tips,positive
50-60% advertisements. I guess that is why it only costs $5 a year...,positive
cant go wrong,positive
"I purchased this to read in doctors office.  With changes in the way it is down loaded and how many can be on my device, that plan is not working.  I do not like",negative
I have tried and tried to get Julys issue on my kindle with no avail,positive
Again...not like it was 30-40 years ago!,positive
my favorite wood magazine,positive
Love this new version of magazines. Very easy to flip from one topic to another and save a tree in the process and space in my house.,positive
I'm not getting these monthly as I had expected.,negative
"I probably shouldn't have gotten it for 5th graders.  There were cigarette ads throughout each issue!  Really could've done without those, and the conversations that followed!",negative
"Most of our family on our account has the original Kindle Fire, which this isn't compatible with. Really stupid. Will not renew because only one of us can read it.",negative
"Wonderful magazine, I am a subscriber for15 years and I love it, now that I can get the digital issue on my kindle, I can read anywhere.
thanks!",positive
"I look forward to checking the latest issue every month.  With this new edition, the magazine has been downloading for 3 days.  It is a technical problem.",negative
"I subscribed most of my adult life.  I finally discontinued because the magazine is now more ""Popular People of Science""  and less about the science itself.",positive
"The magazine is on the device but to open it, I wait for page downloads that sometimes never happen. Other publications work fine",negative
"One of my favorite magazines. Great cooking, decorating & gardening inspiration. Great photos and beautiful colors. It never gets old.",positive
I received only two issues and have not been able to download the next issue. I do not seem to have any avenues to resolve my subscription issues.,negative
"I have read BH&G since the 70s.  I have never been disappointed with the quality and content.  Always interesting and so full of projects, ideas and recipes.",positive
Great for anyone that what do DIY.,positive
My dad loves it!,positive
I am unable to access the magazine. I'm being asked to sign in with information I don't have. App not working for me at all.,negative
"Love reading the great articles, always so interesting.",positive
I love science and this magazine keeps me up to date on what's happening now and hopefully in years to come.,positive
The articles were not well written nor were they particularly topical. Would not recommend for the thoughtful reader od ant political persuasion,positive
Canx my subscription....way too much advertisement!  Keep in mind though. I hate commercials!  Only exception is Superbowl!,negative
"I have been reading The Week, Economist and until last year, Newsweek. I wanted to give Mother Jones a try and I wasn't disappointed. Lots of good journalism.",positive
It took forever to get 1 issue! will never order again!,negative
I did not renew my subscription. The writing and topics just weren't that good.,positive
The magazine is so thin -- not much articles to read in this issue.  Will the coming issues also be this thin?,negative
Two and a half months waiting for first magazine...No customer service access to find out why...they where quick to take my money though!!!,negative
Always a favorite magazine of mine.,positive
Poorly thought out rag,negative
"Best bike magazine ever, love it. Great articles on riding safety too. Ron L",positive
Kelly-K of Shiftn Steel Sport Riderz says its a magazine for folks like myself who love to ride! [...] check it out!,positive
"You know it. I love it. Value for the money with lots of tips for home, yard, food, and decorating.",positive
Watch out for the advertising,positive
I'm very please with my subscription.  Every issue is on time and filled with all kinds of ideas!  Thank you!,positive
Great buy! Highly recommend.,positive
We both love this magazine,positive
Seems like each magazine gets smaller each time and it appears that there are way too many advertisements.  I liked it much better before.,positive
I'm a HD rider and this is really not defined to that manufactor.  I skim though it every month but I won't subscribe again.,negative
Husband loves it.,positive
Great magazine at an amazing price!,positive
Love this magazine!  Have subscribed to it for years!  Buying my subscription through Amazon gets me the beat price and best delivery!,positive
Mostly advertisements for rich people and the rest is liberal.,positive
"My husband loves, loves, loves this magazine. Actually, I find myself flipping through it as well.  If you are a "" do it yourselfer""  than this magazine is a must!",positive
I give this magazine to the woodworkers in our family and they love it.  It is well illustrated and has projects for the beginner as well as the advanced woodworker.,positive
Love the subscription,positive
"I have been a subscriber for over 20 years and love, love, love this magazine.  Can't beat the value by ordering from here!",positive
ITS OVER 1/2 FULL OF ADVERTISEMENTS.I WILL NOT RENEW MY SUBSCRIPTION,positive
Too many advertisements every month. Not enough reading stories,positive
"This is truly one of the best written, most interesting magazines available. While its appeal is mainly to Texans or former Texans, others will find the articles interesting.",positive
Love the wonderfully written articles and the fantastic focus on our wonderful state. We 'kids' renew it annually as a gift for Daddy!,positive
"As always, this magazine exceeds my exectations.  I learn valuable new tips with every issue.
Sharon Weeks",positive
"Handy household tips, always interesting to read.",positive
"Love it.  Great magazine, great articles, great price.  I wish Amazon was adding more 1 year auto renewal magazines (instead of removing them)",positive
There are way to few helpful articles in these PC World and some others. 80% ads and it's a waste of trees to make the paper.,negative
I ordered this on 12/23/08 as a gift and the person still has not received their first issue as of 2/3/09.  Very disappointed.,negative
"Seriously Popular Science, I am done subscribing, I have been a subscriber for YEARS and it's like 99% ad's these days. Forget it, I am done",negative
perhaps my expectations were too high.  Disappointed.,negative
"they automatically renew even after you cancel it and repeatedly bill you , they have done it to so many people do your research before buying",negative
Predictable hacks.,negative
"Given as a gift. We have heard no feedback.
Must have not impressed the recipient.",positive
"I have not received this magazine, so I can not write a review>
Please let me know when I will receive the magazine.
Tnank you.

Carol",negative
Haven't received my subscription yet! I going to give this product more time  to arrive to my home before  I contact who is responsible.,negative
"Ordered magazine on 12/27/08.  As of February 27, 2009 still have not received my subscription.",negative
"I am unable to review the product PC World, I haven't heard anything from the publisher or received a copy yet.",negative
I love this magazine! I think it's my favorite one! I like the price and I also enjoy the auto renewal. They continue to treat me well and the price has stayed consistent.,positive
Just tells stats,positive
Nice magazine to keep up with what is going on in Texas. Nice travel guide around Texas also.,positive
"Way too many, mostly non-relevant ads. Not much substance to the articles.",negative
"way too many ads, and not enough articles.",negative
Love it! The whole state covered a to z,positive
The Best out there today....by any standard,positive
A great publication for pilots.,positive
Lots of advertising.  Light on content.,positive
Too expensive for my taste!,negative
"Living in Vegas, I truly miss my beloved Texas.  The magazine keeps me informed of happenings across the state.  The articles and BBQ recipes are just the best!!!",positive
It is all bout selling high end stuff. Not much useful here.,negative
"Wonderful magazine! Thank you for the opportunity to purchase at a great price!
Brenda Cooper",positive
"Left wing, self hating, pinko socialist commy rag. This has nothing to do with the real Texas.",negative
I bought so that i can show it to my 10 year old son....its littered with tobacco advertisements and very little content.,negative
"Mostly ads, hardly any content",negative
"My husband LOVES this magazine. It is just technical enough to keep his interest, but not too much to where he can't understand the articles. It is a great gift subscription.",positive
"Wonderful magazine with tons of ideas and current trends in decorating. Nice color pictures, informative articles and good advice from the pros.",positive
I'm glad that i'm now receiving House Beautiful!,positive
Sent this subscription to my son three years ago and he loves it.  I have renewed it for him here at a great price.,positive
Ordered my subscription of month ago still haven't gotten it... And now you're asking me to rate it... So I will rate this a big zero,negative
This mag needs a new editor. I haven't seen anything interesting in Better Homes for six months. Maybe they are spread too thin with their website and contests.,negative
heavily weighted with advertisements,positive
look forward to receiving each month,positive
Nice magazine with ideas.,positive
"Too many ads.  Too many ""Best restaurents, doctors, lawyers, etc."" listings.  Maybe one or two good articles per issue.  Probably won't subscribe again.",positive
Love this magazine. Great decorative products and great design work.,positive
Didn't order this.  PLEASE DON'T ORDER THIS MAGAZINE.,negative
"This magazine is great, the pictures, writing and even the adds are beautiful. I feel like I'm sharing part of the world I haven't yet traveled in.",positive
"The stories, locations, and special interests topics are spectacular and well written.  Would recommend this to all of my friends.",positive
More Ads than magazine. A little disappointed.,positive
Too many ads !,negative
My dad called to let me know he got his first issue.  He and mom love it.  I knew that they would.  Thanks Amazon for making it available at a great cost.,positive
i did not order auto renewal....and there was an additional discount offered which i was not given,negative
I was disappointed as I don't travel on quite the grand scale they cater to.  I cancelled after 5 mos. as I couln't find anything appliable to my style.,positive
"Good magazine, with lots of interesting info and trivia on various places in Texas, and the way of life there.",positive
More than half of the magazine is ads. So much I got bored of flipping thru the pages.,negative
got back to the 70s really ugly ideas,negative
I can't review the Monthly at this time; simply I ain't received it.  LOL,negative
"House Beautiful inspires me to make little changes in my home to keep 'in style.'  There's always an article about using color, and Alex has some good recipes!",positive
"The subscription  started a month earlier than I was told, which was great...",positive
I love these magazines. They are really helpful and help you think of things that you normally wouldn't. They have many great ideas with cut sizes for wood projects.,positive
"very big waste of money, wouldn't take it again even if it was free",negative
"No better than it was years ago when I quit subscribing.
Too many ads and not enough articles of interest.
Still pretty poor.",negative
I did not like the magazine.  Cancelled the subscription after about 15 minutes. Lots of ads and not much to read. Sorry.,negative
"Mostly ads anyway, this magazine is only for the wealthy.  I have better ways of spending my money than wasting $200 on a throw pillow.",negative
Still has too much advertising for the regular price of the magazine.  Not sure if I will renew or buy in future on regular basis.,positive
I have still not received even the 1st copy. I ordered & paid for it several weeks ago.,negative
Way too many ads in this magazine and not enough travel content for the regular traveler.  I won't renew this subscription when it's time.,positive
Great price and great magazine.,positive
"Subscribed through Amazon for one year from July 2014 to July 2015. Got automatically renewed in April 2015 without notice, three months before it is supposed to renew.",negative
unusefull,negative
"This magazine is full of great articles, tips and lots of information for a homeowner. I love to read it.",positive
"I've always loved this magazine---I'm so glad I finally got around to getting a subsrciption!

YES, there ARE moderates and liberals in Texas!",positive
"Four months after sale and still not the first issue. My subscription must be in limbo-land,",negative
"This magazine, first issue came before I expected
but good to have. Nicely done. Bought the subscription
for $39 for 6 mos. You get this US Wkly every week!",positive
This magazine is full of ideas. Great do it yourself pictures. Tips from the pros. A year round gift too.,positive
No info for print subscriber to assist in understanding digital policy?  You just  want me to pay...again?  Not everyone buys Apple.,negative
Love this magazine and love the price through Amazon.,positive
Liberal magazine full of gossip.,negative
Disappointed.,negative
Loved it .. especially the articles on fashion.,positive
Trashy magazine written by trashy people. Complete garbage.,negative
Still having technical difficulties processing my subscription?  It's been 6 months!,negative
What can you say about the perfect golf magazine?  My husband loves it.  Perfect gift for him!,positive
Going to cancel. Surface news not substance.,negative
Horrible. None of the stories are real. Another tabloid rag mag. Won't be renewing. Good thing I only paid 5 bucks.... That's all it's worth for a year.,negative
ENJOY READING,positive
"Especially House Beautiful, and I really appreciate that I don't have to download any other apps just to read an issue.",positive
"It's great!!!
I would recommend this book to all of my friends. I have learned a lot from this magazine. LOVE LOVE LOVE!!!",positive
I have been subscribing to handyman for many years and I keep up with my old issues for my use as well as those that come by to borrow them.  Great ideas that we all can use.,positive
"This is perhaps my favorite magazine of this type. Interesting, beautiful homes in each issue with inspiring photos to boot!",positive
Totally liberal and one-sided. I can't stand how biased this magazine is. Awful.,negative
"To many ads and not enough real articlies to shank up my attention.
Truely, a loss of one my all time farvoite magazines!!!!",negative
I find that this magazine is too full of advertising and not enough of the guitar lessons material I was looking for.  I won't re-subscribe.,negative
I've been receiving Family Handyman for a number of years and love it. I bought this copy for a friend.,positive
Superb magazine with beautiful ideas for decorating your home. Application and selection of colors bring out the best in design features.,positive
"I've been reading GOLF Magazine for years and feel it is the best golf magazine available.  I have just begun reading it electronically, which makes more sense for me.",positive
It is not what I expected.  I defintely do not want to renew for another year.  There are a lot of magazines that give you tips and ideas for your home.  Do not renew.,negative
I have always liked House Beautiful. I got it for a good price so was really happy with this purchase.,positive
Especially love the designers that tell why a specific shade of a color is one they love. I look forward to every month's issue.,positive
"I look forward every month to get my issue and read in bed after a long, hectic day.  I highly recommend it.",positive
mostly advertisements,positive
"Great articles, fast shipping",positive
Love this magazine! Great ideas with a very good price.  The photos are great and the houses picked are decorated by fenomenal artists.,positive
much to many ads and less stories,negative
"love these mags, they stimulate the mind.",positive
about 95% advertising...I cancelled it...,negative
"I love this, I get the print magazine and love the interactive parts of the digital magazine",positive
The best in contemporary literary Sci-fi!,positive
"I love this magazine, it has tons of great ideas, tips and tools.  I like it so much I ordered a subscription for my brother.",positive
"I am always waiting to get my next issue, every page is extremely captivating and fun, a awesome magazine for anyone who loves science and technology.",positive
To many ads.,positive
have not received a issue yet....when will it start coming in the mail....it was a gift very upsetting ...will not do this again,negative
The renewal subscription started before my current subscription ended.,negative
Downloaded this to my android tablet. It opened for 2 seconds then closed. Downloaded again - same problem. I bought Clarkesworld and Galaxy at the same time and those are fine.,negative
Great magazine for a great price!!!!,positive
"In my opinion, it doesn't have alot of content and might as well subscribe to their facebook page and get it there for free",negative
"Fun, fun, fun!  Concise and topical. Straightforward, clear writing.",positive
Proof of Heaven was a disappointment.  It was a lot of neurological detail that is not an easy read for a lay person.,positive
Loved it. Had time to reflect and use the strokes outlined. Took some of the pages and started a book to refer to.,negative
"I responded to an ad in the print edition of Golf, to which I subscribe.  Kindle edition convenient and no additional cost.  Definitely worth the price of free.",positive
I love the fact that it gives ideas of DIY projects that can be completed on weekends. There are updates on national codes that assist you in getting the project done correctly,positive
This magazine used to be cutting edge...  now its one big advertisement... 34 full page adds out of 88 for one issue... its soI used to look forward to each issue.  Not anymore!,negative
Not worth the read.,negative
Credit card charged over two months ago and no magazine yet. How about a refund?,negative
I ordered this magazine on 11/30 -- it is now 2/1 and it still has not arrived.  Can't really rate the magazine since I haven't gotten it yet.,positive
Ordered since 27/11/09. Still no mag 31/01/10. I'm still hopeful though. Ordered Cosmo which is by same pulisher and received last week in December.,negative
This is another one of my husbands favorite magazines. he has used several of the ideas he has found in the magazine around our house.,positive
Magazine is so thin now.  Not worth it.,negative
Cancelled my intended subscription because articles were not to my liking.,negative
Warning! Kindle Fire won't bookmark your page and remember where you stopped reading. Returns to page one when you return to magazine. Makes this mag close to useless.,negative
My nephew and brother love this mag. They are both avid golfer sand look forward to each issue. Easy present!,positive
Gifted this and they loved it.  This was a great gift idea and a great way to do it for me.,positive
This book had some neat projects in it. I will be making the work bench this winter. I have all the tools to complete the job.,positive
Love this magazine!  Much has been learned from the articles and projects.  Absolutely love the tool tips.  Will be renewing when my subscription runs out.,positive
"Very disappointed with all the advertising,more ads than articles or information,cancelled after trial issue",negative
The magazine is fine. Waiting for your first issue can take up to 2 months. Not a fan of waiting that long for anything.,negative
The issue about local schools is so excellent.  Very organized and easy to use.  Very helpful and interesting.,positive
i ordered this product for Xmas and have yet to receive an issue.  Amazon sold but magazine did not deliver.,negative
My son loves this magazine.,positive
great value for a 2 year subscription,positive
Too many ads. Not enough articles,negative
My husband is a all time Handyman. He has already learned so much from the magazine just in the first issue.,positive
"It you live in Canada be warned,magazine is always late by at least one issue,their customer service very unhelpful. buy it at the newsstand.",negative
"Newsweek used to be a pretty good, balenced magazine. Now it's about 60% ads 30% pictures and 10% ""news"" that always seem to be written like an editorial. Don't recommend anymore.",negative
My 36 year old husband loves this magazine. He is always telling me about things he read in it.,positive
Even with reading glasses I struggle to read the small font of this magazine.,negative
This is a great weekly magazine that gives me updates and information on the most current of events.,positive
do not waste your time on this pos,negative
"This was a gift last year, that he absolutely loved, so when his subscription ran out I got him a new one through amazon.",positive
Got a sub for my birthday. Enjoying it so far. Excellent read.,positive
"I wanted to give a gift subscription of PS to my grandson but have changed my mind due to the sexual content of many of its advertisements. Shame on you, PS!",negative
Not really what I thought it was. Not much in the magazine on computers and tech items. Would not recommend to anyone interested in computer components.,negative
"If you must read a news magazine, read Time....it's a lot better!",negative
"As soon as I downloaded this magazine my kindle went slowerer and slowerer. Not to mention,it has a horrible topic. Also I think they read this book in hell",negative
Hands down the best gift I have ever gotten someone and since we live together I get to read them too!,positive
Recent issue contained obscene advertizing,negative
"Wired used to be a great magazine. Recently, its become overly political and its articles have been reduced in quality and quantity. Save yourself the money. Even if its on sale.",negative
"Delivered to my Kindle, Whats not to love.",positive
C'mon - who doesn't love WIRED???,positive
"The writing/articles used to be much more interesting, plus there are a ton of ads in the magazine now. Not as good as it used to be.",positive
Not what I expected...Will cancel.,negative
Many articles were surprising and interesting reads. My students could not put the magazine down.,positive
Son loved these!!,positive
Not able to download on Paperwhite!!! What else is Paperwhite for if it cannot download ALL Kindle materials? Disgusting.,negative
"What was favored is the following: fast sign-up and download for Vogue, magazine layout, and information well worth reading.",positive
Lots on thick ad inserts make it hard to get to the important stuff.  I will not renew!,positive
Can't beat a wired magazine for keeping up with all kinds of topics.  Highly recommended for EVERYONE.,positive
"I bought this magazine while waiting at the airport hopefully to learn something.  Disappointed, I found too many ads in the magazine while information is so-so.",negative
"I Love it,,,,Special Digital Deal",positive
Beautiful !,positive
Cheap paer,negative
I thought there would be much more journaling.  It is all pictures.  Not my cup of tea at all.,negative
disappointed as I received one issue then was told there would be no more...,positive
Best magazine hands down.,positive
Don't like that you can only read the magazine vertically instead of horizontally. I have the iPad 12.9 and it would just be more comfortable if vogue had the option. :(,negative
Not much to say -- Another Photography rag,positive
"As many others have noted, there's precious little new or interesting information here. Popular Photography is basically one big ad, a shill for the camera equipment industry.",negative
Sooo many ads so little articles,positive
Great coverage of high-tech and current events. A must read.,positive
This magazine has nothing to do with Vogue patterns except the name.,negative
Nothing new in here,negative
Poor content related magazine.  I never really was engaged by any of the articles.,negative
Not good at all.,negative
"Awful, mostly ads and not much substance. This used to be a nice magazine, but I would pass on this one.",negative
My teenage daughters love this magazine!,positive
Still love paper magazines the best,negative
I bought this magazine subscription as I thought it would be like NY Mag but its incredibly superficial. I wouldn't recommend it.,negative
This magazine has too many advertisements and very little good contents!,negative
Fun magazine for people visiting LA for more than a day or two of the usual tourist sites. Also good for locals.,positive
Hard to really view in tablet form.,positive
Great magazine to read when you want to know what is happening in the real world.,positive
"80 pages of ads and only a few with advice, stories, reviews, or actual photography worth looking at.",negative
Magazine has a ton of ads.,positive
was NOT prepared for the money to be removed from my acct!,negative
Too liberal. Leave politics out of technology reporting.,negative
Some pages never download I never see pictures I never get it again I pay two times here and on the store,negative
Vogue has been one of my favorite magazines forever. September issue is the best. Love the food articles by Jeffrey S.,positive
"I love it.  I live in L.A. and really need to know what's going on, and this magazine gives me everything.",positive
"I've lived in L.A. all my life, it's my favorite place to be, and I'm so glad there is this magazine to cover everything about the city I love.",positive
"Unfortunately downloading Vogue takes way too much time, something like 1/2 hour and application crashes often. Not very stable application.",positive
Lots of advertisement.,positive
99% product advertisements than informative articles.,negative
"I cannot say enough about the Popular Science issues. I love them, they are a great source of information. Awesome!",positive
"I love this magazine. It has always had great articles and insight into the inner workings of new, old and future science.",positive
Mostly advertisements.,positive
my daughter enjoyed it,positive
"Gone 21st century and that isn't an improvement in my book.  Used to love this mag, but highly disappointed in its current state.",negative
I love this Magazine keeps me interesting to the last page. Very good price. They show a lot useful information.,positive
Bought it for my 12 year old granddaughter... she's not thrilled.,positive
Niece loves it thank you,positive
i only received 2 issues!!!(Oct and April) I thought I am going to have an issue for each month...it is nonsense for me...am i misunderstanding the meaning of 1-yr renewal?,negative
"They stay on the cutting edge of fun and unique things. I have always liked the magazine. If you have time to spare, order it and have some fun reading.",positive
Arrived sooner than expected. Good content and information.,positive
A good mix of basics and more advanced ideas.  I like it.,positive
"Great and full of need information.  Even do it ur self things.

Enjoy every month.  Will renew many times.

I even save the monthly copies for reference.",positive
"Whether you are a science buff or simply interested in how things work and interact, this is the best magazine there is!",positive
awesome price!!!  awesome product!!! fast delivery!!! who could ask for more???  thanks so much!  God bless you!!  :),positive
"Too much advertisement ! Not so much things to read.
I will cancel my subscription.",negative
"I only received one issue of this magazine, really don't even remember ordering it in the first place. Did not like it.",negative
"I'd like to find out about getting a refund, since I've been charged for a magazine subscription without getting any actual issues.  This is a very disappointing ""special offer"".",negative
My daughter loves the magazine and she is very happy to get it delivered.,positive
This magazine is filled with ads and the articles are rarely very interesting (unless you make millions). Not worth my precious time!,negative
Was disappointed .  Contest let them use Photoshop.  I thought a good photographer did it all with camera settings.,negative
"My grandson loves this magazine! He is 16 and has often commented and quotes on stories on what he's read.

.",positive
"This was a gift but the mother of the girl I sent it to was concerned about the content, given she was nave.",positive
This is for prows .way above me. I will cancel at the end of my year.,negative
dull; all advertising,negative
I find the fashions terrible and will end my free trial subscription.,negative
Still waiting for it to come it's been four weeks. I am starting to be annoyed. Come on seventeen. Hurry up.,negative
"low on articles, high on high gloss ads. not interesting enough to keep",negative
Girl friend loves this magazine,positive
best magazine on the planet,positive
I've subscribed to this magazine for well over 50 years and still look forward to receiving it.,positive
Just needed something to read on the can Over the years this rag has gone down hill. It's all adds and no articles,positive
"I hate how the beauty tips don't consider girls with short hair. Also, the fashion it terrible. Who wears stuff like that?",negative
"Once one of my favorites,  this magazine has deteriorated to the point that after many years,  I know longer subscribe.",negative
"Just full of advertisements.  Zero quality articles.  Not happy with this and won't order again.. I really tried to like it, as fashion is so much fun, but this was a big dud.",negative
One of my favorite fashion magazine,positive
"My 2nd favorite magazine, only to be preceded by Discover - which is a must have also. A good mix of all sciences.",positive
I was under the impression that was getting 12  issues for 14.95 . So far all I've received  Is three.,negative
"I received 2 issues in my dead mother's name.....can't figure that out...she's been gone 2 years.
I ordered Dec 4th, today is Feb 16th, still no Smart Money in my name???",positive
"REALLY great deal, THANK YOU!!!",positive
Great writing about culture and cuisine all over the world.,positive
This publication is hard to read on my kindle with my vision. It may be fine for someone with 20/20 or better vision. My vision is only correctable to 20/40,positive
Makes it easy to keep up with new developments in the next new thing.  Recommend for anyone who has a desire to learn about new products.,positive
Wow such ads in this magazine. A little of every thing. Interesting to see all the things I can't afford,positive
"Wish I had not mailed my check.  Most boring magazine I
Have ever seen. Anorexic models with pouty faces, none of
Them happy with life, I guess. Please
Refund my money.",positive
I give this magazine to my niece for her birthday every year and she loves it!  It makes shopping for her very easy!,positive
I haven't received any of the copies and I don't know of any contact person or company to complain about this problem. Bogus!,negative
This is not a magazine.  There is no content.  It does not seem that the issues were delivered either. Save your money,negative
"I love this magazine - if you love the ocean, the color of the sea, and have any dream of vacationing or living on an island practically anywhere, you will love this magazine too.",positive
Too many advertisements and too little articles.  I will not renew.,positive
Ordered this back in late December as a gift and receiver hasn't gotten a single issue and it's March 18!!! NOT HAPPY!!,negative
I recieved one magazine and then it stopped coming. Total ripoff.,negative
Have been getting this for my brother for years; his favorite magazine!,positive
By far the most interesting magazine I've ever read. Cover to cover without a problem.,positive
A lot advertising. I didn t find many interesting articles.  Will not renew my subscription. Different than what I thought.,positive
Mag has nothing but glorified ads. You'll get more info from your neighbors kid than from this promotional tag. Seriously!!!,negative
really could not give an accurate review becasue I have not received my first issue yet.,positive
I love this magazine and have just ordered a subscription for my daughter too.  Very good value for the money.,positive
The magazine is very thin without a lot of substance. Bought as a gift for my father and he found them disappointing and not like it used to be.,negative
"I purchased this magazine for my step daughter, she loves getting it; it's something she looks forward to each month...",positive
This was a gift for my granddaughter. She asked for it again for Christmas this year. She looks forward to this every month. She loves it.,positive
This is my second year with this magazine. It has well written articles and provides good information. I recommend it.,positive
I BUY THESE FOR PEOPLE IN JAIL & PRISON. THEY LOVE THEM BECAUSE IT HELPS TO TAKE THEIR MINDS OFF THE BARBED WIRE AND CORRECTIONS OFFICERS.,positive
Don't waste your money on this magazine. It contains too many ads and boring articles.,negative
"I love this magazine because of its freebies, tips, and funny stories. It doesn't cost a lot and it features a lot of cool people",positive
"This is one of my favorite cooking magazines. The articles are engaging and the photography is beautiful. I'm always joking with my husband that they're my ""dirty"" magazines.",positive
"Interesting, informative articles and exotic recipes.",negative
"I love this magazine.  I can always find something new to learn.  Covers many, many areas of woodworking, from novice to expert.  Highly recommend.",positive
Always liked to read F&S. The price is hard to turn down.,positive
I purchased this magazine and one other for my husband for Christmas back in October . He got two issues and nothing more. Very disappointin,negative
I ordered a 1-year subscription 1 month ago and have yet to get the first copy. What's up?,negative
Awesome quick. No paper to deal with. LOVE IT!!!!!!!!!,positive
"Well since I only just got my first digital issue, I can only give it 1 star!
Based on the first issue (May) I'm not impressed.....Yet!",negative
Love this magazine look forward to it every month,positive
This is a good magazine. They have redone the inside since the last time I read it. The format is much better now.,positive
My daughter has not started receiving the magazine. When will she start getting it. I ordered it in December.  ?????,negative
Unbeatable price for fantastic content. Really love the broad range of innovative science they cover. I would give one to any niece or nephew.,positive
Great magazine for the outdoor enthusiasts.  Fishing and hunting are both covered very well,positive
"Just read their latest issue, alot of bizzare recipes and things I'd probably never make.
Won't renew",positive
My husband and my dad both love this magazine!,positive
Got October's issue in November,positive
Very good magazine that gives explanations and descriptions that are not overly difficult to comprehend for many age levels  . . from adults to childre..,positive
Too many Ads  will not purchase again!,negative
Not my favorite,positive
I have not received a single issue of this magazine. So my review would be that it's full of fail.,negative
Great magazine for anyone that hunts or fishes. Highly recommended. Top writers and photographers.,positive
"Too many advertising,not enough articles.",positive
Advertisements overflow,negative
"1 star, because we are sick of you, Kendall.",negative
"I've always bought this magazine on the newsstand. It's informative,funny and responsible. Now I'll never miss an issue.",positive
Very good. I have been reading it since I was a kid.,positive
Lots of good info. Must for any outdoorsman,positive
Great food publication for foodies,positive
Changed for the worse. Has definitely lost some of its class and polish. This charter subscriber will finally be canceling.,positive
"Got the magazine for a really great price, $5 for a years sub.  Husband loves the magazine, gotten it for years.",positive
Not my style of magazine.  Just ads.,negative
Zero stars if I could. Flipped about 25 pages of ads before magazine even started,negative
This magazine is a great resource and a great value.  Got it for my son who is in to gadgets and electronics.,positive
This is by far the best hunting & fishing magazine I've ever read. Highly recommend.,positive
"I love this magazine. I have been receiving it regularly since I ordered it and it always arrives in good condition

GREAT VALUE",positive
I found this magazine to be very interesting. I had lots of information and audition information as well. Loved it.,positive
"Husband loves it, will get it again!",positive
I did not want this renewed....please let me know if you are planning to renew anything else without my permission. Thank you.,negative
I did not give the OK to renew automatically!,positive
One of the best magazines! So fun to come home to this delivery!,negative
Subscribed once again to get the latest tech and science info. Always very well written and concise. Very little advertising and amazing articles. Recommended buy.,positive
Nephew loves it!,positive
My Dad loves this magazine.  It is full of helpful hints and tips.,positive
This is my drool magazine.  I wish I could afford the clothes so I have to put together looks that I like for less.  One of these days.....,positive
"too many adds, not enough content",negative
Just not the Bazaar that it was years ago. Will not be renewing this magazine for sure when it comes up for renewal,negative
"I'd prefer to be able to renew or not on My say-so, and not just be automatic. Can you fix it for me?",positive
"I used to like your articles. Now seems too much hi priced fashion, too little reality, in this needy world.",positive
A must read for any science enthusiast in the household. I got it at a steal of a price for a 2 year subscription.,positive
This is a good outdoor magazine! Every issue has something I am interested in. It is easy to recommend subscribing to this publication.,positive
"never anyting in it I am interested in  Certainly nothing suits our lifestyle, don't know hat more to say, bad choice.",negative
"A gift to my son, this one he wanted, I selected a few more for him, which he enjoyed greatly",positive
"Another great magazine.  Tons of fashion, very interesting articles, beautifully photographed.  Even love the ads.  Super special price as well.",positive
Miss the old Marie vlaire,positive
I enjoy reading it. It has articles about Field & Stream which are interesting. Good articles about hunting and fishing.,positive
you will receive maybe 2 or 3 magazines after that none!. Beware fraud! its not just me review all comments before ordering,negative
Great pric and an easy purchase. The auto-renew helps ensure I never miss an issue and I get a decent price!,positive
It is an interesting magazine..not just fashion and beauty but enjoyable book reviews and informative articles.,positive
"This particular issue was the worst all around even the ads were horrible. blah. This is my fave mag, I hope its just a one month miss.",negative
it's  a cheap magazine  ... and my dad likes to fish but it has way way way too many ads,positive
My husband reads this from cover to cover.  It is his favorite hunting magazine.  He saves them for several months and refers back to back issues often.,positive
Tells you about anything and everything you want to know!! LOVE IT!,positive
I AM VERY PLEASED IT REMINDS ME OF THE MAGAZINE FROM YEARS AGO. I AM VERY HAPPY I HAVE STARTED A SUBSCRIPTION  TO IT AGAIN.,positive
ITS BEEN ALMOST A YEAR AND I STILL HAVEN'T RECEIVED MY FIRST ISSUE. NEVER CONTACTED ME. HORRIBEL COMPANY AND CUSTOMER SERVICE.,positive
Not my type of a magazine.  More for the sophisticated woman.  Will not be ordering it again.,negative
"I will not renew it. I subscribe to many other food/cooking magazines, so I definitely have others to compare it to. It does not have the kind of recipes I would make.",negative
It is just too fussy for me.  I like recipes and these are nothing that I like.  I would cancel if possible.,negative
All it is is advertizing.,negative
this magazine is just a waste of paper...i guess i am not shallow enough and dumb enough to fall into this high expensive fashion stuff......,negative
"We purchased this title as a gift and the recipient loves it already. Great magazine, great price ! Will definitely shop Amazon again.",positive
"Great magazine , very good content + great fashion. Love it!!!",positive
This magazine is one of my favorite subscriptions. Beauty and Fashion tips and tricks for the win.,positive
"Totally waste of money. Full of advertisements... hardly find any nice articles to read, very disappointed with the way they are not.",negative
"Terrible. 80% ads, poor and outdated content.",negative
Not sure why Im getting this.  I got a bill and the magazine all of a sudden,negative
I cancelled my subscription because there is not any diversity on the covers! I am a girl of color and sometimes I would like to see some people that look like me on the cover!,negative
"It was nothing but ads. I went through the magazine in about 5 minutes. Sad, but I guess that's what keeps it going - the ads.",positive
About 50% ads.,positive
"I found that I don't really like this magazine...at all.
I keep flipping the pages and nothing catches my eye.
Will cancel soon.",negative
Its mainly all ads... no real substance. I like articles. If I wanted a picture book I would look on my baby's bookshelf,negative
Loved this issue. Read it in one sitting on my Kindle Fire! Love the articles and smart writing in Marie Claire!,positive
"I have not received this magazing so, I can't review. It was charged to my credit card but not yet delivered.

Johnny",negative
I've got my first issue around the time frame as expected in the middle of January but it was the December issue :(,positive
Love this magazine.,positive
Love this magazine....so much to read.,positive
Love this magazine. Has a little bit of everything a girl needs to know in it!,positive
I've always enjoyed reading Redbook and couldn't pass up the opportunity to subscribe at a great rate through Amazon.,positive
Lots of sex/tobacco/inappropriate ads. Seems like there are far more ads than articles. Definitely canceling my subscription.,negative
This has always been my favorite magazine and to get a whole year of it for just a few bucks was the best deal anywhere.,positive
"Lots of lovely photos, great ideas, deco tips and food.",negative
I enjoy this magazine.  I have been a subscriber for many years.,positive
"I have not received my first magazine yet, hence no review. SLOW Item number 1 is not accurate but it would not except my review without some thing in the stars.",negative
"Great stories, good information on health, finance, life!",positive
I love this magazine!!!  Extremely happy that I was able to download it thank you!,positive
Way too many ads basically when you take all of them out there's not much left,positive
No longer good publication.  And look at the vulgar cover depicting Trump. . . no class,negative
Absolute garbage.,negative
Too many drug ads.,positive
I wish cancel my suscription redbook it was ordered by.  Mistake. Thank you.,negative
"The Marie Claire was good entertaining and full of good articles. Fashion, beauty and day to day life articles well written.",positive
"Thought my teenage daughter would enjoy receiving these and reading them but alas, she was not. Will be canceling this today.",positive
There were way too many ads and not enough valuable content -- in fact many of the features were repetitive and seemed recycled. I'd prefer Bust magazine.,negative
"Popular Science has a lot of interesting articles that are written in a way that anyone can understand them.
This magazine keeps one up to date on the latest science stuff.",positive
Not much of style but as you flip pages all you will see is advertisements! Extremely disappointed.,negative
"Ordered in May, 2007, it's July, 2007 and still haven't received any magazines! What's the deal?",negative
"I absolutely love this magazine.

I find amazing things I never new off and especially the new inventing are very interesting.",positive
"I got this as a gift for my aunt, she seems happy with the renewal every year. I haven't had any complaints of shipping delays and believe me she would let me know.",positive
Love this magazine!,positive
Great as a fire starter because it is Garbage on paper. Save the landfills and your back pocket from the insanely priced auto renewal.,negative
"I like this magazine, it has fashion, it has interesting articles, health and fitness, celebrities, it has a little bit of everything.",positive
Didn't sign up for auto-renewal and don't want it! Please make it stop! The magazine is a waste of money? OK! I'll repeat do not spend your money,positive
Love this mag--great decorating ideas!!!,positive
great read!,positive
I've always loved this magazine.,positive
"It would probably have been a good magazine, but I never received a single issue, so who knows ?",negative
my favorite magazine!,positive
Received three issues within a couple of weeks then nothing.,negative
Not enough info. Too much advertising,negative
Cannot read on Kindle Fire because the issue does not zoom out to enlarge.  I would give it zero stars!,negative
"Love it, gives me alot of inspiration for my home",positive
I love Marie Claire magazine. I read it cover to cover every month and I couldn't pass up this deal!!,positive
Great deal and quick service. I renewed this from last year with Amazon. Best deals on amazon.com for magazine subscriptions,positive
The best.  I'm so glad it exists.,positive
These issues are getting very thin of late.,positive
"The first issue I received did not allow access to articles by columnists.  So far, haven't been able to access anything in second issue.  Will cancel my subscription.",negative
"Excellent writing, top reporting and best cartoons",positive
Journalism at its best!,positive
Don't find it helpful or very interesting. Need to cancel future orders.,negative
I didn't really get alot out of it. Too many adds,positive
ADD ADD ADD + more ADDs,positive
not enough cartoons,negative
great magazine,positive
"Got this as a gift for my Dad, who is a Western History buff and he loves it.  Money well spent!",positive
I enjoy Redbook.  There are always interesting articles and celebrity interviews.,positive
I've been reading for at least 10 years.  That says it all.  Normally get two years at a time.  Love it.,positive
Exactly as I remembered from years ago. I have the time to read again so looked for this publication and was glad to find it.,positive
The amount of ads that are in the magazines is equal to the number of ads.  Would like to see less ads.,positive
Feels extremely repetitive with their articles. I feel like I am reading the exact same thing over and over again.,positive
"Love, love, love this magazine!",positive
"I was so pleased to find this subscription for my favorite magazine at a fantastic price. So pleased, it came quickly, and I will always order my magazine from Amazon from now on!",positive
Exceptional magazine and great price for two year subscription.  Arrived very promptly and it alway fun to read and look forward to receiving.!,positive
"such great articles. advice and beauty tips. delicious recipes. up to date informative articles. been reading redbook for 40 yrs. now.
love all hearst magazines.",positive
"Started receiving my issues a few weeks after I ordered them and there's been no problems, just a great deal!",positive
I'm impressed - it turns out that Marie Claire hires actual writers and publishes interesting articles and does not simply recycle the same makeup advice from year to year.,positive
One of my most favorite magazines.  Always interesting and current.,positive
This magazine is actually enjoyable and has interesting article. I love to decorate.,positive
Did not like how they automatically re-subscribe you at a high cost,negative
"I love my Redbook magazine, I don't know who won't except maybe men :-) will keep on continue getting that magazine too...",positive
Unable to access the newest weekly edition using my iPhone. The software doesn't work.,negative
I don't like the style,negative
LOVE THIS MAGAZINE!,positive
"love ""The New Yorker""...I love the in depth articles...I learn a lot",positive
How could I know what the issue is like? Only three pages downloaded.,negative
I haven't received my magazine yet - where is it???  I ordered the magazine over a month ago and I still have not received my first subscription??!,negative
Stopped coming,negative
I ordered this for my mother for Christmas and it is her favorite magazine!  Classically informative and excellent for home design or re-design.,positive
Every issue is a must-read.,positive
Can't live without The New Yorker!,positive
I really like this magazine. It has alot of interesting articles and topics. Plus I like the fashion in it.,positive
"Love the ideas in the magazine and the recipes, too.",positive
Too liberal Please cancel,negative
Not my favorite magazine and after looking at an issue I can see why. No really good topics to read about. I only paid .99 cent so I cant be mad lol,positive
No Thanks,negative
This magazine is basically ads. Kindve worthless to me really.,negative
"The digital portion does not work on my kindle oasis, the reason for the 1 star.",negative
"Auto renewal for magazines is a bad idea, because Amazon does not tell you what price they are renewed at.",positive
great magazine!,positive
Someone dropped the ball - this never arrived 8 months later.  Maybe you shouldn't get it through Amazon?,negative
No fashion sense. Someone is be sent to fashion school. The writer's need half a brain because the articles are horrible also.  What happened to my GQ,negative
Mostly advertising in the magazine.,negative
i love redbook it is a awesome magazine. I am hapy to be able to renew my subscription and think it is a great magazine for all women.,positive
"Love this magazine, and the price was right!",positive
"The premier Anti-Cop, Anti-Military, Anti-American LGBTQ ""Queer"" magazine in America.
But the pages do make good paper to wipe one's behind.",negative
Mindless moronic crap for the socially insecure or narcissistic nitwit.  A gift subscription that I wouldn't wipe my ass with.  Great paper for the bottom of a birdcage....,negative
this also has been a favorite magazine of mine for years!,positive
Always the best!,positive
"All it is ads. Very few interesting articles. Like Playboy, get it for the photos.",negative
Redbook magazine is not what it used to be.  Good thing I got it cheap.  Don't bother with this one.,positive
One of my favorite magazines,positive
"GQ used to have class. I love this magazine.
 Lately, it has become nothing more than a platform to promote the radical socialist agenda of Obama.",negative
"Not my kind of magazine, I would rather read Mother Earth News",negative
I just got through reading my first issue and I absolutely loved it.  I plan on renewing at the end of the subscription.,positive
Used to love it. Obviously over the top left-ist now. The New Yorker does not support our great country.,negative
is hard to read it un horizontal way,positive
Always well written.,positive
"One of my top three favorite magazines to read, cover to cover.",positive
I buy this all the time. I have had a subscription for it for years.. It is one of the best magazines out there,positive
I have subscribed to this magazine for several years now and it is always a good read.  Lots of great features and quite a good price.,positive
Using this Amazon app for signing up my Kindle Fire is a labyrinth of dead ends and nonsequiturs. Please improve. I can't believe that there are so many issues ,negative
I did not order this and I have not been able to find a way to contact anyone to get shipment stopped. Not happy.,negative
"Wonderful ... if you're a liberal. Unfortunately, I'm not.",positive
"Classic and informative with insight analysis about culture, the arts, politics, people and some important national and global news.",positive
Ready great format for tablets,positive
"magazine good, however i never receive the issues even after i called numerous times to change address and inquire into no deliveries",positive
You pay for a subscription and then all you get is a bunch of advertisements. Thats it. The journo is hit or miss. I can believe I paid for a bunch of adds. I felt like a fool.,negative
Not as good as the one I get from the Newsstands it has more adds it seems boring to me,negative
I was told to go to Amazon and order Redbook and it would automatically renew my subscription. Now I'm getting duplicate issues every month. I'm very unhappy.,negative
Just beautiful.  The pages display wonderful images that take me back home.  The price is extremely affordable.  I highly recommend subscription.,positive
Love love love this magazin!,positive
Good magazine on mens view. Always showing the latest fashion trends of men. Good quality magazine. Its availability in a digital format is a plus.,positive
"Love it! Overall, the product was what I was looking for.  Thank you very much, again, for the this product.",positive
This is a real fun magazine for any men regardless of having a GQ status or not... Excellent snips of everything. Bravo.,positive
"Best magazine anywhere. And great cartoons, though I buy it for the articles, of course.",positive
Love this magazine! well written with informative articles that are written by fishermen. Great suggestions and techniques that work. Two thumbs up,positive
Fantastic,negative
Have been a faithful reader for years. Very happy to have it on my Kindle now. You won't find better writing on a wide range of topics anywhere.,positive
The best magazine and best writing in America.,positive
"Too many ads...and like the morning news, most events and activities promoted by the editors are on/near the East Coast. Will not be renewing this subscription.",negative
It's the best magazine ever!,positive
"I have a subscription to this magazine until 2017. I would recommend. They have great ideas on holidays decorating, and so much more. Very inspiring.",positive
"I ordered this item in July, it is not December and I have not yet got my first copy. GQ is a good magazine, but find a different way to order it.",negative
I ordered this magazine along with another.  The other magazine came one month before this one.  I don't understand .....why so late.,positive
This is a good magazine with quite a few great ideals and cute updates for around the house.  I would recommend it to all.,positive
The New Yorker is an amazing publication.  I've read it for years.,positive
"We think that GQ still has alot to offer men looking to stay on top of the fashion trends, they always have a fresh new attitude and look

[...]",positive
one of my favorite magazines....a must read,positive
"I've taken the Country Living Magazine
for over 30 years and love it.
Love the variety of things that it provides
the reader.",positive
The best magazine available!!,positive
"One of the best magazines, always interesting articles and the cartoons are the best!",positive
Contemporary enlightenment from serious relevant interests to my humor satisfied!,positive
"I love this magazine, and loved getting it for such a bargain!  I'd love to subscribe, again sometime!  Waiting for another deal!",positive
why must u put all the crap about medical info & side affects  what happen to just what the book is about????  I don't like it!!,negative
I have not gotten it yet.  Could review if I saw it.  Please let me know if/when it is coming.,negative
To much advertising.  Most of the pages are advertising for medical ads not one page but two complete pages.  I do not want to read that in a magazine.  Will not renew next year.,positive
"THIS IS THE BEST RC CAR MAG OUT THERE. IT'S BEEN AROUND FOR OVER 25 YEARS. IT HAS GREAT PIC'S, ARTICLES, HOW TO'S, AND NEW PRODUCT REVIEWS. ITS FOR EVERYONE FROM BEGINERS TO PROS!",positive
"I have subsribed to all the r/c mags for some time.

This mag has become a glorified catalog for the adertizers.

it used to be a real good mag once.",negative
"When I first got an email telling me my auto-renewal was ready, it said the price would be $8. But when I committed, it said the price was $12. Kindof a ripoff.",negative
"I miss the old Country Living magazine.  Seems like all the articles are about second homes in the country. To me, this is NOT country living!",negative
"""
 I love having country living on my kindle. Great magazine and fun to read using the kindle. The pictures are bright and beautiful.",positive
Where is the Ap for the digital version? The digital version exists. I love the magazine. I grew up with it. I hope to grow old with it,positive
"will never order again,i am going to cancel it....its all advertisements!!!!!!!!!!!!!!!dont waste your money, nothing informative,not even alot of country homes or decor",negative
I renew this magazine to my daugher as a gift.  She really likes the magazine.  She reports the magazine has lots of suggestions & new ideas to get & stay in shape.,positive
"Of course I will have to wait a year to see what happens but when I tried to cancel an auto renewal on another magazine, what a hassle! Will wait and see how this one goes.",positive
"I have purchased this magazine for 2 years for my sister. She loves it and will rant about the cute, clever ideas.",positive
"Long form journalism at its best.  Great cartoons. Superb guides to New York. Local, national, international. It is a great magazine.",positive
"I always enjoy reading. A great combination of news and entertainment. Love the covers, as well. True works of art.",positive
"In my opinion The New Yorker is the best magazine around. I have been a subscriber for msny years and I would not
Want to be without it!",positive
"I read through this in about 1/2 hour, most of articles are either uninteresting or repeats as well as the exercise and diet tips.  I will not renew this one.",positive
I love this magazine.,positive
"has been impossible to access back issues, tho I see they are attempting to remedy this.  Not enough articles of interest to me to make it worth the price.  I am not renewing.",positive
I subscribed to Country Living in May and am still waiting for the subscription to begin. Where are you?,negative
I am so glad I subscribe. Reptiles is full of great info and good reads in general. Plus the kids get wonderful articles to do school reports on.,positive
I've just terminated my subscription to Country Living because at least 60% of the content is about antiquing. Great if that's what you're interested in... but I'm not.,positive
"I'm told the magazine is good for little people, but am sad that my grandson has to wait until mid March to receive the first copy of his Christmas present.",positive
"Magazine full of advertisements, won't renew my subscription.",negative
"Order...and the sub starts in a few weeks.  A great gift that arrives
every week.",positive
"Kind of disappointed, was expecting more stories, less ads! Maybe next issues will be more to my expectation.",positive
This has just turned into a gossip and boasting magazine. No longer seems relevant for the investor.,negative
Lots of information and techniques.  One of the best magazines I've read in a long time.,positive
I have been subscribing to the New Yorker for more than 60 years.  Why stop now?  It is excellent.,positive
They need to put in more effort into the kindle edition. The content available are very underwhelming as compared to the hardcopy..,negative
"Forbes Magazine. Save your money. It's nothing but advertisement. The magazine comes in the mail, and I take it straight to the recycling bin.",negative
"you're a business magazine, not a right wing political magazine.  Steve Forbes' greatest problem is that he's NOT HIS FATHER.",positive
"I regret this purchase.  Is there any way to cancel?
Thank you

Rita Snyder",negative
"As I write this January 4th, 2007, I have never gotten my first or any issue of Forbes (for which I paid on October 2, 2006).  If I ever get something maybe I'd like it.",negative
"It took too long to start the subscription, at least several months.",positive
Two months after ordering the magazine I have yet to receive a single issue.,negative
"I love all the pics and info, on 1st issue, cant wait till next one!",positive
"I bought the magazin on november, and I don't recive it yet!",negative
I can't believe you actually want me to review the magazine you pushed to my Kindle without my knowledge or consent!.,negative
Once I seen Anderson Cooper on the cover. All I can use this for is Toilet Paper.,negative
"This is probably the worst magazine ever, do not waste your money.",negative
since when is a one year monthly subscription only ten issues,positive
Great Magazine been reading them for over 50 yrs...,positive
Please do not renew,positive
I am also subscribed to Popular Science . I love both magazines,positive
My new favorite pastime.,positive
not much content anymore. it is all ads. seems the articles are crafted to try and place more products in article.,negative
I bought this subscription for my boyfriend.  He loves this magazine.  Who knew Amazon could do magazine subscriptions.  AWESOME,positive
Don't waste your money!,positive
wonderful mag..,positive
Like most of these magazines the adds overwhelm and the articles under-whelm. Outside is starting to look like a glamour magazine. So sad it use to be a good resource.,positive
My husband has not been to excited about it.,positive
"The magazine has good articles, and I appreciate the convenience of sending subscriptions as gifts.  The recipient appreciates it as well.",positive
I bought this as a gift and learned that the recipient only received two of the copies out of the entire year.,negative
Mostly ads.,positive
I have yet to begin receiving this magazines issues-I ordered this approximately 8-10 weeks ago.,positive
A little disappointed. I guess I was hoping for something closer to the original.,negative
dislike the consumer color scheme; difficult to read especially if color blind; review was written previously re this.,positive
"Just Garbage  , not even worth the bottom of a bird cage.........ads and filler. It's a shame how something that was good could be so bad.",negative
"Loved it in the past, however they changed their magazine layout, and I no longer like the magazine.",positive
Terrible adaptation to Kindle. Weak articles. Not as it used to be.,negative
AWESOME INFORMATION,positive
"Have downloaded this magazine to my Android phone before, now this issue is limited to Kindle and Fire? Prime Reading looking less attractive",negative
Love this magazine and share it with the manager of the restaurant I frequently visit.,positive
It is impossible to get connected to their customer service for simple address change requests. I would not recommend subscribing to Discover as a result.,negative
tired and mostly useless drivel ... this magazine has succumbed to big pharma and big industry ...,negative
Wouldn't open on my tablet - can't say much more than that,negative
"Way to many ads, not enough information or articlies that really represent anything of value.
Was once a very enjoyable magazine to read!",positive
"I'm wondering if the 5 star reviews are paid reviews. This is a useless magazine, not in anyway related to mechanics or its science. Advertisements on alternative pages.",negative
"I am frustrated that I get an online subscription with my print subscription, but I must pay for it to use it in my Kindle Fire.",positive
"Cant view on mac osx, can view on my tiny ass HTC10, disapointmented",negative
"I have been reading Popular Mechanics for years, I find their articles more varied than before and very interesting.",positive
I think this is a great magazine and well worth the subscription price!,positive
Alot of advertising,positive
a perfect read for beginners & regulars to the gym..... motivates self... creates desire to look better.... road map to a healthy lifestyle..,positive
"Good magazine for my husband mechanic, electrician, plumber, carpenter and over-all jack of all trades ! !  Thanks for the opportunity to
get it through Amazon!",positive
My favorite mag. Good price as well,positive
"Everything bad in the world can be attributed to man-made climate change.  No original thought in any of the articles, so I cancelled immediately.",negative
cancelled item,negative
Seems like this publication has gone down hill. Not noteworthy as previous years. Reviews marginal at best.,positive
Totally a rip off never got a single issue,negative
Great magazine! Glad to finally subscribe...,positive
Discover is one of m y favorite magazines and having it on Zinio so I can read it again is great.,positive
got it for my husband but he never gets around to reading it,positive
"Excellent magazine!!  Always use to research products/vehicles, etc. before purchasing!",positive
"I'm sure it is not a new review, but i will say it again. Too many advertisements, and not enough M & F advice.",positive
Not my interest,positive
They started me out with old editions.,positive
I have two Kindles and an iPad on the way and can't get an app for the magazine? I have a subscription also. Agravating! Can't even get an app for it. Why?,negative
"Used to be great, now nothing but ads and the stories are not half as compelling as they used to be.  Will not be renewing.",negative
It's $24 for magazine and doesn't include online access.  The online access is $30 and doesn't include the magazine.,negative
Great information on investing!,positive
"Subscription started right away.  Wish I had subscribed to CR sooner.  Always clipping an article every month for long term storage,",positive
This Good publication is somewhat deminished by inaccurate information.  What an awful shame that sponsor money seems to dictate opinion.,positive
You literally have to find contents from loads of advertisements.,positive
"Each issue is filled with so much information that no matter who you are, there is always SOMETHING you can use.",positive
"I find this periodical very interesting. Reading his pages I can be informed in a lot of interesting filds.
I would recommend to my friends.",positive
I purchased consumer report on Kindle through Amazon. This subscription does not include on line access or even a customer number.,negative
"My stepdad loves this magazine! I gave him a 1-year subscription years ago as a Christmas gift, and he enjoys it so much I've just renewed it every year after that.",positive
"ite's popular mechanics, just what I expecterd",positive
Not the magazine I used to love.  A waste of time and money now unfortunate it used to be really good.,negative
Difficult to deal with in this format.  Expensive!,negative
Awesome and insightful. I've already learned so much and have dropped some stock I shouldn't have had.,positive
"I look forward to it every month and so do folks that visit us.  Very comprehensive, factual and interesting products that are reviewed.",positive
was unable to get the free copy on kindle after purchesed hard copy and have it mailed to me monthy,positive
Great Magazine Now on my Kindle Fire,positive
An excellent value (at the Amazon price) for a superior technical news & features monthly publication.,positive
"Now that Smart Money doesn't print, this is the best non-technical finance magazine around-- much better than Money!!",positive
Discover magazine contains up-to-date information that the non-professional can understand and relate to. I read mine from cover to cover.,positive
I only got 1 issue.,negative
"read Popular mechanics for years, the digital layout is terrible compared to many others",negative
Our 9yr old loves this magazine. Looks for it every month,positive
Excellent magazine. Very unbiased. Reviews many brands. A must have for every one. I recommend this to family and friends.,positive
Too many ads. Just a few articles.,negative
Thought it would help me in my finances but all topics were unrelated to me,negative
A lot of advertisements.,positive
To me its not the magazine it used to be. I now quite often find it very confusing.,positive
Too esoteric,negative
"is very difficult to read these kind of documents because the reader never has an idea of all the information it brink, in spite of the index.",negative
Best writing on the planet.,positive
We renew this for him every year for Christmas.  He enjoys it and loves to dabble in the stock market.,positive
Smaller with less content,negative
"I am filing this in my Projects to Complete file,  detail in articles are easy to follow and end results very good looking.",positive
Enjoy my $4 donation AMAZON! You suckered me into buying this magazine with your Windows Phone AMAZON app and then the same app cant even open it!,negative
My fave mag along with BHG!!! Will continue to subscribe to both and love getting the online information and updates too!!!,positive
Not sure that I like the automatic renewal.,positive
Many good ideas presented in articles.  Long time reader of over ten years will continue with the magazine in the future.,positive
"Contents are just like the printed version. BUT, why more expensive than the printed (and mailed) version. Makes no sense!",positive
This magazine is weak.  Would never subscribe again.  All the articles are really vague and do not provide any actionable items.,negative
"One of my favorite magazines. There are usually several articles that make it a good purchase. It is good for families, parents and people who like to do home projects.",positive
I feel like these magazines have more advertisment than actual articles.,negative
Magazine is infomative and interesting.  Can be used to assist in investing or just keep you well informed on the bussiness world.  Very pleased with my susbsription.,positive
Too much advertising do not want this magazine!!!!!,negative
Too many advertisements.,positive
too much advertisement,positive
Love this magazine.  Been to subscribing to it for years. Amazons price is the best!,positive
This was the best price I could find on the internet.  My husband loves this magazine. He reads it cover to cover.,positive
"I received Rolling Stones instead?
This seems to be a repetitive issue with this company.",negative
I didn't recieve that product so far so I am totally dissapointed. I didn't have any problems with purchases made trought Amazon.com and this one was a disaster.,negative
I love this magazine and the fact that Amazon offers it thats even better,positive
Wife did not enjoy the magazine,negative
I can read and peruse the entire magazine in 10 minutes.  Nothing of interest and the recipe section is pathetic.,negative
They renewed the subscription after I canceled and they did not credit my account...  Make its clear of start and stop dates as they have assumptive.... renewal practices,negative
"Does not allow text only views on the Android, so it its very cumbersome to read the extremely small print.",negative
"Fun magazine to read. Has articles about gadgets (also reviews some products), cars, health, and science. Buy when on sale for an even better deal!",positive
Articles are not relevant to me as I am eighty years old and do not live in the U.S. anymore.,positive
"Always a great gift for Dad, Whether he be a grease monkey, or tech nerd he will find something in each issue that he will enjoy. I happen to be both. :)",positive
Not much in the magazine anymore,positive
Magazine has too many ads and not enough content loved it 20 years ago,negative
Great content. If you use the harbor freight coupon in the back of the magazine it pays for itself in no time.,positive
Like most publications this is filled with ads and the articles aren't as great as they once were or my memory of the old Good Housekeeping is skewed.,positive
So much info.... it boggles the mind. I enjoy each issue.,positive
Magazine was super thin. Too many ads. Not what it used to be. I canceled immediately.,negative
If you are a mechanic in mind or body you need to read this magazine. New stuff every month and insight of what is coming in the near future.,positive
This is such a great magazine. It has the best articles. There is always some very interesting article to read.,positive
If you are interested in reading about topical advances in technology in a variety of fields this magazine is the one to purchase.,positive
"I've paid, but I never see the magazine anywhere. Wasted 3,99.- for nothing. I wish I could get my money back.",negative
"I ordered a six month trial version and the very next month they made me renew for the additional year.  A bit too pushy for me, I will not do this again!",negative
"I like everything about this product specalily the price it was on sale for black friday week thankyou ,Nice and interesting articles",positive
Don'like auto renewal.  Should be able to decide on my own ifI should want to renew. Difficult to cancel subscription,negative
To many ads,negative
great magazine i have been reading it for years,positive
Terrible magazine now.  Nothing like years ago.  It was mostly advertisements.,negative
"One of my favorite magazines that was a great deal here on Amazon. I get lots of ideas for organizing, easier methods of cleaning, recipes, and crafts from Good Housekeeping.",positive
Why is this more expensive then the print version !?!? It uses no paper or mailing and frankly should be cheaper for a digital edition not double the price of the paper version!!!,negative
"RECEIVING PAPER COPY, NOT INCLUDED ON PAPERWHITE. WISH SOMEONE HAD SOMETHING ABOUT THAT ON THE DESCRIPTION. i WOULD HAVE PURCHASED THE FIRE.",positive
"Boomers are probably the leading readers of the Mag. We want info. pertaining to us. Also, reprint old jokes, we won't remember them~! lol",positive
when I started to read my 1st issue I was shocked to see all the ad's for senior related products. What a horrible mix of boring content and funny and sad advertising.,negative
"good magazine, Amazon had a great deal for a subscription",positive
Why does it take so long to receive this magazine? How can I review this service when I have not received it? Daaaa,negative
"I canceled it, was not enjoyable reading.  Prefer the old fashion paper copy.",negative
"best ever mag,",positive
The articles are well written and interesting. I love this magazine.,positive
Too many ads and products reviewed are for the products advertised primarily. Number of pages has decreased by almost half.,positive
The magazine is not downloading.,negative
Great magazine at a great price.,positive
"I went through only one issue and canceled my subscription. advertisements advertisements advertisements, and some short useless columns. I wouldn't recommend.",negative
This is a great magazine. I live that they stand behind their product reviews! I trust them.,positive
To much advertising y,negative
"Lifetime of great reading from this icon of magazines. Although they have changed with the times, the changes have been for good.",positive
I was excited to get my first issue.  but was soon dissappointed.  Here it is june and my issue is for may.  Not happy.,negative
"I find it to be a piece of all from many other magazines not very informative or catching
Or noteworthy",negative
I'm concerned that I wasn't given the opportunity to register a change of address at the same time as the extension was automatically effected.,negative
This magazine has a lot of good ideas.  Really like it.,positive
I purchased this magazine when my children were little and now I am a proud grandma and revisited this magazine which I still enjoy.  Thank you for the wonderful Family Fun ideas.,positive
I received this magazine thinking it would be fun to have things to do with my grand kids and find it boring .No imagination.,negative
"Since I haven't received the magazine yet, it is very difficult to review it at this time.  However, I can review the 6-8 week delivery time as a minus 5!",negative
I did not get all copies and some came late. Will discontinue,negative
"Rate to find a good article. This magazine is all ads. Even the ""articles"" are just selling something.",negative
"With a grandson who loves ""projects"" and games, this magazine offers  grandparents ideas for both.  We ordered subscriptions for the grandkids family and for ourselves.",positive
My favorite magazine!,positive
"a must have to mom's with children. great craft ideas, cooking with kid ideas, review of games and books. just a great magazine",positive
Enjoy it now as much as when I was a young married,positive
"Won't renew, very disappointed by all the adverts, lack of content.",negative
Perfect. $5 for a 6 month subscription? Can't beat that,positive
Ordered magazine for my son but I am receiving a copy also. I don't golf.,negative
I ordered this for my son. However both he and I are receiving the magazine. I don't golf. Waste of magazine.,positive
very hard to use since they discontinued the app last year. was great now it pretty useless.,negative
Wonderful and informative magazine that I've read for many years. This auto renewal was very easy and is also a very good bargain.,positive
"There is no better magazine than Good Housekeeping.  The stories are great, the recipes are wonderful and the articles are the best.",positive
"Cancel this subscription.
Thank you,
Gary Gronneberg",negative
Great for references & product reviews,positive
It was a gift and the receiver is so pleased.  She has her 12 yr old daughter pick out a recipe and then they make it together while teaching cooking and kitchen skills.,positive
"Of all the Pregnancy magazines I have read, this seemed to have a lot of information, good easy workouts and some healthy meals to make.",positive
"Should be ""golf"" mag, not girlie mag.  Figure out what you want to be; legit golf resource or just another cheesy mag that will do anything to sell copies.",negative
"Will not download completely. Cannot scroll. Almost useless.
However, the imbedded clips in the fragments I do have look
Like they would be great.",negative
Definetley wasn't what i was looking for. I wanted recipes .  Paid 3.99 pretty much for nothing. Wish i could have gotten my money back.,negative
"Good Housekeeping is no longer the magazine to buy.  It has too much junk in it and after the subscription expires, it won't be renewed.",positive
I enjoy and look forward to the arrival of my magazine every month.  There are so many great articles and new ideas...totally love it!,positive
I have always loved this magazine and to be able to get it delivered to my door at such a great price is awesome!,positive
Enjoy reading this magazines. It has info that I want to read about.  Would buy this magazine again.  Good articles.,positive
"Haven""t received yet. Had to buy in store! Waiting for it to come to my home, then I can comment.",negative
I haven't received my first issue yet so can't say.  When is it going to come?????????  I think I'll like it if I ever get it.,negative
"I get a lot of magazines and really don't have time to read them all--but I always find time to read my favorite magazine! It has great, timely & useful articles!",positive
"Much as I thought I would enjoy this magazine, there are just too many adverts for junk, I can hardly get myself to open it, and a few have gone straight into the trash!",positive
"It has nice content but out of 230 pages, 113 were ads. That's not even counting the smaller ones. I won't be renewing.",positive
"I was a little dissappointed in the lack of meaningful content in this magazine.  Remembering how it was in the past, it seemed to me that there were way to many ads.",positive
"Seems like every magazine is the same. Someone losing weight, a few recipes, and few product reviews. Nothing really great.",positive
Filled with  articles that are up to date in fashion and new products.  It also has great recipes.,positive
Have subscribed to this magazine for many many years. Lots of good information & great stories. Cannot go wrong with this all around womens magazine,positive
"I placed this order on 6-27-08 and today is 8-6-08 and I haven't received my first issue yet. Hopefully, I will receive it soon.",negative
This was a very easy subscription.  It came in a a timely manner and was much cheaper than anywhere else I could subscribe.,positive
I have read Guidepost for as long as I can remember. The stories are very inspirational and His Mysterious Way is my favorite.,positive
Always wonderful to read - lifts anyone up!,positive
I love Guidepost.,positive
"I personally have read Guidposts for over 25 years. I love it so much, I have given it as gifts for other people to enjoy!",positive
I wish I could give zero stars.  Horrible product.,negative
"I cannot get this book to come up in larger print.  I would like to have $1.99 credited to my account.  I am removing it from my device.
Thank you.  Helen M Smith",negative
Love the wonderful stories and thought provoking articles. I have been a reader for 3 years now. Just renewed my subscription.,positive
I have subscribed to Guipepost for years; I love the inspirational stories.  They are uplifting and encouraging.  I highly recommend.,positive
Wish they wouldnt always put skinny people on the cover show real women we are all sizes even plus size and we workout too,positive
"Way too many ads. Also, l purchased this for kindle, but it does not work on kindle for pc and my phone is too small to see the pages very well",negative
Love this magazine. So many tips and recipes for healthy living,positive
"Did not find Health magazine was the one for me. I tried it for 30 days, however, I will. Not purchase it.",positive
Always a good easy read w great topics,positive
"I already received my first issue, love this magazine!",positive
"Wow,  these magazines have shrunk down to one forth their size and half of that is advertisements.",negative
The title is misleading. This magazine is all about fitness and dieting. There is very lillittle  little here,positive
"I really like it.  It is simaler to Dr. Oz's The Good Life, so I going with it this year.",negative
It is not a good choice for the kindle fire. The print is too small even on the largest font.,positive
Cannot see the small print on my Kindle.  Content aimed at much younger audience.,negative
"Love this magazine!  I have been a subscriber for a number of years.  It has lots of good information concerning nutrition, health and exercise.",positive
"I wasn't real impressed with this magazine, nothing major, just didn't pull me in enough to be excited about it when it arrived.",positive
A great magazine that I have subscribed to for years at a terrific price. Lots of great articles and information.,positive
It's garbage. Full of adverts/commercials. Just a few health talk or discussion. This is not the Health magazine or journal of those days.,negative
I love Health magazine.  It provides so much information on a wide range of health topics.  I can't do without it!,positive
I have yet to receive this mag but the check cleared the next day.  Prolly takes a while... a loooong while.,negative
I bought this for my 17 year old son who loves salt water fishing. The photos and articles are excellent!,positive
"Both Analog Science Fiction and Science Fact & F&SF contain massive amounts of homosexual themed stories.

No wonder their readership is disappearing!",positive
"One of the best Sci/Fi periodicals anywhere, anytime. The stories are perfect to read at lunch when you're just not in the mood to listen to people whining about their jobs.",positive
The Kindle edition is poor compared to the print edition.  No pictures - more important the lack of new paragraphs when speakers change.  Poor formating.  No more Kindle editions!,negative
"I love Analog.
I have always loved Analog. Excellent sci-fi, editorials, and I keep up with cutting edge science this way.",positive
My favorite SF magazine which I usually cannot find at the newsstand so a subscription is the solution to access,positive
I love Writer's Digest magazine. Anyone on the path to being a successful writer should be reading this magazine that is packed with great information and resources.,positive
If only writer's Digest spent as much time creating articles for writers as they did spamming for you to renew your subscription,positive
"A must-have magazine for any writer. Every time I read it, I learn something that I can apply to my work in progress.",positive
"Invaluable AND entertaining articles for all writers and even ""wanna-be-writers!""  Love the colorful Kindle format convenience, style and great readability.",positive
This is the best resource for writers. Plenty of great ideas and examples and guidelines. I am definately stasified with this subscription,positive
Kindle part is GREAT! Received 2 issues - Kindle only. Why Have I not been mailed the print issues? Unhappy about this. Today I will need to call the magazine's customer service.,positive
"I have loved National Geographic magazine since my grandparents got my brother and I subscriptions as kids. Amazing stories and photography, makes the world big again. Awesome!",negative
"I only received 2 out of 12 times.
This is a complete scam.",negative
Great magazine and you can't beat the price.,positive
Came on time and I bought it for my boyfriend who loves them! Was so happy they came on time!,positive
Love this magazine...only one of two that I read cover to cover.,positive
"It's just not as good as it used to be.
 Quality is not worth the money . I'm going to cancel my subscription.",negative
Love this magazine...,positive
"Beautiful photography, informative stories.  One of the best magazines around and one that the whole family can enjoy.  Love it!",positive
Have not received any issues since purchase.,negative
So far I'm enjoying reading through this magazine and seeing the wonderful art that's out there.  Very inspiring.,positive
"More advertisement than actual journalism
Wasn't what I expected and definitely won't be renewing",negative
One of my favorite magazines.,positive
We love Nat. Geo.  Happy to get subscription thru Amazon.,positive
"Great price, my husband's favorite magazine!",positive
Owned by Fox and is now filled with a ton of ads.,negative
"I love this magazine! Lots of great advice, and awesome photographs and articles on cycling.",positive
Love my magazines they come at the right time each month. So excited.,positive
"Used as 2 subscriptions as 2 baby shower gifts
.... excellent!",positive
Full of useful articles and references. Both print and Kindle are worth having.,positive
"Love this magazine - lots of info. These are keepers, always can go back to to review.",positive
Good information.,positive
NG has become politically liberal junk.,negative
This is exactly what I expected - perfect!,positive
Love the magazine so many good articles,positive
Too many advertisements distract,positive
Took almost two months to get first issue. Does not have much substance. Too much advertising .,negative
Unfortunately I could not get all articles to download.  Huge disappointment.,negative
"Not readable, page doesn't turn properly, font size does not enlarge for reading..by",negative
wife loves this is exactly what she wanted,positive
"My son loves this magazine subscription to Artist's!
The subscription came quickly and we had no trouble with our order.
Thank you!",positive
"Most of our family on our account has the original Kindle Fire, which this isn't compatible with. Will not renew since only one of us can read it. Really stupid.",negative
I ordered 5 months ago and have yet to receive one issue....,positive
World's best magazine !!!,positive
The smart phone format is too small. Can't read half the articles. If they switched to a kindle format ( I love my Atlantic Monthly on smart phone) then I might stay with it.,negative
Love the articles about techniques and other artists.  It's also great to find out about competitions that I could enter.,positive
Great reading,positive
"I really do love this magazine, they always have great ideas and wonderful tips!  One of my favorite parts is the last page...the things kids say...so cute!",positive
I will not be renewing.  This magazine is such a quick read that I will leave it to physician reception areas.,positive
Not a great situation with the Kindle,positive
"Only E magazine I could find quickly about bicycling.  Forgot what a waste/drivel for ths masses this magazine is, don't waste your time.",negative
"Ordered this 8 months ago, never received an issue.  This is the second subscription I got through Amazon that didn't get to me.",negative
"They keep up with the quality over years, it is always a great and interesting read .",positive
Interesting as always,positive
I bought this Magazine for my grandson's High School Graduation. He is enjoying it.,negative
This is my absoulte favorite magazine.  I look foward to this every month and read it cover to cover.  Its a must have for any parent.,positive
I used to love this publication.  I have been subscribing to it for 48 years.  I am canceling my subscription this year.  It has turned into political propaganda for liberals.,negative
Reading this magazine on kindle are not so good (I have the zinio version ),negative
Seems pretty liberal.,positive
This is a fun magazine to read.  I have a subscription.  They really stay on top of the current trends and have some really good discounts for readers as well.,positive
"Their idea of cheap fashion is under $100. Thats not my idea of cheap, but it might be yours. this magazine just makes me want clothes I will never own.",positive
Love national geographic,positive
They said they sent 2 issues but i never received any of them.  Waited 1 more month & never received single issue.  Called them to cancel subscription & got my money back.,positive
"Yes, thanks to JK for passing me info on this deal.  Always look forward to the issues.",positive
A good guide to stay motivated to run,positive
Meh. Didn't particularly enjoy it.,positive
I love these  I've collected all my life and even have some from 1922. I shop for ones I need to complete a year,positive
Way too much advertising not enough articles,negative
One of my favorite magazines. None of their issues disappoint.,positive
This is a must have if you are a runner or want to start!,positive
What a waste of time and money,negative
Bought this for my wife. She loves it!,positive
Not at all the quality it was in the past.  Articles are not as well written and seem biased.  I want facts not opinions!,positive
This once great magazine has devolved into a shill for the far left propaganda machine. I will never have this garbage in my home again.,negative
Do not get this magazine if you have a kindle. You will not be able to read it in text settin,negative
Gender is NOT a social construct. This has turned into a liberal rag,negative
This magazine has become nonsense.,negative
I have read this my whole life since the time I was a kid until now. I have been a subscriber for years and I really appreciate this mag. Still a great magazine.,positive
Slowly evolved over the years to a slick vehicle of advertisements with a few articles sandwiched between. Sad.,positive
love this mag,positive
my son liked it,positive
Very sad shadow of what NG used to be. Far less content and half of it seems to be paid advertisements disguised as an article.,negative
Playboy is history. The articles now in Maxim are much better since there is a new owner/publisher..,positive
Fantastic magazine at a great price.,positive
I really didn't like the magazine; and wouldn't refer it to others.,positive
Excellent product very happy with purchase...,positive
I can still not read the the magazine. It says queued.  And then nothing. I think it is better to buy it in the store.,negative
No need to weigh in on transgender. I was very disappointed that NG felt the need. Will not renew.,negative
",Should be nil.",negative
I have always loves these mags since I was a kid.  Saw them on here on a deal and am so glad I did they are great little mags the pictures are just amazing.,positive
"Ots of good info. As well as good healthy recipes. Also, great personal triumph stories :) cant beat free sjipping and cheaper price then anywhere else!",positive
there are far too many ads for this magazine to be worth while. The articles are not very interesting or useful.,negative
"I love this magazine, I've been a reader for years. It has a good mix of fun, informative, and inspirational articles.",positive
This magazine used to be fun. Now it's just garbage writing with none of the interesting aspects that made the magazine worth buying.,negative
one of our favorite subscriptions,positive
Magazine has gone off the rails.,negative
I still have not received anything. The only thing that was done on time was your billing on my credit card. I want a credit back. PLEASE,positive
It was a really great magazine pre-2008.  Something happened and it has not regained its pre-recession density in terms of pages or useful info.,positive
"Hey Maxim, it's the 21st century. Please make your mobile version easier to read. Even when I expand the text, it's hard to read. Also, FAR too many adverts.",negative
JUST SCAN.  DON'T REALLY READ IT.,positive
Perfect magazine for the west coast.,positive
"great price! I love the maxim company, and i wanted both print and the electronic version so this was a must buy! A whole year subscription for cheap! Love it!",positive
"Was looking for reading info.on retirement discovered this magazine and its full of all kinds of great info.
Like best places to live,costs and offers other resources .",positive
Complete waste of time and money.,negative
Good magazine always been a reader,positive
"A little disappointed, it was the usual regional mag.",positive
Wonderful magazine!,positive
Love Nat Geo.,positive
"I don't like they renewed my subscription without telling me. When I tried to cancel it, they told me I was too late.",negative
Best way to continue or start a subscription. With the best price.,positive
Two many adds.,positive
Always love this magazine.  Dreams unlimited.,positive
I enjoy reading about our beautiful national parks and the photos that accompany them.,positive
My favorite magazine for women over 40. Price was good too.,positive
"Great magazine, glad I got it again after all these years.",positive
Got the first issue a week earlier! Appreciate!,positive
Too many ad's,negative
Love this magaine,positive
Too many ads.,positive
It's not what it used to be. The stuff inside is boring. I've just canceled my subscription.,negative
Always loved this magazine and am happy to be receiving it again.,positive
Immediately after ordering a subscription I started getting harassing phone calls from National Geographic.,negative
I love this magazine. Great resource for places to go/trips to take. Nice pictures. Helpful information. Great especially if you like the outdoors.,positive
"Same content as the actual magazine so unless you are travelling and don't want to take the 'zine, fail to see what benefit there is to it, plus it takes an eternity to download.",negative
Got the first. Then it stopped been delivered!,positive
A  great magazine over historical time. Covers  a wide spectrum of vital interest.,positive
"Somehow this great magazine has fallen down when it comes to interesting articles...I will not be renewing my subscription, sorry to say.",negative
"I look forward to recieving this magazine every month! It is always inspiring, has great recipes, and I usually learn about a new place that I have never been.",positive
Another great travel related magazine,positive
Overrated Rag Publication..... There are much better choices out there to read..,negative
"Love having this on my Kindle, no wrinkled pages. :) And I can take it with me wherever I go.",positive
I've been a subscriber for years.  Now I can take it with me as I travel !,positive
DISAPPOINTED,negative
This was a gift to a friend but he says he enjoys it.,positive
"Best Magazine ever.  full of nature, science and rich history. I love this magazine.",positive
I never get tired of T & L.  Always so interesting.,positive
I have been a subscriber to Maxim for many years.  It is the best men's magazine out there today.,positive
I have been a fan of National Geographic for all of my life.  That is until it was purchased by Rupert Murdock.  Now you can keep it.,negative
"Absolutely LOVE this magazine!! Great articles, pictures, and ideas of where to go next for a vacation!",positive
Maybe I'd have a better rating for Maxim if my subscription actually was delivered!,negative
Great magazine!  Arrived promptly!,positive
Not my kind of travel. Too spendy.,positive
Sunset is a pleasure to read. The photographs are amazing and the recommendations are spot on. The recipies are always wonderful too. It's like a min-vacation with every issue!,positive
One of the best travel magazines there is.,positive
love the ww magazine,positive
other magazines don't make you take a subscription after 30 days if you do nothing. I don't like that,negative
It is a very good magazine. Worthy reading.,negative
The douchiest magazine of all time.,negative
Sunset is a great magazine and the price was terrific.  I live on the west coast and the articles pertain to West Coast.  I always enjoy the read.,positive
"Thanks ZP for sharing T&L Shady Practices--I was going to subscribe, but not now!!",negative
I find this magazine interesting and usually containing information I can use.  I pass it on to a neighbor or family member when I finish it.,positive
Love chicks are so hot!!!! Plus the articals are hip and coincide with my generation I've been long time reader since I could and think I always will be,positive
I don't know how I like this yet. I haven't received the magazine yet.  I bought the renewal a month ago.,negative
Cannot tell you how frustrating it is to pay for a product and not receive it. Hope it gets here soon!,negative
I found this magazine to be a total waste of my money. I gave it 1 star because there was no way to leave NO stars!!!,negative
terrible this used to be a really good magazine. Hopefully they get it together like the days  old otherwise they're just going to be replaced.,negative
Love my WW magazine.  I get so much inspiration from the real people and love the recipes and food ideas to help me stay on track.,positive
Not yet received. Why in the world does AMX Publishing take so long? Bad for their corporate reputation.,negative
"We did not receive this yet, it has been weeks...  I hope it comes soon so we can enjoy manifesting new travels.",negative
"National Geographic is a terrific resource.  The stories are important, timely and well researched.  The pictures are memorable.",positive
This is my favorite magazine...Great articles on all the newest gadgets that every guy wants...Plus some beautiful girls help as well...,positive
"Guess when you rate an article low, you try to make it hard to do so by requiring more and more addition words.",negative
It takes much longer for digital issues to come out.  Will not continue my subscription once its done.  There really isn't an excuse for it.,negative
To much advertisements,negative
"I only gave it a one star because I can't give it no stars.
How can I review a product I haven't received yet?",negative
"Ordered this magazine as a Christmas gift.  Mid February, he's yet to receive his first issue!",negative
"I was more interested in recipes and food ideas. Articles were same old same old stuff, not very inspiring. I canceled after looking at the first issue.",negative
This is an excellent magazine and I look forward to it each month. I particularly enjoy the variety of articles on things that are relevant to current society.,positive
I was quoted a price of $5.00 and was charged $12.95 for this Travel & Leisure subscription.  I tried to correct it but just finally gave up.,positive
"This is one of the worse magazines I have picked up in years.  If you have ""money to burn"" traveling, then it might be for you.  Loaded with advertising and little 'true' content.",negative
Great getting NG again.,positive
Our family is a huge fan of the National Geographic magazine.,positive
Very disappointed my gift to my friend was not received yet. it was going to be a gift but don't know why it was not received yet. My advice look for something else.,negative
"You can order it directly from National Geographic for $15, but that is just the magazine not the online stuff.
I'd recommend avoiding the middleman.",negative
"What's not to like?  It is National Geographic.  Beautiful photography & interesting articles from around the world.  Great deal, subscribe.",positive
"Who in Southern Calif. can live without Sunset magazine?? The garden ideas are great, the menus are classic, and the vacation advice is always great.",positive
I look forward to every issue. The projects are top notch.  I have subscribed to several woodworking magazines.  Popular Woodworking is one of the best.,positive
MY ALL TIME FAVORITE MAGIZINE!!!,positive
i orderes this book back in feb and still have not got it yet  it just takes to long to get books from  you all,positive
"I did not ask for auto renewal, I asked to have it stopped and still don't know if I have received a refund. In fact I did not receive the original
subscription!",negative
Amazing content. Love all the great information provided is this magazine.,positive
Too small to read on Kindle.,negative
great recipies. love it on my kindle,positive
"I diidn't enjoy  this at all. There were way too many ads, and  it was difficult finding anything. I  can't recommend  this",positive
Enjoyable reading and browsing...love the recipes.,positive
whats in this book I already know. Not helpful at all. Wont recommend it to anyone its hard to say anthing else no good!!!,negative
Wanted to cancel but was charged another year.  Hadn't even gotten next edition but still charged me.  Done with auto-renewals on this site.,negative
This is a wonderful magazine for Women over 40 years old.  Great beauty tips and other info for our age group.,positive
"I have not received my first magazine yet, although it has been two months since I ordered.",negative
"It's nice to have this on my kindle where I can look for ideas for eal time envy where. Whether I have y phone .kindle, or ipad",positive
This is seriously the worst magazine in the world . I got 1 year free subscription and still it wasn't worth it.,negative
"Used to be a member in the glory days. Now that Rupert Murdoch bought the magazine, I will never look at the magazine, website or TV programs again.",negative
Used to be an outstanding mag...now it has been bought and they have sold out the main strength and beauty of the mag...very sad time for National Geo..will never support again.,negative
I DID NOT PURCHASE THIS MAGAZINE!  Please end any billing and mailing.  I cannot review what I did not read.,negative
Annual renewal as a gift for my father and he enjoys the content.,positive
Fox News with nice photos? No thanks.  Murdoch ruins everything he touches.,negative
Best ever,negative
I started my WW jurney in January and this magazine has really great articles and recipes!  I love it!...not to mention the coupons!,positive
"Simply the best for over 100 years!

No other magazine has more inspiring photos and articles!",positive
One of the best magazines so exciting each month,positive
I HAVENT RECEIVED THE MAGAZINE AT ALL.... COULD YOU PLEASE MAKE SURE I GET IT... OR I WANT MY MONEY BACK..............,negative
Very practical information and do not have to be a member of weight watchers to enjoy the benefits of the information in this magazine,positive
"WE STILL HAVE NOT RECIEVED THIS MAGAZINE.
CAN I GET A PROOF OF DELIVERY?
I WISH IT WAS EASIER TO TRACK SOMETHING THAT HAS ALREADY SHIPPED.",negative
"6 weeks and waiting. False advertising, they meant 10 weeks for first magazine, not the 4 to 6 as quoted on the order subscription. NOT SATISFIED",negative
"I purchased the magazine on december 24 and I didn't get any issue yet, what can I do about it?",negative
I never received a copy of this magazine i am still waiting on my first issue.,negative
Still have not received anything. Should have zero stars but I see I am forced to rate at 1 star.,negative
A gift for my brother in law and he said he loves it.,positive
"Always informative, always great writing and especially photography...National Geographic is not just an icon, but a treasure. Getting on my Kindle Fire makes it even better.",positive
"Until this supports the more common - and better - e-ink Kindle, I won't buy it.

I find it very annoying that Amazon doesn't disclose clearly on the site.",negative
I love the National Geographic and have loved it since I read my first one at my piano teacher's house in 1948.,positive
Best magazine there is.,positive
My husband loves! One of the few magazines he requests year after year.,positive
Great articles and gear review.,positive
Must have magazine,positive
One of the few magazines that I like from month to month. The articles are really interesting and not overfilled with ads like the other usual mens magazines.,positive
This is a good magazine for guys of all ages with timely advice and thoughtful articles. Always well written and thought provoking,positive
"pretty sure I never read one of these that came in, i don't see the need for someone my age to order this (age 25).",negative
Just a bunch of marketing trying to get you to purchase a bunch of toys. Articles are too short and it should have more on fitness.,negative
How in world can you charge more for the print version vs. the Kindle version? $24 for Kindle vs. $15 for print...doesnt make any sense to me.,negative
Get this every year for my grandchildren. They pass it on to me. We LOVE the info it contains and look forward to its arrival each month.,positive
"Synapse is disgusting- no refund, no magazines, do not waste your money.",positive
"Love national geographic. Pictures are great, articles intriguing, and buying it on Amazon was the best deal I could find.",positive
This order has not arrived. I am still looking for it. What a disappointment. Sure hope it arrives soon; would hate to think the worse.,negative
"Maybe I'm too low class or something.  I just don't get it.  Boring.  I tried it, it failed.  Give me sports, news, entertainment.  This doesn't really have any of that.",negative
This is one of the best magazines I've read! I've got my brother and some friends reading it as well!,positive
I cannot remember when I wasn't a subscriber in one way or another.  the magazine remains fantastic and informative.,positive
One of the best magazines ever,positive
Until now I have never received my 1st issues for my subscription. I ordered on around the 1st of August.,negative
I cancelled my subscription because the format is too difficult.,positive
"Excellent, arrived as promised",positive
i only received two magazines in a year. it's a theft,negative
I love this magazine and I'm a woman.  The articles are well-written and the topics are timely and cover a broad range.,positive
Consistently the very best!,positive
What does the title say 'kindle edition' and then when you try to subscribe it says that it is for fire phone only?,negative
"I subscribed to this magazine in January for my husband.  It took 5 months to get the first magazine, then I never recieved another one.",negative
"National Geographic is very brief and short not like it used to be.
Wouldn't recommend it.",positive
National Geographic is not what it used to be............very disappointed.,negative
I love it indeed.,positive
Have always LOVED this magazine...Glad I renewed! jane,positive
We love National Geographic magazine and we were able to get it for a great price here!,positive
I was confused to receive my first issue with three back ordered ones? Pretty bummed because we had already purchased them during our travels.,negative
"Boring magazine, and arrived damaged.",negative
Years ago I subscribed to National Geographic and I loved it then and I still love it now. I'm so happy to have it back.,positive
"I subscibed to this magazine for over 6 motnhs now, however this magazine never reached, even though the statas says ""Shipped"" i was very disappointed.",negative
Material is old and outdated.,negative
Great interesting articles.,positive
Only received one issue,negative
"Got one magazine
And I got a last magazine notice 2 days later
Weird
If its true its a BAD DEAL!",negative
THE WHOLE FAMILY LOVE THEM AND THE TASTE IS GREAT.,positive
Way to many ads and not enough useful information....,negative
Full of garbage advertisement to do franchise. There quality keeps going down like CNN. Now it is straight garbage.,negative
"National Geographic has been in my family for generations.  There is always something interesting, and we love it!  Thank you!",positive
Fabulous. Love F&W!!,positive
Love Dwell. Always great ideas.,positive
"I would love to be able to rate this subscription, but I have yet to receive my first issue.
Can you tell me when I can expect it?

Thank you",negative
Too many advertisements for me.,positive
PRETTY GOOD BOOK. IT WAS A PRESENT FOR MY DAD. HE SEEMED HAPPY WITH IT.,positive
Best design magazine ever.,positive
3 months before first issue arrives. Unexceptable,positive
Great magazine for a great price. Thank you Amazon,positive
my wifes favorite magazine. Very modern.,positive
I love Dwell!  Quality contemporary.  Look forward to every issue.,positive
Excellent magazine. Great ideas even for the average home owner......and the Dwell Convention was fun too!,positive
Big disappointment.  There just wasn't much usable content.  Too many ad's.,negative
"Great price for a wonderful magazine. You can not go wrong. Arrived before it was supposed to, so even better.",positive
i love this magazine. i think it has lots of great articles and i enjoy letting my mind wander thinking about living in one of these homes.,positive
The articles were informative and the photos and layout interesting.  It is pertinent to the new interest in smaller dwelling places.,positive
I did not like the layout of the online version. I also did not see any recipes that I wanted to try.,negative
"I did not want this subscription to continue. I got it free, but they ended up charging me a ton at the end, even though I tried to cancel it. Way too expensive.",negative
"To many ads..
For the price.",negative
I've been a regular subscriber of the print version.  The digital version is wonderful!!!!,positive
"It's always been my favorite to read any time of day/night.....amazing stuff. It's my family treasure, since I grew up in the '50's.",positive
National Geographic continues to be the best magazine out there.  The photography and stories are top notch and the topics and locations fastinating.,positive
mostly advertisements in #1,negative
Dissapointing,positive
God decision Have ordered year subscription  for my daughter in law who is a great cook She will be pleased,positive
"Nat'l Geographic never disappoints.  Fabulous photos of anything and everything, here and across the world.  You can't beat Nat'l Geo.",positive
"Not WHAT I was expecting,  to many ads.
CAN'T even cancel my subscription",negative
I always enjoy receiving National Geographic.  The articles and amazing photos are a constant pleasure.  I am sure everyone will enjoy this magazine.,positive
"Dear Sir:

We have not received a single copy so far. Is something the matter ?

Cordially yours,

SEBASTIAN SUCRE",negative
The recipient of this gift is an avid reader and is very excited to receive this gift. She will love it.,positive
Saw the next issue on news stand and it was full of ads compared to the one I had read.  So I cancelled it.,negative
love my magazine,positive
Love this app. Even more fun to read with kindle. I love that I still get paper edition now u can leave it at home and still show my friends on the go.,positive
I subscribed for a friend in prison and he never got one copy and I complained and never got a response or a credit for anything.,negative
It took MONTHS before my first issue arrived.  Lots of ads.  Not as many recipes as I was hoping for.  Won't renew.,positive
This was purchased for my granddaughter.  She loves the magazine.  She has even entered several scholarship contests in the magazine. Would recommend to any young horse lover,positive
Great little magazine for my riding kids. The kids read it from cover to cover every issue. I'll keep getting it as long as the kids ride.,positive
I look forward to every issue with great anticipation.,positive
"I ordered it around the end of November and until now I have not yet received my first subscription!!!!!!

How long would it take for it to arrive ??????",negative
"After finally being able to read the online version,I could see it all,great mag..",positive
Excellent!!,positive
Very good! The recipes are great! It makes me want to cook up a storm!,positive
got this subscription for my godfather and he loves it. great father's day gift that reminds them all year long that you love them. :),positive
"The app itself is not bad, but I hate that I do not have access to prior issues.  If I do, where are the instructions?  No to mention the download is sssssllloooooooowwwww!!!",negative
"This is the best organized, easiest to use cooking magazine ever!  Wonderful photos and enlarged step by step instructions make it a joy to cook!",positive
I purchased this subscription for my niece and she LOVES it!  Perfect for the young horse lover in your life.,positive
"It was frustrating that I had to reverify my subscription after they changed the app, and that  I couldn't not retrieve copies of the older issues",negative
This is the best magazine purchase I have ever made.  I bought it as a gift subscription for my guy a few years ago and have renewed it every year.,positive
My granddaughter is a young teenager and loves the articles and the posters that are included. She looks forward to each issue!,positive
We have been subscribing to National Geographic for many years.  It is just a superior magazine with always interesting articles.  A must for families with school children,positive
We love National Geographic and renew it yearly. Most of the articles are timeless and the photography is truly outstanding!,positive
"I have been patiently waiting for my first issue but have not received one as yet! Therefore, I cannot comment on this magazine ""bon appetit"".",negative
I Havent receive tha magazine and i subscribe to it in november. We are in march. Not satisfied at all.,negative
Always a wonderful read. Fantastic pictures and you learn something new every time you open it up. Everyone should subscribe at least once then they would be hooked too.,positive
My kids love getting National Geographic.  My daughter loves reading about all the different places and looking at the pictures.,positive
Love my magazines- when they show up  I received 2 so far,positive
I remember when this magazine first came out and it was a lovely work of art. now it's so thin and full of crap.,negative
always appreciated,positive
I love Martha Stewart Living magazine.,positive
Pleasant articles by distinguished writers indicates a consistent joy to the reader.,positive
Hard to rate this subscription cause I Have not received anything yet.  No magazine or even a account number so I can view it on my tablet.,negative
"I received the first issue; however, have not received any others since.",negative
"Ordered in error because nieces were playing with my phone. Tried to cancel, but Amazon declined.  It's shame, useless for me.",negative
really boring articles,negative
liked reading,positive
This is entirely too expensive,negative
Our family had this when I was a kid - it has been a long time since then. Great articles!,positive
"I grew up with National Geographic and have always loved it! Whats not to love? Beautiful pictures, informative, educational articles and just a class act all the way around.",positive
my favorite magazine,positive
Love the mag!!!,positive
I don't want this magazine anymore and am trying to switch or cancel but you won't let me.  Not happy!!!!!!,negative
I have only received a few edition since ordering!,negative
Advertisements,negative
"Do not like this format, can't find the articles cause of so many ads!!",negative
Too many advertisements,negative
This magazine gives alot of helpful tips. Would recommend it.,positive
LOVE HER MAGAZINE!!!,positive
It's not working well,negative
"The best price existing?!  This magazine is to read, watch and keep .... love this. So glad Amazon offered this for $5 a year. Unbelievable deal ever",positive
I am sick of Graydon's raving about politics,negative
I purchased this subscription as a gift for my parents.  Both are enjoying the magazine so much!  It was the perfect gift!,positive
My husband loves this magazine and reads it cover to cover then is sent to my son who does the same,positive
I wasn't able to download the full magazine.,negative
I wouldn't waste my time on this hate fill magazine,negative
Way too many ads; and articles that are broken up for a print edition --which is so silly and unnecessary anyway-- are annoying to navigate to in a digital edition.,negative
Love this magazine and great price.,positive
Best magazine out there!,positive
Love it as always!!,positive
"I find the articles difficult to read in the living magazines we have received, very little content that we would read",negative
"I ordered this loong time ago, still have not received it. But when I had it years ago, it was a very interesting read.",negative
There were way too many pages of advertisements.  So dissapointed:(,negative
Great articles and recipes.,positive
"This is a great, informative and interesting magazine.  It takes you all over the world and beyond.  Great price too.",positive
Very difficult to read in this format,negative
I can't get this to download  and there is no way to contact a living human being to find out how to do it. Very disappointed,negative
Send you old outdated copies,negative
Amazing magazine. Gave to my husband as a gift. Always a hit,positive
It is Marta Stewart. I grew tired of the year suscription.,positive
Love everything  about  this magazine .,positive
"National Geographic is both beautiful and informative..It should be in every household, especially where there are children.",positive
Too much ads,negative
"One of the last great magazines still around. Writing is top notch. Stories are varied to make every issue worth reading, from cover to cover, every month.",positive
I've been reading Vanity Fair for 20 years and I think it's the best magazine out there.,positive
I've been subscribing to Vanity Fair for about 25 years.  It is the best magazine that there is.,positive
"My favorite.  Full of useful info, great format, outstanding in every way.  Wish I could live my life using Martha's calendar...",positive
"$15 for a year's subscription at the national geographic mag site. Go there and buy it. One star for Amazon trying to get you to shell out the extra dough.

-Karl",negative
"This is a great magazine, full of lots of ideas to do along with descriptive photos.  One of the best magazines on the market.",positive
great price for this magazine,positive
Hard to see in tablet form.,positive
I can't get it to download to my Kindle!,negative
wife like to read it,positive
Too much advertising!!,positive
"Full of color, great articles, wonderful pictures and ideas. Most of all, full of Martha with the same wisdom and humor that her program had.  This magazine is a keeper.",positive
Too many advertisements in this magazine  and too few recipes and craft ideas.,negative
My favorite magazine.  Love it. Chock full of great ideas and information,negative
Got charged for 2 copies for kindle fire. Magazine will not download on my kindle fire.  Could not cancel the order.,negative
Beautiful to look at; lots of wonderful content and extras.  The best online mag by far.  And very reasonable subscription price for all that you get.,positive
I haven't received any issues to date,negative
Great recipes.,positive
I got sent two issues that I had already bought from the news stand. Would have liked to choose when my subscription would start without receiving issues I bought twice.,negative
I love this magazine...it's one of my favorites. The stories and articles are relevant to today's society and each month I look forward to it arriving in my mail.,positive
This is really the best gift for people who love the outdoors.,positive
After 3 months I'm still waiting for the first exemplar.,negative
"Articles are well written, subject matter is interesting.  Equipment guide is very helpful.",positive
Not possible to read on Kindle or Android Kindle. Too small to see a magazine page. Forget zooming around...that takes away the fun. Please let me read it on my pc.,negative
Sister loves loves loves loves LOVES it!,positive
I got a great deal on this magazine and am thoroughly enjoying the articles.,positive
Nothing really exciting,positive
best backpacking mag. out there,positive
"I have read numerous bodybuilding mags over the past few years and Flex is the Best out there. Great infos on nutrition, excerise and pics.",positive
Great book,positive
"Great magazine, been subscripted to it for years!!!!",positive
It's a little ridiculous that I placed this order on 15 August and am not going to get a subscription until November...,negative
I ordered Vanity Fair on May 8th and still have not received the magazine as of 6/09.,negative
"Unfortunately, I am still waiting for the magazine to show up at my doorstep. It has been a FULL 5 weeks, so I hope next week is the winner!",negative
"Martha Stewart Living is a great magazine for any age or gender.  Martha and her staff are great cooks, bakers, and decorators. My grandma has this subscription and she loves it!",positive
"most was great for the season of easter , good ideas, good outlook for  up and coming items. good pictures of table settings.",positive
Glad I looked at the free copy because it didn't fit the Fire screen and was even a little blurry.,negative
I love hiking and adventure and I love getting ideas from this magazine!,positive
Received 4 issues; 3 at once. Never again!,negative
"I ordered this subscription in December, and it is now February and I have not received any magazines.  I would not recommend ordering magazines from Amazon.",positive
Price increased $48.99/year for a digital subscription and it doesn't include free fitness challenges that print subscribers get! Canceled my subscription.,negative
"After several attempts,  it would never fully download.  I gave up.  I'm a huge Amazon book fan & never had this experience before. Will stick with books & forget about magazines.",negative
"I used to get this magazine in high school, and couldn't resist the price Amazon offered. Great magazine!",positive
my family loves this magazine,positive
Loved the Billy Goat story. Thanks for all the inside PCT notes.,positive
If I see one more ad for gear or picture of John Muir Wilderness I'm going to put the magazine down and go for a hike. So...success!,negative
"Wonderful magazine. Great ideas and tips for the kitchen, children, and home. About even with the advertising and articles.",positive
Did not like it.,positive
It is not the information I was looking for.  I would like to cancel my subscription.,positive
I love these magazines.  they got good information and pictures.,positive
"Amazon must think we are fools. It's $4 cheaper directly from Stewart's website.

On the other hand, there appear to be a lot of fools here.",negative
Did not. Open.,negative
"Yes, it's a great magazine.",negative
Waste of time!,negative
Husband loves his subscription !!,positive
Can't get on android,negative
Used to be a great magazine. Now it sucks. All taken over by ads. Come on!,negative
I never received this magazine. I keep waiting for it to appear in Kindle. Help.,negative
Love this magazine. Has everything I need to know about backpacking.,positive
I love this magazine.  One of my favorites for all the latest on nutrition and health.  This is one that I absolutely read from cover to cover each month!,positive
This was a great bargain!  Amazon was the only place I could get both print copy and copy.,positive
It said I would get magazine in the mail and through my amazon kindle.  I don't get it through my kindle.,positive
I ordered this for my hubby I only received 1 issue on a 12 month subscription. What a waste.,positive
Love this magazine - read it cover to cover,positive
Great magazine. I look forward to receiving it every time.,positive
My son loves this magazine,positive
I thought this was a respectable magazine with evidence based articles.  I was completely wrong.,negative
Too many ads. Difficult to read in a kindle. Inability to zoom in.,negative
It seems like the magazine just regurgitates old issues... not sure what I'm getting out of renewals,positive
Kindle screens are too small to read the magazine. Please make available for kindle pc.,negative
This magazine is not worth it. You are better off looking at free material online that specifically fits your interest. Too many adds and biased material from sponsors.,negative
"Too many advertisements, not enough reading material. Very disappointed.",negative
My granddaughter loves reading this magazine. She asked for a subscription so I was very glad to get it for her. I renew it annually for her.,positive
I love to go hiking with my friends and I want my backpack to be as light as I can get it. This magazine has so much stuff in it that will help me out. So far I really enjoy it.,positive
Ordered this for my wife.  She loves it.  It has all the factual information without get to far of the titled subject.,positive
"These guys always come up with new tricks, equipment and cool places to do things. My family loves this !",positive
I love this magazine. It has so much helpful health ideas.,positive
Great news,positive
Disappointed.  Got my first issue and it's so hard to read because the advertisements overwhelm the articles.  And thin - not much to read.,negative
"I always find wonderful, usable, most current health info in this well done publication.
It has become a go to source for me and my family.",positive
Not sure if its because it was delivered online via Kindle but there were a lot of advertisements and it lacked good articles to read.,negative
I didn't realize how much this magazine would feel like an ad circular. I can't really tell the difference between the ads and the articles. Makes me trust the articles way less.,negative
"The history and track-record of this periodical speaks for itself.  My wife, mother, mother-in-law and other relatives have learned a lot from it over the years.",positive
"I am the leader of our local T.O.P.S. group, and there is a lot of information that is very helpful for our meetings.  From excercize to eating well.",positive
"I know that I would really like the magazine IF I WOULD ever get it! Maybe I am used to immediate electronic info, but, over a month now...really?",negative
On the latest in health and fitness and challenges me with every issue. Wish I had been reading it a long time ago.,positive
"LOVE, LOVE, LOVE this magazine.  Soooo many informative articles about health and living.  Lots of tips and pointers that will keep you going.",positive
Worth getting.  Look forward each month for its arrival.  Learn new things about natural ways of feeling better every issue.,positive
I have a paper version of Prevention..but I can not signup to get a kindle version? All my other  other magazines allow me to sign in and download the online version...what gives?,negative
"I did not realize this is not a full-size magazine.  The small print is difficult to read, and doesn't seem to have much content per issue.",positive
"This magazine contains plenty of useful information. I really enjoy it.
Would suggest this magazine to most anyone who is into fitness and health.",positive
"not only was the 1st issue delivered,too fast, an older issue was also sent.  I had already purchased both issues at the news stand",positive
"Prevention  Magazine

I think that Prevention Magazine is the best general purpose health  magazine out there for the public at large.

Gunner  January, 2008",positive
It seems there area lot more ads and less advice about travel and food recipes,positive
Love this magazine.  Have been a subscriber for over 10 years.  Lots of great things to do locally and within a days drive.,positive
I have loved this magazine since I found it up in the Midwest one time.....,positive
"I have trouble reading the stories.  It simply isn't like holding and reading the magazine.  I would like to cancel the subscription, but can't find any info. on doing so.",positive
The price was great. The contents are well laid out. I love to read e magazines much more than paper copies.,positive
"Best magazine for all midwest places to visit, wide variety of suggested things to see and do with gorgeous photos.",positive
I received like 5 bridal magazines the first month- haven't seen a new one in months.,positive
"This magazine has great ideas, plenty of pictures to add to my idea binder, and I couldn't be happier with my subscription.",positive
"Have not as of July 4, 2012 received any magazines. I will galdly review your survey when I received my first magazine.",negative
Rifle Shooter is an interesting magazine.  More informative than most mags.  Usable information.,positive
I have subscribed to this publication since the first issue was on the newsstand. This is one of the best publications dedicated to rifles out there.,positive
Easy and convenient to order. My tween loves this magazine.,positive
My granddaughter loves it,positive
"J-14 Magazine, was a gift for my Granddaughter. She loves the full size posters in each magazine. She has them all over the walls in her bedroom.",positive
Have paid for it but have yet to received it?????????????????????????????? Please check into it and let me know the status!,negative
My daughter asks for this magazine time and time again.  She loves the current info on her favorite stars and the pictures are the tops.,positive
"received 3 issues, then it stopped, and we have been getting renewal requests since then.  Do not purchase this ever!!!",negative
On the magizine pic it shows an old one I just supscribed in 2012 will I get those old issue plz help thnks,negative
I do not understand why this magazine is not available on Kindle.  That is the only reason I wanted a Kindle Fire but now I guess I don't.,negative
I spent so much more just picking this up at the grocery store much better deal to have it mailed to me. I love my Soaps in Depth,positive
Would love to review if I had received it but I have not gotten the first issue yet!!  Any idea why?,negative
"The headlines on the cover are not on the inside.  The cover gets you to buy the magazine, but does not deliver the goods.  I don't think I will renew this subscription in a year.",positive
too much advertising too little information,negative
NICE BLEND OF INFORMATION. THIS PUBLICATION IS FOR BEGINNER AND ADVANCED BIRD WATCHERS! GREAT INFORMATION AND TIPS. I LOVE & RECOMMEND THIS MAGAZINE!,positive
"Good product has a little something for everyone, which is nice that the theme isn't focused in one general direction.",positive
Just not the kind of reporting I expected. Search online and you will get better information for less.,negative
"I've been a Mac user for 20 years and never subscribed to a computer magazine. In two issues, I've already learned a couple of new tricks. Well worth the price.",positive
Great Magazine and love to always keep up on all the things that are available for my Mac.,positive
"What? What happens to the discs? Fifteen bucks without the disc, thirty bucks with the disc, you are offering only half of a magazine.",positive
What else is there to say?  This mag beats all others hands down!  This is by far the best deal on it too!  Happy Macin',positive
"This periodical is one of the best I have ever received. The articles are well thought out, and the photography is spectacular.",positive
"I ordered this June 2nd, and now over 2 months later I am still waiting and every time I check the delivery date is pushed back more and more. Don't waste your time or money here.",negative
"Well I orderd this magazine January 23rd t is now April 1st and I have not seen one issue. So, I would have to give this produst a 1.",negative
Isn't the point of getting this mag for that demo CD?  Why would you want to save 10 bucks not to get the CD?,negative
When I ordered mag it did not state no disc.,positive
"The magazine is ok but the fact that the demo disc is excluded make this a waste, better off getting the subscriptiion direct and receiving the disc.",negative
Is that this magazine subscription does NOT include the monthly demo disc. (...),negative
uplifting stories about angel encounters that will make you feel good everytime you read them.,positive
I love the down to earth feeling of the stories. Regular people going being lifted up. It's a really uplifting magazine and perfect for any age.,positive
"I love Angels on Earth.  It's an inspiring magazine. it is published by Guideposts  and you know if they publish it, it will be good.",positive
"Best magazine ever!  Shows real homes, not just staged rooms.  Great articles.",positive
I can't review what I don't have.  I don't know why but I was informed the subscription will not begin until between Sept. 8 and Oct. 6.  Seems like a long wait to me.,negative
"Good  read,beautiful gardens and useful information anyone can use whether you live here or in the UK.

Love the homes and decorating  tips, love english homes.",positive
This is truly an unexpected Gem.  I found wonderful ideas on how to decorate my home from this magazine.  Really reminds you that a home is more than four walls and lot of stuff.,positive
Beautiful magazine!  Excellent articles and lovely pictures.  I really enjoyed reading about the Bronte sisters' home in the last issue.,positive
"I have not received this product yet, and i purchased it in early december.
I am beginning to get worried.",negative
I don't know why i kept my subscription as long as I have. This magazine is snooty and full of useless cleaning tips (like anyone who subscribes cleans their own house?).,negative
I felt it had too many advertisements.,positive
Love this magazine. Good price for the subscription.,positive
"I never ordered this or any other magazine. Necessitating changing our Credit Card #, because our credit had been compromised.",negative
I haven't received any issues.,positive
Content is fun. The number of advertising pages is aggravating. Going to cancel.,negative
"too many ads, not enough useful information.  Its changed in the last few years from helpful DIY tips/life hacks to commercial driven.  I will not renew my subscription.",negative
I used to love this magazine when it first came out. Now it takes me about 5 minutes to flip through it because so much of the content is a joke.,negative
Way too many ads not much content,negative
Great and inexpensive ideas for the home.,positive
"We got a great deal on this magazine for Black Friday, $5 for a year! My wife loves this magazine.",positive
"I love this magazine..I look forward to receiving it every month...Lots of good articles, useful tips and really helpful material.",positive
Great magazine at a great price!,positive
best price ever,positive
"Does NOT include digital access!  This ""Print Only subscription"" for this GREAT magazine is not recommended.",negative
"Got my first one - even the ""recommendations"" read like ads -  I didn't feel like it had much real content.",negative
Lots of wonderful ideas and recipes.,positive
The just TOO TOO TOO MANY ADS IN MAGAZINES TODAY. CONTENT IS THIN AND UNINSPIRED,negative
"Auto renewal is a problem. You can't get the magazine stopped, nor can you stop the auto renewal without going through many many steps. Don't recommend it at all.",negative
Incredible price to make my wife happy every month. Have subscribed for many years.,positive
LOVE THIS MAGAZINE,positive
Iv read this book from cover to cover absolutely love it!,positive
I've had an issue with this ever since I ordered it. Real simple keeps contacting me telling me I owe them more money for this subscription that I already paid for.,negative
Download  did not work,negative
Been a subscriber for many years.  Love love!,positive
I love this magazine.  I have had it before and still enjoy it.,positive
Love this publication so much I gifted it to two good friends. They also love it. The recipes and articles are up-to-date.,positive
Not pleased only received one magazine since July,negative
"My son just bought a house & loves watching ""This Old House"".  This was the perfect gift for a new home owner!",positive
"Lots and lots of Ads, but that's what you get with magazine nowadays.",positive
I live in an old house and know it's many needs. I highly recommend this magazine for those who are into restoration or just living in an old house.,positive
There should be a requirement that this magazine have at least as much content as ads.,negative
I've taken This Old House for years and love of the ability to auto-renew,positive
"So full of ads, and poor quality articles and blurbs. Few pages.",negative
Stupidest magazine ever and I can't get them to stop sending them to me. They continue to charge my account and I have to dispute it every 6 months.,negative
"I love this magazine!!! A hairdresser and my clients love it<3 it's got everything decorating, cooking, organization, fun stuff to do , diet info etc.",positive
I love this magazine! Great price. Really great articles,positive
Can't get it to download completely. Did not really care for what did download so will not be subscribing to Real Simple...Sorry.,negative
"I love this magazine and ordered it for one third of the renewal price. With every issue, I get ideas that I actually use and learn of products which I actually go out and buy.",positive
It is all ads at the front.  I Never got to any content.  Cancel my order!!!!!,negative
enjoy this magazine so much,positive
"Article, ad ad ad ad ad, article

But isn't that the way of most magazines?  I won't renew the subscription to be honest",positive
I love this magazine and always have. Great tips from readers and editors alike. It is also a good read which I did not expect,positive
my very favorite magazine,positive
Just doesn't appeal to me that much.,positive
I enjoyed reading it.,positive
great Gift!,positive
Download uneven. 24 hours later content I still downloading.,negative
I have always loved this magazine. And was able to find it at a fantastic price here.,positive
One of my favorite magazines.  Lovely pics and articles.,positive
I'm sure I would love this except I can't download it and I've been charged for it!,negative
"Great Magazene to look for ideas, still & decorating rooms!",positive
Love this magazine! This was a great value.,positive
Very disappointed!!!!!  I really wanted the October 2015 issue.  That never happened.  Will definitely not reorder!!!!!!,negative
wonderful magazine...gives timely information in entertaining ways.  Articles are wonderful.  The guides and menus are terrific.  I look forward to receiving my issue every month.,positive
My wife loves this magazine,positive
1st issue received. So far so good.......,positive
i love it!,positive
We love Real Simple.,positive
"Would not download more than the first three pages, cannot remove the unreadable issue from my kindle.",negative
I have gotten some very good ideas from This OLd House Magazine.  We are currently renovating a four bedroom beach house that was built in 1930,positive
will not renew,positive
Good mag with lots of household tips,positive
"over priced and geared towards a wealthier group than myself, would not order again.",positive
"Never lets me down, always new ideas. Great tips and tricks from the professionals.",positive
"Cannot beat this deal, thanks!",positive
"Lots of great ideas. I live in an apt, but really enjoyed the magazine.",positive
Great ideas about how to do things around your house or how to do things to improve oneself,positive
Print is hard to read.,positive
"Being a man , this magazine did not appeal to me",positive
Way too many ads and not enough relevant info which name implies.,negative
What's NOT to like about this read? Love the recipes too!,positive
This is a great magazine-I purchased it as a gift for my mom and she loves it!,positive
Good magazine. It has something for everybody.,positive
Delighted with the results,positive
I ordered Real Simple on my Kindle and paid for it but it never showed up on my Kindle.,negative
Beautiful pictures and great tips. I love this magazine. Glad I can get it on Kindle!!,positive
Great ideas for everyone how to do everything!,positive
"We have a 1920's house and have gotten a lot of inspiration from this magazine. Nice layout, great to flip through.",positive
"The printing is really small and difficult to read, even with bifocals.

The articles look like they are interesting.

Sorry I had to cancel my subscription.",negative
Has good articles both for entertainment and advice. Would recommend this to others with the same interest that I have.,positive
Absolutely one of my favorite magazines!  So much useful information in every issue!,positive
Absolutely my favorite magazine!!,positive
"This magazine is the one that i am waiting for each month. Complete with trivia, comics, and sports stars it is the best magazine that has come along for kids in a long time!!!",positive
Just didn't fit my lifestyle.,negative
"was enjoyed as was given as a gift that continues to give thru out the year, He was surprised and very pleased.",positive
This Old House magazine is one of my favorites and I've subscribed to it for a few years now.  This 2 year renewal deal is convenient and a great price!,positive
"I love this product as it really gave me information on what was going on in the sports world, especially for those who are kids.",positive
"Magazine ok, but they automatically renewed it and charged my card. Did not want to renew...went on line and would not let me cancel!",negative
They sign you up the next year without asking you... at the FULL PRICE,negative
This magazine is not for senior citizens. I do not plan to renew.,positive
My favorite magazine.  Renew it every year.,positive
Cannot read it.  Does not allow for enlarging text,negative
I love the usefulness of this magazine! It is more than just ads for beauty products like so many women's magazine.,positive
I want to cancels cant efford it thsnkyou,negative
I am sure that the magazine will be good.  The problem is I have not received my first issue as of yet.,positive
These arrived much faster than expected.  What a great deal!  My kids love them.,positive
grandson who is sports nut barely looks at,positive
I enjoyed the magazine and there were great ideas that I was able to use in my own everyday life.,positive
I ordered a subscription for my husbands birthday.  The first issue arrived perfectly ontime and he was thrilled with the gift.,positive
Greatest birthday gift for my young grandsons!  They love it! Comes every month to their happiness!,positive
"I love Real Simple magazine,, it has something for everyone and wonderful tips for doing anything better and faster and cheaper!",positive
I've always enjoyed Real Simple in magazine form.  Having it on my Kindle Fire gives me the opportunity to read it on the go.,positive
It was hard to figure out what I was getting.  Was it from Amazon or real simple. I'm still not sure what I bought our got.,negative
I love this magazine!  It is a must-read for anyone who wants to live their life as 'simply' as possible in today's world of juggling 15 responsibilities at once!,positive
The grandsons love reading this magazine every time it arrives. They love the pictures and stories.,positive
My grandson loves  it,positive
"The secret to a happy life is in this magazine, I swear! Beautifully presented with luscious pictures, it also abounds with wonderful articles.  I want to save every issue!",positive
My son absolutely loves having his subscription digitally!,positive
I love Real Simple and it was so easy to renew with auto-renewal.  This magazine always has lots of good tips and I highly recommend it.,positive
Great magazine with tasty recipes and helpful tips. You can also order digital copies for your iPad. Very happy subscriber.,positive
"This is my favorite monthly magazine - it's so pretty, even the paper that it's printed on feels nice to the touch.  Great articles and helpful hints.  It's a winner.",positive
I've never understood why a weekly subscription takes 6-8 weeks to get started. Just doesn't make sense.,negative
"Overpriced for what you get, but the grandson still wants it.",positive
"Was good for a few issues then became routine, boring.  Pretty much the same as other magazines.  Would not order again.",positive
"my grandson reads it every month, so I'm glad we got it for him.",positive
I ordered this magazine for my 10 yr. old grandson and he absolutely loves it !,positive
I used to like this magazine. It has really changed and not for the better. I have told friends not to buy it any more.,negative
"My wife got this and I briefly thumbed through it. Not really thrilled, more orientated to the female audience. I can't speak for her, but she didn't renew her subscription.",negative
"I really love this magazine! It has great ideas, good recipes, interesting articles, good bargains, and i like the layout.",positive
My 9 year old says it's the best magazine ever and looks forward to it every month. I think it's a great way to encourage literacy.,positive
"I love this magazine!
Real Simple covers just about everything that I enjoy reading or sharing.
I always look forward to receiving it in the mail!",positive
"Received magazine promptly. I have read this magazine before and happy to be getting it at such a good price.
Amazon.com is always a great place to purchase.",positive
"There are so many ads in this publication that they should pay you to read it!  Don't waste your money (and may I add TIME) wading through ads, ads, and more ads.............",negative
"My 11 year old nephew loves sports.  Being a teacher, I want to make sure he is reading too.  He loves this subscription!",positive
"I love love love this magazine.  It has so many ideas and suggestions on all areas of my life.  Worth getting, and very hard to give away once it's read!",positive
"I tried 3 times to order the automatic renewal for $10.  At the end, the cart kept coming us a total of $19.95.  I give up.",negative
Why would it take 4 months to begin receiving a magazine?  I purchased the subscriptions in August and the estimated delivery is late December.  Why bother?,negative
"I ordered Sports Illustrated Kids on 7/12, as of 8/31 have not received first issue, son keeps asking when it will come..",negative
I really can't rate this item yet as we have not received it yet.  I should have just subscribed directly with Sports Illustrated because going through Amazon takes too long.,negative
My Grandson loves this magazine.  He gets a new one and shares the old ones with his friends. He loves sports he is great in basketball .,positive
I get many subscriptions of different types of magazines. Real Simple is the only one I can read cover to cover. Every article is interesting and useful! Well worth the money!,positive
"I signed up for this subscription in December, and two months later, i haven't received a single issue!  I smell a rip-off.",negative
My son was thrilled with his first magazine and we look forward to next month's delivery.,positive
Love this magazine. Has some really great ideas and tips for everyday around the house or wherever.,positive
I ordered Real Simple on 11/30.  Today is 2/1/2010.  I have yet to receive an issue of this magazine.,negative
It is exactly 2 months to the day and I still haven't received this purchase yet.,negative
Amazon offered a great Christmas special and I purchased this as a gift.  Love the magazine!  Very satisfied.,positive
"I ordered this before Christmas and although other subscriptions that were ordered at the same time have started delivery, I have not yet received a single issue.",negative
I haven't gotten a single issue and this was ordered in November!  I'm nott too happy with this process.,negative
My first issue arrived. There are a lot of good articles and I know I will be looking forward to each issue.,positive
i LOVE real simple!  i look forward to it every month...it is truly my favorite magazine!,positive
"I love it when my Real Simple magazine arrives in the mail. It is full of great ideas for cooking, organizing, fashion and crafts.",positive
"Love this magazine. Love how thick it is, and how I try so hard NOT to read it all the first day I get it. : ) Highly recommended.",positive
Both my son and nephew love this magazine and read it cover to cover every month!,positive
My grandson loves this magazine and wanted me to resubscribe for him. It is great to give a gift which one's grandchildren really love and is educational too!,positive
"What a novel idea, asking me to rate an item I have not yet received after one month of no delivery. When can I expect delivery?",negative
"I purchased this a month ago and haven't yet received any copies.  Soooo, the only review I can give at this point is their shipping is slow.",negative
Provides practical tips and advice for every area in your life.,positive
"Liberal Rag, nothing helpful to speak of",negative
Great value for a quality magazine,positive
Have only received one copy over a few months,positive
I was ordering for 12 months instead I only got 4 months rip off.,negative
Not much info for me,positive
"Excellent money magazine for all investors, young and old alike.",positive
I always look forward to my Money magazine,positive
i love money magazine!,positive
First time to order a magazine subscription from Amazon and it has worked out great. My husband loves his magazine.,positive
"Very informative, easy to read and understand",positive
I enjoy the financial insights,positive
"I never received anything and now can't find a way to call anyone.....
My credit card was charged immediately and 2 months latter still no magazine, rip off",positive
"Charisma provides Inspiring and sometimes challenging content, issue after issue. This is my can't miss magazine and I'm sure to read every issue.",positive
"No need for a subscription anymore--just read it online, often for the really far-out articles and horrific theology (or lack there of.)

A dangerous magazine for new Christians.",negative
mostly ads,positive
Misleading,negative
"this magazine used to be really good with lots of info, how to's and boat reviews. it is getting thinner and thinner. i wouldn't buy it anymore if not for my husband.",positive
Practically all ads,negative
Like it very much AAA+++ Perfect Love It A+ A+ A+  Excellent  would order again A A A A A,positive
"A lot of advertising.

Expensive interiors.

Not relatable to most.",negative
This magazine is not practical. I should have chosen something else.,negative
Consistently pretty good magazine,positive
Far more ads than they used to have. Wish there had been more actual content,positive
I read it from cover to cover.  I love magazines in PRINT form!!!,positive
Happy with print and fire editions. Lots of good ideas and inspiration,positive
Great magazine. Can't live without it.,positive
"I know it is that time of the year , I. Do.  not.care  for all. The holiday. Items",positive
not for me,negative
"Well, I'd love to say I love it, but this subscription has not provided a single issue.",negative
Magazines have become predominantly ads and fewer articles and photos. Disappointed and I cancelled subscription after free trial,positive
Ordered this magazine to see what it was about.  Not sure right now if I would order it again.  Will have to think on it...,positive
"This should be titled Traditional Home For the Upper Class. Just glad I didn't pay for the issue, thanks to the free trial.",negative
I just didn't enjoy this very much. There wasn't really anything new about it. I prefer other magazines of this genre.,positive
Can't really review-was never able to fully load it on Kindle-finally gave up. That is all I have to say -but this system needs 7 more words til I can submit review.,negative
"this magazine has many great idea's.  I get it on my kindle, and it reads very well - I like the fact that I can blow up the photos",positive
So very happy to have finally started receiving copies. Got different copies just days apart. Well worth the wait.,positive
"An unfortunate title considering the indigenous people of this continent, or ""Indians"", have been almost wiped out by invading Europeans. It's pretty much just Cowboys now.",negative
I havenot recieved any issues as of yet,negative
I'm a novice brewer so this magazine really did a lot to assist me. I loved recieving it everytime. Great buy for any brewer.,positive
I never received this magazine so how would I be able to rate it??  I cant even find a way to let them know I never received it.,negative
one of my favorite magazines,positive
Full of inspiration and expert examples of art quilting. Excellent photos and out of the ordinary quilt projects. Save all of the issues.,positive
"I am just beginning my journey into art quilts.  This magazine has been such an inspiration and reassurance that I too, can create interesting art quilts.",positive
I would like to stop getting it.  not good .  Do you have any more quilting magazine?  Sorry I Love Quilting,negative
"Best magazine I've read in ages!  Awesome pictures, instructions and articles.
Can't go wrong with this magazine.",positive
Enjoyed every page being a New Orleans born 40 year native who married a dang Yankee 25 years ago and moved to Michigan.,positive
I am from Louisiana and this is now my favorite. Love it!,positive
"Payed for 2 year scription 10/4/12 -12/7/12 still no mag,, stole my money, won't buy through them again, really like the maggzine but hay they won't send it",negative
I just love this magazine filled with wonderful articles and great pictures and real value for anyone looking for a mag on this subject,positive
My  eleven year old grand-daughter loves this magazine (and her mother approves); keeps all past issues in her closet. :-),positive
My 12 year old loves this magazine.  I am very pleased with the content.  It is much more appropriate than a lot of teen magazines available.,positive
My 11 years daughter loves this magazine!,positive
First issue arrived within 2 weeks.  She loves it!,positive
Brought for 11 yr. old granddaughter and she loves it.,positive
We have not received the magazine so it is ibpossible to review. Please let us know when we can expect to receive it.,negative
"Discovery Girls magazine is my absolute favorite magazine! From embarasing moments to helpfull advice columns, it has everything any tween girl could want.",positive
"The subscription never reached me, so I could not read the magazine. I ordered it because I wanted a subscription extension and the order was  botched",negative
My husband thinks this is the best.  He keeps all his old magazines and rereads them over and over.  Thanks,positive
"This is my favorite magazine.  I only wish it came out monthly.  Great articles, detailed reviews, a must-buy for any wood-worker.  Other wood magazines don't compare.",positive
Love this book!,positive
My daughter looked forward to getting this magazine every month! Great read!,positive
I got this for my 7 year old son and he loves it.,positive
Grandson Loves it. I'm going to have to get it for my other grand children.,positive
National Geographic bought by Rupert Murdock. That explains all the advertising. ,negative
"Great magazine for young kids.  Helps make learning FUN!

Magic Carpet of Children's Books
Skype Author Visits",positive
My kids love this! I have a 13 year old boy and a 9 year old girl and they both read it.,positive
first and last subscription. too pricy,positive
Matt love this magazine for it's wonderful themes,positive
Great magazine for my grandson who loves learning about the world around him.,positive
The little boy I bought it for thinks it is amazing!  He loves it!,positive
This product is really awesome !I'm very pleased with this purchase.,positive
My kids love this magazine! So many interesting facts and the posters are fun.,positive
My grandnephew loves this publication.,positive
This is like a mini catalog you'd get in the mail from a makeup company than a magazine. Filled with ads. Not happy I spent that kind of money on this junk.,negative
Kids LOVE IT!!!,positive
value for money nothing to say. no fuss with this product it does its job and the quality is good.,positive
"so beautifully illustrated!  also, very informative.  thank you.",positive
took a long time to receive.....kinds cheap booklets,positive
"My grandkids love this. They can't wait to read it, and learn tons of stuff. Wonderful to teach the love of reading!",negative
Nine year old granddaughter loves this magazine!,positive
Bought as Christmas present for neice and nephew and just got a text that the first issue had arrived.  They love it!,positive
Great magazine for children of all ages! I read it with my Grandaughter!,positive
My 3 kids love this magazine. We are on our second year of buying it. Colorful and educational articles. We homeschool and save all the magazines for future reference.,positive
Wasn't able to keep interested. Too many ad's,negative
My kids LOVE this magazine and read it cover to cover every time it arrives.,positive
They love it!,positive
My grandson loved his birthday present.  An explorer in the making.,positive
"Great read, kids loved it",positive
"The kids love it, and the adults learn from it also!",positive
"very very busy, hard ti find the interesting thing, to much of anything not a single theme to catch interest of a child for longer than a second",positive
"Bought it in Noveember of last year and got one on december, we are in march and haven't seen one ever since; theres not a return item conveniently",negative
I ordered this magazine for my grandchildren for Christmas and they've yet to see the first issue,negative
my daughter loves every issue,positive
THIS WAS PURCHASED FOR MY GREAT GRANDCHILDREN AND THEY REALLY ENJOY IT,positive
"A perfect year round gift for the little ones! And works for me to make my shopping easier.
Monthly treat and educational read.",positive
The kids love this magazine! My child takes it to school and loves having it come in the mail.,positive
"amazing, informative fun to receive",positive
I love this magazine!! Perfect for a 9 year old like me!!,positive
"My grandkids look forward to receiving this and love reading it. So much so, that I renewed it for a second year.",positive
very thin on pages. not a lot to this magazine. I would recommend buying the original national Geographic. Not much material in this magazine.,positive
Fast and easy service. The young man that received National Geographic as a gift loves it and reads the magazine more than once.,positive
She seems to enjoy it very much. I think it's very appropriate for 9 yr old child. She found it very interesting. Opened up conversation for us.,positive
"This is great for kids.  They love it! This is for my grandchildren who are being home schooled, and it is a wonderful learning source.",positive
subscribed to this despite multiple negative reviews. should have heard to those. there are enough feedback and NG should address it. i am already looking for alternative options.,negative
never buy this product ever.  waste of money.  very bad customer experience.  i will tell all of my friends not to buy this product.,negative
"Ads, ads, and more ads.  Sigh. National Geographic used to be a cut above the rest.  Sadly, they are in the same category as SpongeBob Squarepants now.",negative
It will be a huge disappointment if you are expecting the quality of a National Geographic. The thin content is hardly beneficial to kids. NOT RECOMMENDED.,negative
i cant review it cause im still waiting to  see my first issue. I had already forgot about it.,negative
"Very little good content.  Not worth it, needs serious help.  Can't believe that a name like National Geographic would be behind such junk.",negative
"If you'd prefer your child not be sold-to on every page, then don't bother with this magazine. What a disappointment. Shame on National Geographic.",negative
"Ads, ads, ads. Movie tie-ins. Product placement. Is there anything here about real people, places, animals? Don't bother looking.",negative
Don't even bother getting this. It is like reading one big ad to your children.,negative
"From what i have found .. the editor needs more experience.

Having one's grandmother quilt does not make one an expert quilter",negative
she loves this magazine,positive
I'm assuming our daughter must be enjoying this gift. It began arriving promptly and she seems to be using it.,positive
love it.  and delivered as promised!,positive
"LOVE this magazine! Great for beginner and intermediate gardeners. Excellent, useful advice and beautiful photos.",positive
Nice magazine and has lots of pictures and helpful info  I'm glad I found it.,positive
"I have subscribed to this magazine for several years.  It always give me inspiration and the photographs are beautiful.
Lots of good information  about plants and landscaping.",positive
I read this publication cover to cover. Beautiful photography and informative articles for every level of gardener. I will renew.,positive
"As a passionate genealogist, I think this magazine is excellent.  So much content in each issue.  Very, very informative.",positive
Very helpful,positive
"Dear Sir or Madam,
I have not recieved this item. Please advise. The item was paid for but not recieved.
Sarah Mings",negative
After buying item was told would be 3 months before 1st issue.  I won't need it then.  Would never have bought it if I knew I had to wait 3 months,negative
Ilike this book because it has several short very good stories. You can read it at different times.,positive
print was too small and I was unable to use Kindle feature to enlarge it.  Was unable to read it.,negative
"What a disappointment; don't waste your money, as it's 90% ads.  A shadow of the 1980's/90's publication.  Two thumbs down :(",negative
I've been getting this magazine for a number of years and do enjoy it.,positive
The best of the best.. Always exciting stories...,positive
Love the Kindle version!,positive
You charged me for this - and I want it - yet I still have not started receiving it. Either provide me with a subscription or refund my money.,negative
I've been a fan of this magazine for many years. It's a great page turner,positive
This is a very informative magazine that I can send to my nephew who collects coins and valuable currency.,positive
I purchased this as a gift for my teenaged grandson who is all country boy.  He loved the first magazine he received.,positive
Sometimes too many ads.,positive
One of the best publications for knife enthusiast !,positive
"Fantastic magazine, look forward to it every Friday, lots of great articles, upcoming sales and auctions, lots of useful information, very interesting and entertaining.",positive
Junk. Ordered for my dad who is a huge car enthusiast and restores old cars. He returned it saying it's a bunch of ads and nothing relevant. WASTE of money - don't buy.,negative
This magazine sucks!  Dont waste your money,negative
Too bad there's so many advertisements within.  Probably won't order this particular magazine again as there are so many on the market to choose from.  Thanks.,positive
Great to have D&DH at my finger tips no matter where I am. Easy to navigate too!,positive
Completely product driven.,negative
"Even though I'm Australian and our deer species are different the fundamentals are the same, this magazine is a must read",positive
Great magazine!  Cook's Illustrated magazine is full of great information and the kind of magazine you collect!,positive
"Absolutely a great magazine. Excellent for all level of cooks.  Incredible variety, and every single thing I've made from this book came out delicious.",positive
Have always loved Cook's Illustrated.  And.....all the info that is given to a person is great.  I now get this product sent directly to my Kindle.  Love it.,positive
My husband loves this magazine. Great recipes and advice.,positive
wifes favorite,positive
"i enjoy the mag. because little if no ads, it is there to help, and give ideas.",positive
I only received a few copies of this magazine.  What happened.,positive
Love this magazines,positive
Their business isn't cooking but rather taking advantage of laws allowing them to charge for nothing. Their management model is excrement.,negative
"I've loved t
His Mag. for years!",positive
This is one of the best cooking resources that I have found.  If you love to cook and not just follow a recipe then you must try this magazine.,positive
They are scam artist. They will send you the book and it does not matter if you ordered it.  And charge you.  Buyer beware!,negative
Cooks Illustrated is an excellent cooking magazine.  I've cooked my whole life and find new things to try every issue.  I cannot recommend it highly enough.,positive
"What a great magazine! The illustrations are easier to follow than photos, the recipes are great. Love it!",positive
"This is my sons' favorite magazine (now 11 and 14, but started reading when 7 and 10) and they always read it cover to cover.  I like it too.",positive
My 11 year old daughter loved this magazine.  I've just renewed her subscription.  Its a great purchase.,positive
Purchased for an 8 year old. It's perfect for him. Loves the articles and pictures. He's even written in to one of the author's.,positive
Can't go wrong. it is awesome magazine!,positive
Boring...can't think of anything else to say.  Just not interesting enough to keep on reading it.  Was for a boy who is very smart.,negative
But it was sent to wrong address (mine) which bugged me and it could not or would not be fixed.,positive
Muse is the best kid's magazine ever.  I will still be subscribing for myself when all my munchkins are grown and gone.,positive
High Quality magazine.  Nine year old likes it a lot.,positive
When my 10 year old Grandson received his first issue he sat down and went through it non stop.  He is still quoting it.,positive
The kids look forward to the mail!,positive
letters in kindle are to hard to see even after it was enlarge therefore really hard to enjoy its content,positive
This magazine is an excellent way to escape the madness of our daily news. Photographs are excellent,positive
"Neither the pictures nor the advice is all that great.  I'm a professional wildlife photographer, and I haven't learned anything new.",positive
"The magazine does not carry almost any educational articles, it just a big commercial magazine. big in advertising, including the articles that some ""FAMOUS PHOTOGRAPHER' write.",negative
Best value!!,positive
This has been the perfect continuing Xmas gift for a photographer friend of mine these past three years.,positive
For me this is the best Photographer magazine.  So many great articles for all levels and interests.,positive
Mostly ads now. Disappointed.,negative
The fact that it was in black and white was a disappointment,positive
Nice magazine to browse - interesting articles and tips.,positive
As a Sri Lankan it gives me beautiful landscapes around the world and the knowledge of latest digital equipments.,positive
This is my favorite photography magazine.,positive
Mostly ads - articles are far and few,negative
"I bought this as a gift for my brother, a budding outdoor photog, and he says he enjoys it. I have bought a renewal because he said he enjoyed it.",positive
Have been subscribing to this magazine for about 12 years..Lots of good tech and practical information..I re-upped with this time with Amazon for less $$$'s,positive
"I subscribed it in March, 2012. Yet to receive first issue. what a waste!!! I do not have anything else to write.",positive
"terrible service, i contacted customer service and then only recieved 1 issuethen nothing so i say buyer beware, subscibe at your own risk",negative
Love this magazine. Lots of great info for the beginner bee keepers and lots of info for more advanced people. My grandpa liked it so much I got him a gift subscription this year.,positive
An absolute MUST HAVE for anyone raising bees or simply wanting insure their suvival to so we don't run out of food!,positive
Not a craft mag. All about buying crafts. Filled with ads for pricey crafts that only the rich can afford,negative
I love the content of this mag and can't wait for every issue to come ...you'll love it too...try it..,positive
Hands down the best of the bunch.,positive
I have read this in hard copy for many years and will continue to read F&SF on Kindle! Love it!,positive
Awesome magazine glad to receive it digitally!  Yay!,positive
"Sorry, but I'm kind of a hard Sci-Fi reader. This just didn't cut if for me. I will not subscribe.",positive
Love D magazine here in Dallas. Looks fine on any coffee table! Great read too and I renew it every year!,positive
"Too much glitz, not enough substance.  Would not have subscribed if I had seen it first.  Thanks for asking.  Goodbye.",positive
"One of the best magazines I subscribe to. You learn about towns, restaurants and local events. You will live the photos!",positive
I still have not recieved the magaizine!!!  Someone needs to contact me.  It's been 2 months and still have not recieved,negative
"It is a great to get back to the Review and have intelligent, well written reviews that tell just enough but not too much.",positive
I did NOT renew the order for Modern Drummer.  You did NOT come through with correct renewals and I cancelled the whole thing with you.,negative
Purchased as a gift for my husband. He just received his first issue the other day and is very pleased. Thanks.,positive
I thought it was supposed to come weekly but I have only gotten one issue.  Could you double check my subscription,positive
"Too much advertising, not what I expected",positive
"My subscription to ""German Life"" may have been purchased on 10/31/07, but I have not seen a copy of the magazine as of this writing.",negative
"I love the New York Book Review.  I was downloading it to my HTC Flyer.  Now it is not compatible, only able to download on kindle device or kindle fire.  Not Fair!!!",positive
"My family loves this magazine.  If you love Scotland, you will greatly enjoy reading this mag cover to cover!  I spend hours reading each episode when they come.",positive
For years I used to buy Chatelaine over the conter.  I luv so many of the Canadian comfort food and holiday dishes and the articales that are in the magazine. I luv it,positive
I order lots of magazines and books for my kindle fire. This magazine was not worth the price. IT DOESN'T LET YOU VIEW BEFORE YOU BUY,negative
A wonderful magazine with wonderful recipes.  Thanks kindle for bringing this to my attention.  I've purchased two issues so far and have not been been dissatisfied.,positive
Great magazine.  It fuels my hunger to visit all the places in the stories and photos.,positive
Always great,positive
I cannot rate this product because I have not received my first issue yet.  Can you check into this for me?,negative
This is my favorite magazine.  It leads you to all sorts of weekend adventures or long vacations close enough to drive to.,positive
I am still waiting on my first edition of the magazine to arrive.  It has been 72 days since I ordered.,positive
I ordered this for a gift for my husband. He was very disappointed & we will not renew.,negative
"this mag totally bores me. i mean, i like lyric poetry somewhat but when will POETRY start representing concrete and spatial poetics every now and then?",positive
I did subscribe but definitely will not renew. This magazine is out-of-style for my taste. But there's hope reader...buy or subscribe to Crochet Today magazine instead.,negative
It is a very nice magazine. I enjoy it. It features a lot of different things to do and very clear directions..,positive
I bought this mag for my mom. She likes looking at all of the nice houses & getting ideas for her house.,positive
"To the best of my knowledge magazine has not yet been delivered to recipient. Can give review once delivery does happen.

Marianne",negative
"Pottery Making has many good ideas and projects, especially for teachers of pottery and for children. The articles are clearly written and easy to understand. I enjoy reading it.",positive
Somewhat disappointing!  Would like more Native arts featured.,positive
The articles and projects in this magazine are both wonderful to read about and inspiring to get to work!  Am really enjoying each issue.,positive
Love this amazing magazine. So happy to be able to read it digitally!,positive
"just love this magazine..it combines my two loves, knitting and history...great stuff...",positive
My husband and I both enjoy this magazine and look forward to it every month. Highly recommend.,positive
I LOVE THE MAGAZINE!!!  IT IS VERY INTERESTING.  I PLAN TO KEEP IT COMING.  I HIGHLY RECOMMEND THIS MAGAZINE.  THANK YOU.,positive
"I an a long time subscriber. I consider this magazine a collector's  item, The best quality, best articles and photography.",positive
Too much emphasis on writers and fans. Not enough written word. It's a fanzine. Yuck!,negative
"Didn't like the magazine, not for me.  It had lots of advertising.",positive
I often read this magazine to prove that I am a true fish geek.  Great information and the best fish magazine available.,positive
"i luv this magazine so much :) i hope they never stop putting these magazines  on stock !
love always,
the awesome sam",positive
My girl loves to take the quizzes and read the articles about what girls her age have done to make the world a better place. Great!,positive
The shipping says 802 months for shipping?!??!,negative
My eight year old granddaughter received her first issue and loved it!  Makes her feel like a big girl.,positive
Love this magazine. I don't have to screen it first to check for appropriate material. It comes in the mail and my daughter gets so excited. It makes for a great gift.,positive
not as great of a magazine as I thought it would be. thought it would have more things to make. pretty boring,negative
I'm sure my nieces will enjoy this but I ordered it at Christmas and it is scheduled to arrive  mid March,positive
My niece loves receiving this magazine in the mail.  She is 10 and it's perfect for her!,positive
Our Granddaughter loves this magazine.,positive
My 7 yr. old granddaughter loves this magazine - very nice!,positive
very inappropriate for a child .  canceled mine tonight . I would give it a minus one if i could . Gay issues should not be in children's magazines .,negative
Nine year old granddaughters look forward to receiving the magazine and reading thru the articles.  Just renewed their magazine gift for next year.,positive
Granddaughter loves it -  3rd year of receiving it.  Activities are her favorite,positive
Both of my daughters 8 and 10 love to read this magazine.,positive
"My 7 and 9 year old girls absolutely love this magazine.  They read it alone, we read it together, and they do the activities.",positive
This is not a true rating because this magazine was ordered for my grandaughter and has not been recieved yet.,negative
I've never looked at the magazine myself....All I can say is my niece loves this magazine.  I think it is her favorite!,positive
"I would like to give you a review of this magazine, but I ordered it July 13, 2008, and am told I will not receive it until NOVEMBER 2008!",negative
Ordered. Paid for. Order acknowledged. NEVER RECIEVED any issues. Wrote inquiry. NEVER got an answer.,negative
Delivered quickly and has beautiful patterns.,positive
I love this magazine.  I have received it in the mail for many years. The free patterns come with full color pictures and I enjoy flipping through the pages.,positive
I love this mag.  So much good information and great book reviews and interviews.  Highly recommend it!,positive
i need to cancel this subscription. Please do it for me. I have been trying for an hour.  It is much too difficult.,positive
I love this magazine and I'm very happy I subscribed!,positive
I really enjoy all the articles. It covers a wide range of history  and each is well  argued .,positive
"Excellent! I look forward to every issue. I had no idea just how much I didn't know.  The letters from the subscribers are educational, too.",positive
I Love the magazine and the podcasts. It has been a delightful discovery to find them both.,positive
"Wonderfully varied, well-written articles. If history is your ""thing"" , this magazine is a perfect fit.",positive
I was not fond of the format and articles were too brief for me.  I don't know if I would renew the subscription.,negative
"Not impressed. Articles just gloss over subjects, there is nothing to get your teeth into. I don't think I will be renewing my subscription.",negative
"fantastic coverage of UK and World history.  i can never get enough of BBC History Mag, in print of on my Kindle.",positive
"I enjoyed this magazine which was interesting and educational.  The next issue I order will be a hard copy because I'd enjoy seeing photos, etc. that relate to the stories.",positive
The very best woodworking magazine out there.,positive
Fantastic magazine at a great price,positive
I do NOT like auto renewal.  I want control not my dam machine controlling my life.,negative
This is the best wood working magazine I have ever found!,positive
Why would Meredith not choose to make this available on the iPad Kindle app? And why offer the print version at a lower price?,negative
"I would like to tell you all about this magazine, but I have yet to receive a copy.  Maybe later.",negative
"This magazine comes with projects everytime that are simple to understand and do.  It is my new favorite mag.  If you like woodworking as a hobbie or even a professional, get it.",positive
Love it. Has so much information.,positive
Awesome magazine. I have been reading this one for a long time because it provides a variety of information that is useful.,positive
Excellent magazine have read it for years.,positive
I love this magazine.  It is the only one I read on arrival.,positive
If we ever receive the first issue that would be good!! We keep on getting notices from First to renew....,positive
My favorite magazine EVER.  Great recipes.  Love the different articles and tips/techniques.,positive
"Use to love this magazine, but to many ads & silly articles",positive
I have always loved this magazine- it is the best-I read it from cover to cover-always bought it at the store-so can't wait until I get it.,negative
"I can only say this, it looked like a good magazine to get, the problem i have is
I NEVER GOT 1 ""one"" single issue!!!!",negative
Been a subscriber for a long time and it is one of my favorite magazines.  Lots of information that can be used and great recipes.  It's an easy read.,positive
"I am not receiving the magazine!  It's paid for, but not showing up.  The magazine is great, I'm just not getting it delivered.",negative
Love this magazine......so much great information!! Enjoy the recipe's inside as well. Would suggest it to anyone for all the greatest ideas and articles!,positive
"I could not tell you about the magazine, my wife has yet to receive anything I have paid for.

I am guessing it's ""Heinrich Bauer North America"" fault...",negative
This is my all-time favorite magazine. If you are into country living or homesteading then this is the one for you.  I even keep old copies to reference later.,positive
I am so glad that I purchased this magazine!  It is a delight to read it every time it is delivered!  I go through every single page and constantly learn new things!,positive
Very specific niche for a magazine.  We love it.  We have a small farm and the articles are quite helpful.,positive
Love the variety of articles and features offered in this weekly mag.,positive
One of my favorite as it gives a variety of subjects!,positive
I am delighted too receive via kindle my favorite magazines since I live overseas!,positive
"My favorite magazine, even better having it on my kindle.",positive
"Great articles, downloads fast without any issues every week!",positive
"Love this weekly...so many good ideas..great jokes ,stories, recipes!",positive
Bought it for my mom.  She loves thus magazine!  Her favorite!,positive
Love this magazine and the crossword puzzles!,positive
It has a little of everything. Love the crossword puzzles.,positive
"Love love this magazine!! Positive, wholesome, good stories as well as recipes and much more!",positive
My favorite magazine.  I love the convenience of ordering my magazines on Amazon!,positive
Love it!  I've subscribed for  many years!,positive
This is one of my favorite magazines!  Always something new and exciting to read. I highly recommend it to anyone!,positive
"I haven't received magazine yet or any notification as to when I will get it
It would be nice to know when i can stop buying it in store",negative
Woman's World has so very much useful information packed into a small publication!!! Health! Beauty! Fitness! Fashion! Hair styles! Wonderful Wonderful Wonderful!!!,positive
"I have read this magazine since the first day it came out.  Have been a faithful weekly reader since then.  Fast reads, great articles.",positive
"Awesome magazine in many ways: tells you where events are, has ads for great dogs, really educational.",positive
Tried purchasing this as a gift - unavailable. On the phone for 30 minutes to find this out. Heading to Barned & Noble - frustrated.,negative
Still the best automotive magazine out there!,positive
"Tired of reading about super expensive cars average people can't afford. Try more articles on $25,000-$50,000 cars in my price range.",positive
The quality of the mag isn't as nice as shown in the photo,positive
Best car magazine ever,positive
"Excellent magazine for women of color, read this as a young girl and still love it.",positive
"I've always been a fan of essence magazine, love it!!!!!!
Thank you Amazon for the special $5 offer.  Very nice",positive
Full of great information!,positive
I will not be renewing my subscription. Nothing against Essence. I am a senior citizen and it does not appeal to me.,negative
Bought the subscription as a gift for my wife. She loves every page of it and I often find myself flipping through the pages too.,positive
Magazine would not download,positive
can read through them in about twenty minutes.  Too many ads.,positive
I love it! I wish I had done this much sooner. Much more easier to keep up with the beautiful people of color. Much better than the Washington Post.,positive
"Love this magazine,ine",positive
Grandfather loves it!! At 91 and owning his own car parts store years ago this is great for him.,positive
Way too many advertisements.,negative
My husband loves this magazine! He is always looking forward to the next issue. I recommend this magazine to everyone who loves trucks / jeeps.,positive
"Great magazine!!
 Well not take up space in the house . u can have it on your table or kindle",positive
"Came bent, want to return. Nothing good in the magazine.",positive
A great App!  I love the magazine and love the convenience of having it on my Kindle.  Thanks Essence,positive
Historical one of the best reads for Women of Color and continues to be a best read,positive
I've been reading Car And Driver for years. It remains one of my favorites.,positive
I've always enjoyed this magazine and now it's awesome to have it on my tablet,positive
I love cars and this magazine has been my go to since I was a teenager.  Great Magazine and the cost on Amazon was a good deal too.,positive
Excellent Magazine!,positive
I love Essence! Great info on various topics important to African American women.,positive
Not user friendly.,negative
I love the fact since I have a paid subscription with Essence I can get this digital subscription with it. App is very easy to use and to navigate through the magazine articles,positive
Print is too smal,positive
Not much real information.,negative
It's a very interesting magazine for any car enthusiast.,positive
The articles are just not interesting any more.,negative
been reading it for some 35-40 yrs,positive
Takes days to download.,negative
"Buy this for my hubby every year and it's a hit with him! With over 50 years in publication, they've got it right and keep it interesting!",positive
This is not the way I remember this magazine. Needs fewer ads and more self help info and/or articles. Boring,positive
Great publication to keep up with the world of automobiles. A must for any auto enthusiasts who dares to dream!,positive
"I've been a fan since 1976 and it has grown with me.....It is infomative, witty and reflects my image! AWESOME!",positive
I love the video clips that come with the Kindle edition.  It puts a new spin on one of my favorite magazines.,positive
you better watch out for their auto subscribe. They send you magazine and charge you premium. stay away and beware!,negative
This and Road and Track are the two best consumer automotive magazines. Great information and the articles are top notch.,positive
"Great price, great magazine.",positive
"The big 4 car mags are all about the same.  That being said, I love them all.  This one is no exception.  Great pictures, great articles, and reasonable reviews.",positive
I stopped getting this magazine about 3 years ago. Decided I wanted it again since the price was right the magazine is horrible now. I am sorry I got it again.,negative
I tried to get my address changed and nobody has answered me yet. I was displaced because of the hurricane.,negative
I ordered the magazine because I'm thinking about buying a new car. Mostly I enjoy reading the reviews and seeing pics of latest model cars. It definitely fills the bill.,positive
Didn't have a lot of what I wanted and I now have no need for magazines whatsoever. No point in waiting when I can just read what I need online.,positive
I am still waiting for my first issue. It has been paid for but this review request reminds me that I am still waiting.,negative
International artist is the best art magazine going.  An absolute must have for anyone with any art interests.,positive
Conservative magazine that fits my views.,positive
Do not pay for this!!!! I only got 2 or 3 magazines the entire time!! Such a waste of money!!!,negative
I didn't get the first two issues,negative
"Zero star, i received damage magazine for all 4 issues. No more
Again and again. I have to request for good condition for every issue. Very disappoint.",negative
There's such a large emphasis on wedding dresses. The magazine is pretty much just pictures of dresses. I subscribed to 2 wedding magazines and they're both really disappointing.,negative
Was not able to download to any of my five devices?,negative
"This has been a great help for my daughters wedding coming up.  I just love this, because we can see what is the latest and what we are thinking of doing?",positive
I'm a wedding photographer who loves finding new inspiration for my future events. Martha Stewart weddings has some of the best visuals I've seen by far.,positive
Very up to date news and opinion. I read about issues before the television news groups report them. Very informative.,positive
I found it difficult and distracting to read on the Kindle FireHD. Got lost in the content and gave up.,positive
"I think the title says it all.

I renew using Amazon... no magazine yet.",negative
I can not tell a page of advertisement from a page of an article!,negative
I don't think that the magazine suits the Kindle layout. There is also alot of ads which make the process of reading it harder.,positive
Best quilting mag anywhere,positive
A good look at cars and trucks.. foreign and domestic. It also reports on trends and influences on the industry.,positive
"very well written, very insightful and informative",positive
I have not received a print or digital copy of the magazine yet.,negative
Great magazine for a very low price,positive
I cannot believe the only way  too order these is on  a kindle(your loss) I was going to order more than one subscription.,negative
Deal with real world business issues please. Not MBA school theory. Waste of money as there are better sources of onformation available le.,negative
"Patience.... because unless you are a true Geek
it requires you to go through multiple copies
to find articles of value in applying
& appreciating the technology
it reports on.",positive
Nice format and I like the fact that they review companies with different sizes. You get a chance to look at all sorts of companies and managing styles.,positive
The mag is filled with ads. The cars featured are not really interesting.  It is still a teenagers window to the world of could be.,positive
"Ordered as a gift.  The order process was confulsing, and never reached the recipient.  I'm sure the magazine itself is great.",positive
"The best car magazine on the market today.  I have subscribed for eight years. Great website too!
Covers everything from a $17,000 car to a $2,000,000 car.",positive
"I love True Story.  I have loved this material for many years, and was very happy to be able to purchase it once again.",positive
Awesome magazine with actual true stories.  They are heartwarming and interesting.  Have been a loyal reader for a very long time.  Keep renewing my subscription.  A must have.,positive
My husband loved the magazine.,positive
"If you ""must"" ride (as I must) then you ""must"" read Cycle World and it's ilk.",positive
I renew every year.  Always enjoy reading!,positive
"Can't go wrong with Cycle World.  If you are a motorcycling enthusiast, this is the magazine for you.",positive
Perfect gift for my boyfriend glad I spotted it and bought it before the issue came out he loves it,positive
"Really good articles, written by who actually ride motorcycles.
Not a collection of paid articles from bike makers, who wants to advertise their products.",positive
Got my TWO issues today- don't appreciate getting the current one and last months' at the same time. It's like getting 11 issues for the price of 12.,negative
"This magazine was advertised on Amazon.com in an e-mail to me for a price of $2.97, how come I paid double that ??",positive
Good gun mag to keep up with the latest,positive
More worthless articles them good or helpful just a bunch of adds,negative
Outstanding magazine that has been around for a long time.  Highly recommended reading.,positive
I have received only ONE magazine since ordering in JUNE!!!!!!  I have written numerous emails to integrated Media and Amazon and NOTHING has been done!!!!,negative
All adds. Where the hell are the articles?,positive
I sent my granny a year subscription to Quiltmaker and she loved it. It has beautiful quits & patterns in there. Highly recommended to anyone who loves designing quilts.,positive
Best gun mag,positive
One of the best knitting magazines,positive
I always look forward to reading  this magazine and to get inspired by the pieces that you offer. Mag girl from Tucson.,positive
I am subscribed to interweave craft daily but cannot access my account.i have sent a number of messages but have not received any answers.help!,negative
I've always liked this magazine.  I am not a fantastic knitter but like to dream about projects as I enjoy magazine.,positive
"I never received it, giving it any stars is sort of pointless. Likewise I really don't see much point in being required to write 20 words for a product I have never seen.",negative
"I love this magazine, plenty of updated classic styles as well as some new fashion forward styles, takes your knitting from afghans and scarves into great wardrobe items!",positive
So far it seems to be too much adds.,positive
Magazine is everything you expect. Disappointed with the wait time. It took 4 months to receive the first issue!,negative
I don't like the auto renew.,positive
Seemed light on content and alot of ads,negative
THIS IS A TOTAL RIP OFF! THEY DIDN'T EVEN SEND THE MAGAZINE & IT WAS SUPPOSED TO BE A GIFT. DON'T WASTE YOUR MONEY ON THIS.,negative
The best WWII Mag out there bar none,positive
I look forward to Flying more than any other magazine I read.,positive
Have had subscription for years and then found the price here was better than direct renewal.  Continues my subscription without missing an issue and no overlapping issues either,positive
Must read!,positive
You like guns? get this! so many great articles and new weapons coming out all the time.,positive
It's a month later and I still haven't received it.  Will there be any WWII vets left when it does arrive?,positive
I been reading WWII magazine over 20 years and I read from the beginning to the end every single issue...,positive
I love this magazine. Its so full of great information. I read it front to back every time I get one and keep them for future projects,positive
Just a renewal of a magazine I've been following for 20+ years,positive
"New date is not on the label of my newest copy  which I just received.
I am unable to verify the renewel.",negative
Love the amgazine,positive
I ordered this as a stocking stuffer for the boyfriend and he loves it! Looks forward to it coming every month!,positive
Too many ads!!!,positive
I have the same problem as the other customers.  Never received my magazines even after calling them twice. STAY OUT OF THIS SELLER!,negative
"I received one issue but then the delivery stopped.  I would like to receive the remaining issues of my order,",positive
This magazine has a worth of knowledge and reads very well on my Kindle Fire. I plan on purchasing a subscription.,positive
"Unfortunately, I can't really review the magazine because I still haven't received it. The date they said it would arrive passed 2 wks ago.",negative
Love it. Just as I remember.,positive
After a recent article promoting gun control by Dick Metcalf I have canceled my subscription. They have really let us down. I feel so betrayed words cannot describe it.,negative
Wish there was some way to link my existing account so i can make that bread on the go! Oh well.,negative
We've found a lot of useful information on urban gardening and chicken care from this magazine. We're pretty impressed with the variety of content.,positive
I haven't received it . Not very good service from you guys . probably won't make that mistake again .,negative
I've been reading this magazine for 20 years now and it's always loaded with excellent and timely articles. Definitely the best of the best.,positive
"I've loved readers digest since I was young, good reading.",positive
I didn't realise that I would be put into a once a month book club by getting the subscription.,negative
I have read Reader's Digest most of my life. Love the short articles and just love this company.,positive
this publication has changed. I'm 75 and remember a chock full weeks read,positive
Receiving the issues regularly. Is and always has been one of my favorite reads!,positive
to much advertisments,negative
"1st issue was nothing but food,  i was really disappointed",negative
didn't receive all issue that I paid for it,negative
"National Geographic has been a favorite of mine from childhood . The best, so informative. Just wonderful highly recommend you subscribe.",positive
"Not sure who's reading my Readers Digest, but it's not me. Maybe the mailman is taking it to his house to read.  Needless to say I will not be renewing.",negative
This publication provides tremendously valuable insight and it explains everything with nice small words perfectly alligned for easy reading. I love it!,positive
Purchased this to read the article on great summer trips.  I was disappointed with their selections.,negative
"The articles just aren't as interesting as they used to be.  Why would I care about the 20 best places to live in America?  I can't move there, so it's very boring.",positive
"I think it's just great, because I like any thing about travel. Awesome way to learn what's beyond my backyard !
Great photography too.",positive
A wonderful collection of insightful articles.,positive
"Bar none, the best business magazine on the planet. Not ever an easy read, but always full of valuable insights and ideas. Well worth the price tag IMO.",positive
"It is very difficult to review a product or in this case a publication that has never arrived.

Little help!!

Where is it?  And when can we accept it to arrive?

Linda Drake",negative
Love readers digest been a reader good long time.,positive
love it! always delivered in time.,positive
Disappointed in the content.,positive
I love this publication. It is always interesting. A good magazine for your break room. Id buy it again for myself.,positive
too heavy on joke pages and ads & not enough substance articles as there were 20-25 years ago.,negative
"Miss the old readers digest where the content was not based on PC nonsense. Sorry, nothing against modern tv host but i miss mark twain quotes.",negative
"National Geographic Traveler is a great magazine for arm-chair travelers or for tips I can use when I travel. Places and prices are within reach, unlike some travel magazines.",positive
I received  the first month then nothing after that,negative
I just love those National Geographic magazines.  Traveler provides so many great images and descriptions for the traveler.  I use it for planning all of my vacations.,positive
Look forward to the arrival of the magazines,positive
The National Geographic Traveler was a Christmas gift and was a gift my daughter wanted.  It is being shipped timely.,positive
"I have not yet received any!
please advise as to when it may
arrive, please am looking forward
to sharing",negative
"mustang magazine was bought for a mechanic and mustang enthusiast. He seems to enjoy the magazine and the information in it, so seems good to me.",positive
I've always loved Readers digest. I'm glad I've got a new subscription.,positive
Love reading readers digest. Great articles,positive
Enjoy stories and vocabulary challenge.,positive
RD is still the most readable and informative magazine anywhere.  Regular delivery,positive
Says not compatible with my Kindle and downloading to my iPad is not an option. How do we I read it?,negative
A great publication. Enough said !,positive
Very irritating that this e magazine is unable to download to an iPad.,negative
A great price.  Reader's Digest never disappoints. I have been enjoying it for over 30 years.,positive
Can't wait for it to get here every month!,positive
"Apparently I'm not allowed to tell you specifically WHY this product is terrible and you should not order it, but please rest assured it's AWFUL and you would regret ordering it.",negative
My mother and I read it cover to cover.  Worth it!,positive
My husband says this is the best written sports publication on the market.,positive
"Always a favorite, now I can get all the articles, news, and humor I want! Great!!",positive
my Son loves this magazine ...,positive
"Forgot how small the print is, seems like the magazine is smaller than it used to be. Canceled.",negative
i love this magazine.  Has beautiful projects for the intermediate beader.  Uses a variety of specialty beads.,positive
Man has this changed since I last subscribed! It's now filled with ads and few meaningful stories. Not at all like the Reader's Digest of old! Too many ads and not enough reading.,positive
I am very happy to subscribe to Readers Digest again- great price,positive
I LOVE RD!,positive
Love this for quick reading. My sons have always loved to read these. Always has interesting stories & funny jokes. Love Reader's Digest!,positive
"One of my favorite magazines...love, love, love it!!",positive
Auto renewal s*** sucks!!!!!!!!!!!!,negative
"i would give lower if possible.........try to cancel the auto-renewing subscription

I will try to avoid watching the tv show now",negative
worst mag i ever sub'ed to. all ad's and stuff i don't care about!,negative
each issue has huge ad promotion for lawyers or doctors also gives dates of events that have passed useless information classifieds are always the same pretty boring!,negative
It's not like it used to be back 20 years ago. I only got one issue and found it uninteresting,negative
Physical quality of magazine is a great disappointment.,positive
"Was a gift for a sports guy. Easy, cheap fun. Not always the same old articles you get elsewhere. He likes it of course.",positive
"ESPN tries hard, too hard.  This publication is a big disappointment and NEVER agree to auto-renewal because it is a giant rip-off.",negative
"I did not agree to auto renewal, and when made aware of the gimmick, it was very difficult to undo.  Dumb policy and bad process.",negative
"First off, I bought a 1yr subscription & only received 4-5 magazines.  Absolute joke.  Very disappointed and refuse to read this magazine ever again.",negative
Great deal! Mom loves it!,positive
awful thin!!,positive
"I got this mag for the man in my life thinking it was about sports. But with this cover I'm not happy. If ur a porn mag, say so. Don't cover it up. Be truthful in advertising.",negative
"I did not realize it was ""Auto- Renewal""  Watch your bank account for the following year.  They were nice and stopped the subscription.  I had 3 bought .",positive
Love the stories,positive
Too much advertising,positive
too much glitz and ads...not enough score and articles! put in all scored from the previous month. glad i only paid 5 bucks for this script!,positive
"Content in the actual magazine sucks.  Worth the $5 I paid for insider access online, although ESPN could make it harder to consume or RSS, but I'm not sure how.",positive
ESPN will make you put in a credit card number to get access to the insider service even after you get your first magazine.,negative
I think this was my oops.... it took forever for first one to arrive....although I think it was stated....,positive
"Only reason to buy this is the insider access on ESPN.com.  This goes straight in the trash.  If you have to read it, take some aspirin!",negative
I cannot provide a good rating as this still has not been received.  I would like to expedite this process to receive these issues ASAP.,negative
Love it !!!!,positive
"This has got to be the worst sports magazine out there. The articles aren't worth reading. Avoid this magazine, even if it was free!",negative
This was a great deal.  I purchased the magazine subscription around Thanksgiving and the first copy was delivered before Christmas.,positive
The mighty days for this publication are now clearly behind them. Get a digital version or read online for free most of the articles. Mostly 5-page weathertech floor mat ads now.,negative
Have not been receiving regular delivery of subscription.,negative
Always have issues with wrong mag being delivered to Kindle good luck getting corrected,negative
"I love readers digest, what can I say",positive
gave as a gift to Mr Wonderful...he sezs lots of useful information inside and well worth the price,positive
Great deal on a Great magazine!,positive
Wow.  I received my first issue. Little to no content. Find a charity and donate the cost of this subscription.  You'll feel much better.,negative
"When I renewed, I was told that I would not get deplucants.
I was mailed both old issues, May  and June .
Not happy.",negative
"Too many adds, I won't be renewing.",positive
This was a gift and I was told they read and love every issue! I have renewed the subscription again!,positive
My daughter loved it and can't wait for her next issue! I will definitely be renewing the subscription next year.,positive
only got like 4 issues and thats it never again not happy and i would of liked my money back,negative
When you want the best in auto news read Road & Track.  Been reading this magazine for over 50 years.,positive
My husband is the head of a college Automotive Technology department.  He's read all of the mags put out there for auto enthusiasts and loves this one by far.,positive
"I got this for my husband and ordered another magazine at the same time.  The other magazine arrived a couple of weeks ago, but still no Road & Track!  Bummer!",negative
You can't go wrong with Reader's Digest.,positive
"this was a gift for, my grandson.  this is his love.  he is waiting to be  accepted at a college in Boston with his guitars.",positive
I ordered this magazine and never recieved a single issue. I never got a response from my complaint.,negative
Just Readers Digest have always been. Great price and value.,positive
I just received my first copy today..........great price and Readers Digest is just as good as they were in the past.,positive
"Really love this magazine! I have always had a subscription, so now that I have Kindle, it's perfect. Plus it is same price!",positive
Love RD since I was a child. Great subscription service.,positive
"Love this magazine, I have been reading it for 20 + years. I believe this is the best subscription rate I have ever found!",positive
The orientation is wierd. You scroll up and down instead of left to right.,positive
Please stop my subscription.,negative
"LOVE Reader's Digest, for any age and any gender!",positive
love every article in the magazine,positive
A favorite of my wife!!,positive
My favorite magazine.  Love reading about New England.,positive
"We moved away from New England a few years ago, and I subscribed to get my fill of NE! I'm quite pleased with the quality of this publication.",positive
Love it!  Wish it came monthly.,positive
great magazine for those who love new england,positive
LOVE Yankee!!,positive
Just love this magazine!  Full of satisfying articles.,positive
best magazine on the market!!,positive
Have not received verification as to the extending of my subscription. Waiting!,negative
I got this for my mom and she loves it.,positive
i enjoyed this publication for years,positive
cancelled,positive
very thin not like years ago,positive
So much about icky illnesses!,positive
"This magazine is jam packed with wonderful articles!
I have enjoyed every issue so far.",positive
This is my favorite gun magazine. It covers everything and is a pleasure to read.,positive
not as informative as it used to be,negative
It is the only magazine that I read cover to cover because I can't put it down!!!!! I love this!!!!!!,positive
"I agree with the other review, this is loaded with advertising inserts, and nothing much to read.",positive
BS Rag Mag!,negative
"I have been getting Reader's Digest for years and that that it is available on Kindle, I love it even more.",positive
"Great value!  Everyone loves Reader Digest, young and old.",positive
Where do I go for help in accessing my improved version? I have tried everything.,negative
Boring content; not up to the same standard as other publications available on news stands.,negative
86% off? Well you know there a left wing communist socialist pieces of s***,negative
Filled with lots of advertising. Wanted more articles on 9mm and hand guns.  Too many shotgun articles.  Won't order again.,negative
In 10 weeks received only 1 issue ! Cancelled,negative
Would not of signed up for it if I knew the co sold to the rep brothers,negative
Not sure when they are coming and when they aren't,positive
A very one sided magazine  will not purchase again,negative
I did not receive prior notification of an automatic renewal.,negative
I didn't ask to have it delivered. I hate the propaganda. Bad.,negative
Cannot read well on google newsstand. Had to load to kindle,positive
Worthless Fake 'Time' magazine..!!!,negative
canceled subscription Not interested,negative
Great Purchase. My wife enjoys the Reader's Digest.,positive
It is totally Impossible to read Time magazine on my Kindle!!!! I will go to the local news stand and get a paper copy!,negative
"Extremely disappointed in their new version/format.  I have subscribed to readers digest for many years, but will not renew my subscription when it comes due!!!!!!!!!",negative
This magazine writes many personal accounts of near personal disasters. It writes about very current items. I enjoy reading all of these articles.,positive
Far left very fake news,negative
Very one side. Sounds like a  Democrat review. I just expect a more well rounded information source without so many opinions.,negative
automatically renewed without any notice...don't like that,positive
This is the most bias magazine I have ever received.  They go from the mail box to the trash can.  This needs to be on the rack with the National Enquirer.....,negative
Just shotty print. Sensationalism at best,negative
Time is an excellent magazine,positive
"I can't post what I want so all I will say is, Stay away from amazon magazines. It is a third (if not a forth) party purchase. I went direct after this blunder!",negative
Best national and world news magazine.,positive
"Liberal Bias. As biased as Drudge, CNN, or Fox. Stay away if you want a truly unbiased read.",negative
I like the magazine and auto-renew is convenient,positive
"I'm disappointed that RD has gotten much smaller.  The content isn't any where near what it used to be.  Now, I can get through the magazine in one evening.",positive
There is too much fluff in the magazine. I realize they want to appeal to a younger generation but they made it too much like People magazine. It needs more in depth articles.,positive
Digital subscriptions don't update on Kindle fire.,negative
Download is a problem,negative
Best price around for this subscription I could find.,positive
"Time magazine used to be the Gold Standard.  Now, it has been relegated to just another also-ran....",negative
"I ordered Reader's Digest on-line and requested the  large-print version.  When it arrived, it was the regular small-print version.  I would like to receive what I ordered.",negative
Reader's Digest always makes a great gift for anyone! I've been reading it for almost seventy years and never get tired of it.,positive
Worst magazine!,negative
"What more can you expect for Reader's Digest? Love it and always have copies in the library(bathroom). Has everything in it. Humor, true stories and even info on websites",positive
Doesn't allow reading from different panes (both vertical and horizontal views). One is restricted to only vertical reading.,positive
Never noticed how terribly biased Time has become ...,negative
Long time fan of Time Magazine. It's the only magazine I subscribe too. Love it!,positive
I order magazines for our medical office. We try to keep magazines that appeal to both men and women. The Reader's Digests are by far the most popular.,positive
"If you're looking for a one-stop place to read small articles of varying degrees of useless info, this is it! I've enjoyed this magazine for years now!",positive
"Needed to renew my subscription and the auto renew was so easy.  No postage, no checks.",positive
"it does not come regularly. In fact, i have only received 3 when i should have gotten about 6 so far.",negative
They didn't renew. They added a new account. I'm getting two magazines now each week. Very disturbing.  A 1 definitely.,negative
i bought this for a gift and the person was really happy. no complaints. good way to save some money too,positive
"Compared to other news weeklies, this magazine would be last on my list.",negative
A very good general weekly magazine covering a wide range of topics.  There's usually something in there for every one.,positive
To many ads and not enough substance.,negative
The liberal slant of this rag is obvious. I wouldn't read it in the doctor's office.,negative
"a blatant disregard for the values this country was founded upon, ptheuw.",negative
"This was to extend my existing subscription.....instead you have made me a new one which duplicates
mine,  Can you remedy this?  I do not need two magazines!",negative
Only 60% of content successfully downloaded to my Kindle Fire hd tablet! This is not acceptable for a e-subscription!,negative
Ive taken the readers digest for many years and spend much time enjoying it on the day it is received and days thereafter.,positive
Typeface so small can't read many articles.,positive
Cannot change the font size. Option icon not working,negative
I would not download this liberal rag app to my Kindle. Every article is about same-sex marriage or transgender lifestyle - no thanks!,negative
I havent' got it yet.  I'd like to know when I will start enjoying it. I hope it gets here in the following days.,negative
This is a nice little read that gives you insight into lots of different things.  With a toddler I don't have much time to read so this helps me keep up.,positive
Could not access old issues online. Please E-Mail how I can access the old issues online with a Kindle Fire HD 8.9,positive
Years ago I used to read Readers Digest and its no where as good as it used to be. I have been giving it away to a friend.,positive
"Time magazine has been a source of news for many years.  Great magazine.  If you want analysis and good reporting in a magazine, this is it.",positive
The Amazon price was the best I could find for 2 years of readersdigest. The first issue has already been delivered & we are totally happy. Thanks Amazon.,positive
It is great magazine with reliable articles that are of interest to all ages.  Great as a gift to a parent or grandparent.,positive
"The magazine does not have much information. Taken out advertisement, you have just a few pages of news. Big disappointment. Waste of money.",positive
"We love the digital access on my ipad mini. My wife likes the print edition, and I read it on my iPad mini on the go. A perfect subscription.",positive
"The color print in the magazine is nearly impossible to decipher. I cannot imagine there is any positive feedback about this . I say, enough cuteness, go back to black and white!",positive
".. I discovered the Economist and understood what a real in depth weekly news magazine could be.  Sadly, Time does not really fit the bill anymore for me.",positive
I got this as a gift for my dad and he loved it! Thanks so much! :),positive
"The subscription price was about 1/3 the ""retail"" price shown in the magazine!

The process was simple and the one-year subscription was used to extend my current one.

Thanks.",positive
"Fewer pages, less substance, little real news, some entertainment news.  Just not worth it.",negative
We are happy to be receiving Time magazine during the election year so we can read as much as we can about the candidates. Wish we had started it earlier.,positive
SOME ARTICLES ARE OUT DATED.. WHY IRAQ APPEARS IN EVERY ISSUE... SO BORING,positive
Great magazine! Well worth the money. Yay freedom,positive
my honey loves this magazine.  it's great for the price.,positive
A great magazine for people who love guns.,positive
Not for me. Articles did not engage my interest.,negative
Does not work after iOS 8 upgrade. Have emailed vendor twice and never received a reply.,negative
I am still waiting to receive my first edition. It is taking entirely too long for shipment. I should have purchased from bookstore!,negative
I have it on a Kindle Fire and the print is very small. It's not for me!!,negative
My favorite fishing monthly magazine and at a good price.,positive
Underwhelmed with the magazine so far. Got an Ice fishing issue in April... Not real useful,positive
First issue came much sooner than expected! Great reviews from teenage Songhai cannot wait to venture past his local hot spots.,positive
My husband swears by this magazine. He really enjoys reading it!,positive
The best multi-species fishing magazine.,positive
Great resource for your beginner to avid fisherman.  I look forward to receiving In-fisherman every months and for years to come!,positive
I order mine still not in I would not order this better off get thru magizine,negative
I purchased this magazine in July and was told that I would receive it in October and that Amazon had no control over this. Then why are you selling it???,negative
My fashion conscious teen loves this magazine!  Her first issue arrived sooner than expected.,positive
"So many ads. Superficial, unintelligent articles.",negative
waste of money. bunch of advertisements.,negative
Full of advertisement and other s***ty crap. I'm surprised it's still in print.,negative
Didnt keep,negative
"Beautiful work.  Great clean lines, photography, articles are thoughtful and presentation overall is balanced.  Well edited and curated.  A magazine of the times.",positive
"This used to be my absolute favorite magazine. Unfortunately, it has turned into one giant ad. Quite unfortunate. Le sigh.",negative
"l mostly flip through Elle these days as it doesn't really offer me much actually interesting substance. It's not bad, but it's annoyingly full of ads.",positive
"I've been waiting over a month and have yeti to get the first issue. Although I'm eager for it, it's annoying to be asked to review a product I've yet to receive.",negative
Wonderful and wise way to make the right choices in an infinite cultural space of talented writers.,positive
"the best of the best, if you're into high lit",positive
been reading it for years.  It has kept me up to date and more in depth far more than any periodical,positive
I made a mistake. i meant 5 stars. i appreciate access to book reviews of books wjich ordinaroly would not be found in bookstores where i live.,negative
Love this Magazine. Highly recommend for entertainment!,positive
I didn't receive all of my issues. Less than half have been received.,negative
Star is my favorite magazine. It always has interesting stories and I enjoy their layouts and style.,positive
I don't like reading it online.,negative
I thought I had paid for a years subscription and have only received one news copy.,positive
To many pictures.  Not enough articles,positive
It's just a typical scandal sheet.  Only believe half of what you read and question the other half.,positive
Best one of all. Get it every week...,positive
Did not download onto my kindle. Was very disappointed,negative
"It's Star, what do you expect? Trashy, cheesey, guilty, pleasure. It has pictures and words.  Better than sitting waiting for the doctor with nothing to read.",negative
"Come on, i use to enjoy your mag sooo much. Now its BIG pics, fashion & no info about the Stars, or pardon me, u do hav captions..why?",negative
"was boring, nothing much to the magazine, very few pages and no news about celebrities that I hadn't heard before.",negative
It's too expensive.  There is less content and more ads than ever before.  It seems there are even  less pages than before.,positive
"Never received full order. Received a couple months - stopped. I called then got a couple more issues and stopped. More trouble than it's worth
Made me hate the magazine too",negative
"It was a decent magazine before the editor replacement. Now it is a bad clone of Vogue and Elle, and liberal-biased.",negative
Purchased this fluffy junk for my wife. She sort of glanced at it. Not much content...lots of advertisments. Not worththe 5 bucks.,positive
"90% of marketing of thing nobody will ever wear, I wish I could cancel it",negative
I do not like the new layout/format.,negative
"Been a subscriber for many years.  Love this magazine!  Everything from fashion, to home decor, to interesting interviews.",positive
To have the option of viewing Inc. in both versions is an economical convenience for me.,positive
This magazine is the boring version of Fast Company.,positive
"wow, is this difficult to interact with. Unlike other mags, bookmarking is a 3 step process and is really imprecise.",positive
Great rate on a great magazine.,positive
Great mag and articles!!!!,positive
love everything about this magazine,positive
What a deal!,positive
"A good magazine. Good articles, celebrity beauty tips, etc.",positive
Excellent service and I would  use again.,positive
Love this magazine. Keep me in the loop on business and up and comers. Great relevant content in the business world.,positive
"I love Inc and Entrepreneur, and getting the print and electronic version is fantastic! I plan to keep the subscription active for a long time.",positive
Another great magazine for wife.,positive
$5 for a years subscription to one of my favorite magazines. It came in like two weeks. Very pleased.,positive
Will not download. Crashes everytime I try to open it and can't figure out how to cancel subsciption before they charge me.,positive
Takes a llllloooonnnngggg time to load. Ridiculously long.,negative
"The advertisements are beautiful, but over 500 pages of then seem excessive.",negative
Not much to read here; tons of ads.  ( geared to 21 year olds with trust funds) I'd  never order it again!,negative
If you like InStyle magazine paper edition it's the same on the Kindle. Great fashion articles and other interesting topics that wouldn't appear in a fashion magazine.,positive
"Not worth the price. There are other magazines that offer fashion, style and health tips that are much better at doing it.",negative
"I chose to order my subscriptions through Amazon so the auto-renewal would mean that I didn't miss an issue. Well, I missed February. Never got my issue and I'm annoyed.",negative
I have been reading Instyle for ages and keep loving it. It's a great fashion/beauty magazine without all the extra trash most other magazines have in them.,positive
I had placed an order early January of this year and still am waiting anxiously to receive my first issue; it's already March!,negative
"More than a month and I'm still waiting to receive it!
How can I rate this magazin since I have not seen it!",negative
"I typically like this magazine a lot. I purchased my subscription over a month ago, so I'm just annoyed that I haven't received my first issue yet.",positive
I would be able to review this better if I actually receive the magazine!  Haven't seen it yet???!!!,positive
"I have not received even one issue yet, what seems to be the problem?????? I am giving no stars whatsoever, and I demand an explanation!",negative
"I've been reading  ""Foreign Affairs"" journal for decades. It is the best collection of timely essays. Period.",positive
The best Journal for understanding International Relations,positive
One of the most exciting magazines in the world!,positive
"I have bought and read this publication for 38 years,  it's a must read. Excellent, exceptional and the kindle version is phenomenal.",positive
The volume I read basically mentioned only technology aspects which I didn't like. It's not of my interest. I thought it was more political.,negative
"I just cancelled my subscription because of the lack of archive access.  I enjoy the magazine itself, but the lack of the archive access is a deal killer for me.",negative
This is a great magazine for anyone who loves their lab and treats them as an equal member of the family.,positive
It's really just all fluff nonsense.,negative
My wife loves this.,positive
Eh. Just fallow their Facebook page. It's the same articles but free.,negative
Best magazine ever!!,negative
"Awesome mag for us ""nerds"" out there. A random mix of interesting facts and topics.",positive
Love this magazine! Short informative articles that stimulate the mind! I share my issues with a friend. Great gift idea if you have a science nerd on your giving list!,positive
"Completely mindless, has no real content, is just a stupid waste of time. I'm cancelling my subscription. Useless waste of paindper",negative
"I gave this magazine a try, but it just is not for me. It's one of those magazines that entertain you for about 10 minutes per issue. The content is just...off.",negative
I've had multiple subscriptions to Mental_floss and highly recommend it. If you are a trivia buff you must get this magazine.,positive
i love this magazine! i learn something new every month. so many interesting subjects. if you like trivia and want to continue learning ... read one issue. you'll be hooked.,positive
This is my favorite magazine by far.  It is full of witty articles and interesting facts.  I love Mental Floss!,positive
Well written articles and excellent photos.,positive
One of my favorite mags....,positive
"This has to be one of the best magazines out there.

I just received my first issue in October..........and I can't seem to put it down. Very entertaining!",positive
Wonderful magazine for the aspiring back-yard astronomer or anyone interested in what is going on in our universe.  I am very pleased with the publication.,positive
absolutely - love it  -- we are able to see all the latest activity in our beautiful universe. Thank You,positive
"Orders space and telescope on 12-19
promised 4-6 week delivery
now promised in mid-march
what bs",negative
Its Scientific American -- wonderful magazine.  I look forward to its arrival every month.,positive
"we love our scientific american. best magazine ever, and I love that I am made aware of when my subscription is coming to an end so I know when to renew.",positive
"One of the premier general science publications in the USA. It provides timely, reliable articles by practicing scientists along with fascinating and often humorous tidbits.",positive
I BOUGHT THIS FOR MY HUSBAND FOR FATHER'S DAY AND HE LOVES IT.  I ALSO READ SOME ARTICLES IN THE MAGAZINE AND AM VERY IMPRESSED.,positive
"As usually  ""Scientific American""  contains handful of contemporary excellent materials written by professionals of highest rank.
I love this magazine. Tolaola",positive
I have waited 35 days to receive my first issue - it still has not come.,negative
My husband can't wait for this magazine to arrive. It never fails he will quote or read articles to me that he finds extra interesting.,positive
I cannot provide a good review for this purchase because as of today I have not received it yet.  Still waiting..........,negative
How can I rate this magazine if I have not receive it yet nor on my kindle as it states (print + Kindle),positive
Very good information.  I love a good bourbon not and then.  A good source to find just the right one for my taste.,positive
We have been getting this mag for some time now and have learned so much that we did the Bourbon Tour in KY this may.  Learn and enjoy this very special very American beverage!,positive
"Really expensive magazine and not much to it. It's pretty thin and usually has a few articles that I save, but for the most part I was disappointed.",negative
best ever,positive
"Just wasn't my taste.  If I lived in NYC, I probably would relate to this magazine much better.",negative
I love this magazine forever and forever and have been a subscriber for many years,positive
"Best crossword puzzle anywhere.  Adam Platt, Restaurant reviewer always makes me hungry.  Nice in-depth journalism and lots of fun, frivolous stuff too",positive
"the best magazine out there in my opinion! great eclectic topics. great writing, i love it. i actually keep up with weekly reading (unlike the new yorker). great social media too.",positive
The magazine has turned into worthless garbage. It automatically renewed and when I discovered that fact I tried to cancel to no avail.,positive
I have been subscibing for over 30 years now and Amazon offers the absolutely best rates.  Extending an exiting subscription couldn't be easier or more reasonable.,positive
"Ordered NY Magazine 5 weeks ago.  Still haven't gotten my first issue.  Tick, tock.",positive
"I received the first copy in less than 2 weeks, much earlier than expected! Love it!",positive
Awesome !!!!!,positive
Wife loves it.,positive
I'm very disappointed. I really like the magazine but have only received the first issue (July/Aug).  I'd like to know what happened to the rest of my subscription.,positive
I never ordered this!!!!,negative
This magazine is a catalog of ads and not much more.,negative
A magazine full of advertisements. Hardly any decorating inspiration or photos. Would not recommend.,negative
Way too much advertising. Will not renew.,positive
"Mostly beautiful ads, very little content.",positive
Worthless magazine.  Don't waste your money or time.,negative
I absolutely love this magazine!  Great decorating ideas!!!!,positive
the best shelter magazine,positive
"Have been getting Veranda for about 10 years.  I am a decorator and have loved almost every issue.  I have saved them and reread them often.
This is the best magazine !",positive
"It is my favorite decor magazine.  I want many houses, creating the variety of  ambiance that I see in Veranda.",positive
Inspiring!,positive
"I love this magazine and always will. Great ideas, picture and articles.",positive
My favorite decor magazine...and it never fails to impress!,positive
I got this subscription for my wife so she could glean ideas from it for her business in interior design and furniture remodeling.,positive
This magazine had too many ads and not enough content.  I was not inspired and I thought it was pricy.,positive
"I did not renew it..can get at a better price elsewhere
Has been a nightmare!!
Finally got it removed from account",negative
"nothing but advertising--thought it would be more like Country Living, which I love to receive each month, or Southern Living.",negative
This is a first rate publication.  Veranda features classic homes that are actually liveable.  One of thre finest magazines around!,positive
"Aaah, Porsche Excellence! What else can I say? I love this magazine. I always look forward to it and I'm never disappointed!",positive
Great magazine dedicated to Corvettes of all years.  Well written articles and technically sound columns. I look forward to each issue.,positive
"This magazine should be considered a ""must read"" by every Corvette enthusiast. Very well written with great photography.....",positive
I'm super happy with my purchase! Thank you so much! Super fast shipping,positive
The few things I actually liked in this magazine did not warrant the expense. I would not purchase again. There are many blogs that cover the same topics in a much better way.,negative
I love this magazine. It's definitely a must read for feminists. It's one of the few women's magazines I still can sit and read cover to cover.,positive
"This was a rip off. The cover showed the flip or flop couple with headline ""liars.""  I ended up getting Matt Lauer on the cover. Wish I could get a refund.",negative
"i love the price that i got it for, and my wife likes even more that she has a magazine to read over the weekend.",positive
Ranks right up there with National Inquirer.,negative
Awesome magazine.  Wish we had Life Time Fitness in my town.,positive
"Shouldn't have put that woman on the cover, enough said.",negative
Lack of science.,negative
promotes ignorance through fear-mongering,negative
"Got it for two years; a horrible mix of perfectly sound exercise advice with mind bogglingly premature or incorrect advice based on ""science"". Horrible fear based editorial voice.",negative
The best source for health!,positive
Featuring a fearmonger and her unsubstantiated claims shows just how credible this publication is.  Supermarket tabloids are less expensive and no less reliable.,negative
This mag doesn't do its research.  Just saying something doesn't mean it is right.  Its that simple.,negative
"Putting the ""Food Babe"" on your cover kills any credibility you may have had. You're helping contribute to ignorance.",negative
"Nope, nope, nope. Propagating fear!",negative
This magazine surrendered its last vestiges of credibility when choosing to peddle snake oil and promote the charlatan Food Babe.  Shameful.,negative
"Pseudoscience bs, really? Get some real academics and scientists to talk about our food.",negative
It's insulting to bank of the ignorance of the public by passing off pseudoscience as actual information.,negative
A magazine which propagates half-truths and full lies is not what our world needs.,negative
"I'd rather not read a magazine that features a fearmonger and self-appointed ""food investigator"" on its cover.

Enough said: [...]",negative
"This magazine spreads dangerous, false, and unscientific information. It is deeply rooted in conspiracy theory and promotes food elitism.",negative
"Putting a well know uneducated fear monger (Food Babe) on the cover and then claiming that everyone that was vocally opposed to it must have been paid to do so, yeah I think not.",negative
"Be careful, this magazine has misleading information and is basically a front for advertising overpriced and unproven products touted as the cure-all they are not.",negative
"Clearly, a magazine that would give credence to a liar, fraud, and ""organic"" shill like Vani Hari, is not a magazine that aims to bring any truth or knowledge to its readers.",negative
all gimmick and hype with your cover girl vani hari.,negative
Quack science meets cheesy health magazine format.,negative
"You had a highlight/Cover piece on food babe.
With that said how can anyone take what's in your mag seriously.",negative
Promotes psuedo-science and other fear mongering garbage,negative
"Disappointed to see ""Food Babe"" on the cover.",negative
Way too expensive! I only get sixty cents a post as a shill for Big Pharma/Starbucks. I can't afford this!,negative
First magazine I received...pictures were all dull and depressing. Hoping there will be more color in future issues.,positive
"I love it on my iPad, and I also receive the paper copy for my husband.
All for one great price.",positive
Probably won't renew.  Too much $$ for too little helpful info.  Lots of ads.  And one or 2 artists high-lighted.  HOLLEY,positive
I love this magazine! !!,positive
"This is the best publication around, for book lovers of all genres.",positive
I just received my first issue recently and I was a bit disappointed because it didn't have any interesting books.  I'm hoping the next issue is better.,positive
"This is by far the best cooking magazine I have used...the recipes are easy, healthy, and most of all delicious.",positive
First issue of my subscription arrived within 3 weeks of ordering online. Also liked the fact I could find a 6 month subscription for under $22. Very impressed!,positive
Got the sub for $5. The best part was the swimsuit issue. Stop being a political rag and stick to the sports. I canceled my sub after CP got the award.,positive
"Not a magazine, a leaflet which recommends web articles",negative
son has gathered these in his room and hasn't looked at one. Wont buy again,positive
"Read the sport every week,details you never find the local papers.",positive
Great price immediate delivery,positive
Best sports magazine.,positive
The writing is horrendous.  The bias is evident.  Not what it was when it was in its prime.,negative
Awful. Receiving SI for kids. Not as advertised. I don't have children. It goes straight into the garbage.,negative
I signed up as a gift for my husband. The two that we received are the Kids version.,negative
awesome deal,positive
"got it for a year for 5 bucks, if it was 6 bucks....probably not",positive
The quality of the magazine is poor at best. The images are blurry and really thin paper. Horrible,negative
Only received three issues .,negative
Articles have gotten worse over the years. Can toss half the articles due to boring writers.,positive
"it was a gift to my brother, I know he enjoys the magazine a lot.",positive
"Quality of writing has slipped badly. Should be an alternative to digital media, not a stylistic clone",positive
SI ha gone downhill and is not very good!,negative
I have received the magazine many years. Love it especially during football.  :). Very good rate from Amazon.,positive
Sports illustrated cannot get to my Kindle without my renewing my subscription.....their is no easy way to get to the page that allows you to list your subscription.,negative
best sports mag....ever....the pictures tell the story...then they tell a story too!,positive
Pound for pound the best writing in the biz,positive
too complicated!!!! I am going to discontinue it.,negative
"After subscribing for 30 years, I recently cancelled.  The too often focus on politically correct items, while becoming lite in the sports coverage, both became tiring.",negative
Won't open on my Kindle. Won't download even after I entered the code. Good luck to anyone else. Subscription ends soon anyways,negative
This is the best gift that I could give my oh so sports minded nephew each and every year on his birthday!  Thank you!,positive
When they switched from the old app I can't access any of the back issues I  was saving. Go back to the old app or fix this one.,negative
"a great buy and great service. Have purchased this for several years and they help me when I need to correct my mistakes in ordering.
Highly recommend",positive
Sent as a gift to grandson and son. They look forward to every edition!  Happy with the choice I made.,positive
I remember when this magazine actually had substance.  There is not much to it and most of what there is advertising.,positive
"Got a year subscription for cheap.

First issue arrives and it has a total of 50 pages and 25 are adds. Where is the content?

Go figure.

T",positive
I like it very much I got my first issue way before I was suppose to get it. I was surprised it came so early,positive
I have been a subscriber for 45+ years and it is still the best in its genre.,positive
Took months to receive the first issue. I remember this magazine been more scientific and informative but now is almost like every other women's health magazine. Will not renew.,positive
I would like to write a review but the product has not shown up on my kindle. Where did you send it?,positive
"I love this magazine. It has so much information in it, and it's great to see the work others are doing.",positive
Best journal for pastel artists,positive
I hate to think I paid for something I did not get. But I am a newbie at my Kindle. Perhaps you have suggestions.,negative
"Not that great, not a lot of information or content.",positive
Buy this magazine without hesitation.  Has wonderful articles from a spiritual and holistic perspective.  Thank you so much for creating such a creative magazine.,positive
"Love this magazine, been reading for a long time.",positive
My daughter in Seattle always wants this every year. I renew each year for her. She just loves the Magazine,positive
I absolutely LOVE this magazine! Every issue is great!,positive
"I love this magazine.  It is full of ideas and inspires me to be creative every time I open it.  So many different ideas, then you get to shop!!",positive
"love having it on my kindle....
so easy to read...
this is a great magazine to have for ideas to decorate with.",positive
Extremely well written articles that span a great deal of the theological spectrum while still remaining true to orthodox thought.  A pleasure to read.,positive
I hve not recieved a single issue of the magazine yet. I would like to get the magazine or havey money refunded.,negative
I subscribed for a year. I think I recieved a total of two copies and am now recieving notices to renew my subscription. NOT !!!!,negative
I still haven't received this item. I paid the subscription fees back in the middle of December and haven't even seen 1 copy. I do not recommend this product. Buyer beware.,positive
Remember to go into your profile and UNclick the auto renewal after the purchase. Ain't worth it above that cost by the by~,positive
"The reviews are objective.

The feature articles not as strong.

Hey, bring back the swimsuit issues!!",positive
"Considering I ordered this back in February and it the end of march now and I still don't even have one issue, I am not happy.",positive
"Just got my first issue, and I love it! It prints about all if my favorite bands, and through it I discovered more! Highly recommend!",positive
"Ap magazine is my absolute favorite on discovering everything new in the music world. If you love music, you'll love this!",positive
Love USA Today,positive
Love the paper but managing the subscription has been a nightmare.  Probably won't renew again.,negative
Great News Paper.,positive
The papers were delivered 2 dos after publication.  Best to go directly through the publisher and get it delivered same day.,negative
The subscription of USA Today newspaper took over a month to start.  This is way tooo long to wait for a newspaper.,negative
This has been one of the most helpful magazines re ADD/ADHD issues that I have come across. Would encourage anyone who is touched by this issue to subscribe.,positive
"whether you have a kid, spouse or you have ADD yourself, lots of good information that you can use right away.",positive
As time goes on I am finding the articles less and less engaging. I'm no longer excited to get my magazine.,positive
Love this magazine. But I ordered this and on the receipt realized it will take FOUR MONTHS for this magazine to show up. Ridiculous. Too lazy to cancel the order.,negative
Too thin. Too many adverts. Didn't learn much. Wasn't really interesting. Just read Suzuki.,positive
"this is absolutely my favorite magazine of all time.  if you want a magazine that caters to the lowest common denominator, readsomething else.",positive
"I never received this order. I received an email stating they were cancelling it and I will receive a refund for the gift certificate, but never received it",negative
Best truck magazine I've read.,positive
best truck mag ever has test's how to 's and tech info!! Love the new gear up and coming new rides.preowned rides and new accessories,positive
"This is a awesome magazine for learning about the greatest up-and-coming rock bands.  It has great articles and is over-all very, very rad!!  ROCK ON DECIBAL!!!",positive
NOT AGE APPROPRIATE FOR 13 yr old.,positive
I just love this mag,positive
"This is my favorite magazine. They have the best workouts, advice and meal plans. I love the inspiration this magazine gives me!",positive
Enjoyed it!!!,positive
wonderful magazine!,positive
I love Cook's Country.  I've made many of the recipes and they are reliable and excellent.  This is one of my go-to cooking resources.  Kudos!,positive
"I love the magazine. I watch the show whenever I can. So many great recipes, helpful tips. I would recommend this magazine to anyone.",positive
I love the explanations so simply written.  Pictures help greatly with the how to do part of recipes.  Great assortment of cooking tips!,positive
Cancelled my subscription before the 30 day free trial ended. This magazine did not hold my interest. Also found it a little difficult to read on my Fire.,negative
"This magazine does not contain simple country recipes that I would cook.  It is too ""uptown"".  I have asked this magazine to cancel my subscription but so far have had no success.",negative
There are simply better country cookbooks available.  This one offers nothing new to a country cook with modest experience.,negative
AS AN RC PLANE FANATIC THIS MAG IS THE BEST OUT THERE. IT'S WORTH EVERY CENT!,positive
"i hate this magazine.  it always comes late, if at all.  i don't have any problems with the other magazines i subscribe to.  buyer beware!",negative
I am disappointed that the magazine comes so late by mail - almost one week from the time you can buy it in the supermarket.,positive
Auto renewal is a hidden charge! Would not purchase this product again!,negative
Pain in the ass to read this on a Kindle - and if signed for 30 day free trial. Good Luck finding a link to actually cancel it.,negative
This is an opinion magazine full of largely unreferenced wordy statements and conclusions.,negative
Their app has been multiple charging our accounts. And then it is difficult to get a refund. Must fix it this century - right?,negative
"I'm disappointed  that I can not view the Economist on my PC and phone, instead of just on the Kindle.",positive
"Economost provides well informed, factual information that broadens ones knowledge on global politics and markets.",positive
I love receiving my weekly issue.,positive
Not compatible with a Microsoft phone!,negative
The best magazine there is. Period.,positive
Horrible beyond description. Bad customer service and declining quality of articles as well. I will walk away,negative
The navigation features are archaic. You should be able to view the different sections and their content more easily.  The android app is much better in that regard.,positive
The top quality research and best business language!,positive
My neice and her husband really appreciated receiving this for Christmas.,positive
Disappointed that the online subscription was not included,positive
One of the best magazine for world news.,positive
Ridiculous that paying for the online edition doesn't get you access to the Kindle version as well,negative
this price is too high.  the paper magazine gives same content for less. kindle jacks up the price. what a scam!,negative
I love this periodical,positive
Simply the best!,positive
"Unfortunately, did not see that this offer does not include both paper and digital.",positive
"The Economist is the best single periodical for keeping up with current events across politics, international affairs, science, economics and more.",positive
"I bought it on August, but it still not send to me. Can you send me soon and I have homework about it!",positive
You are better-off getting print and on-line subscription and then access it in your Kindle. The kindle economist is quite skinny.,negative
"too expensive, especially if taking into concideration the print student subscription... sorry amazon, but ill rather read the economist in print, for approx 30% lower price...",negative
the packaging of the mag is broad and the price is high. i typically read two articles per issue. pls think about four dollars per mo,negative
Through academic subscription I can get the print copy delivered for $75. This quoted price for an electronic version is outrageous.,negative
I was excited to learn the Economist was on the Kindle but there are no archived issues?  I only wanted LAST week's issue and can't even access it.  That's frustrating.,negative
I am not subscribing to the economist on Kindle because of the poor comments of the other customers.,negative
The Kindle subscription price for this publication is absurd ($35 annually more expensive than the print version),negative
"Too expensive.  I just retired and I can not afford it any more.
V.S., Congers, NY",negative
"Well, perhaps the The Economist audience was the wrong population of reader upon which to attempt extortion?",negative
"It's a shame that the Economist, and probably to a lesser degree Amazon, are trying to gouge their customers after they've spent so much time and energy building goodwill.",negative
"I was looking forward to the Kindle version of the Economist, but this is too expensive for an electronic version.",negative
Liberal Bias Junk....,negative
Not interesting. Too many subjects that are irrelevant.,negative
Excellent price for subscription. Recipient was pleased.,positive
I didn't really like the magazine that much.  I found it full of advertisements.,positive
DIDNT LIKE,positive
Oprahs usual trash...,negative
Love It! Love her! So grateful to have this magazine in my life. It's a gem!!!,positive
"All of a relevant information at this time are inside , love love",positive
for $5 subscription a year. AMAZING!,positive
"I like it because the vaiarity of  subjects and I admire Oprah a lot and the last page  What I know for sure, is my favorit one and what I read it first.",positive
Love Oprah!!!!,positive
Great magazine.  My company also enjoys the articles.,positive
Not my fav,positive
Love my O magazine subscription!,positive
"I love O, The Oprah Magazine.  Subscriber to hard copy for years. Trying the kindle version is a treat,",positive
I am tired of her political one sided garbage...it used to be a nice magazine but now not so much..,negative
"Oprah, what can I say.  Nothing is as laughable as someone who believes they are way smarter than they are.  Lots of advertising, very little usable content.",negative
"I WAS SURPRISED, TO MUCH ADVERTISING, VERY LITTLE CONTENT FOR AN OPRAH MAG.......LOVE OPRAH STILL,BUT NOT MAGAZINE....",positive
You could not pay me to buy this horrible magazine again.,negative
I absolutely adore Oprah...I always love to read her What She knows for Sure on the last page of her magazine.,positive
I currently have an Oprah magazine subscription but I'm unable to get the free Kindle edition.,negative
I love everything about this magazine. Best birthday present ever.,positive
Will not buy.  Too many adds.  To elites.  Down home girl here.,negative
Don't like,negative
Bias and anti white,negative
Why would I want to read something from the most popular bigot on the earth?,negative
It just seems like a lot of ads and not much else.  It seems I liked it better when I read it years ago.,negative
They make it VERY HARD TO CANCLE my subscription!  I was on the computer about an hour before I could get a phone  number!!,negative
Not a fan.  Lots of make up and style tips.  I was hoping for substance.,negative
Never managed to download the magazine,negative
The reason why I gave this a one star cause it  can't work on my Alcatel one touch fierce xl phone,negative
Do not care for the writing of the articles. Very predictable and boring.,negative
My favorite magazine. I always read it cover to cover,positive
I LOVE THIS CREATIVE LIFE AS IT IS MAGAZINE !!!!!!!!!,positive
Will not resubscribe..,negative
Best book ever!,positive
Wasn't all that great to me. Filled with what seemed tons of ads more than something to keep my attention,negative
"It is impossible to cancel subscription, even for the deceased.",negative
I've renewed this magazine for my mom and she LOVES it!,positive
The best magazine ever. Lot of articles which I found every time very interesting....Full of beautiful photos..,positive
OPRAH! Must have every month.,positive
I love this magazine on line . It is very assessable on line anytime ready anywhere I am.,positive
crappy mag,negative
"Although the magazine received lots of coverage and advertisement, I don't think it lived up to all its pomp and circumstance. I lost interest in its content pretty quickly.",positive
Was the best magazine ever,negative
I did not want auto-renewal so I cancelled it.,negative
"Felt like it was mostly ads, sadly.",positive
This is a good magazine with lots of helpful information.,positive
The magazine's quality has declined in the last two years. Much of it is repetitive and predictable. No longer relevant.,positive
"DID not order this item ,please remove from my account. I do not want this or any other magazine from you.",positive
I like the content and is very easy to navigate through the electronic version.  I would recommend rides to anyone.,positive
This magazine is awesome. I love that it hits so many topics that effects women of all ages. Thanks for the variety,positive
I love the articles and products reviewed in this magazine. The fashions are super and subjects for articles are always great.,positive
There wasn't anything interesting to read in this magazine compared to other magazines.  I would not order another one this was my second try in reading this,negative
This is a wonderful magazine.  Purchasing from Amazon was the best!  I highly recommend it!  The articles are interesting and well written.,positive
"Now I know why I paid $5 for the subscription. There are more ads in it than stories. I love real life stories, not look at things I can't buy.",positive
Ordered in December.  I have yet to get a magazine.  I think I made a big mistake.  No answer as to why I have no magazine.,negative
i CANNOT TELL YOU HOW THIS MAGAZINE IS AS ALL i GOT WAS A LETTER THAT THEY WERE BACKED UP ON ORDERS AND WOULD RECIEVE IT LATER. THAT WAS MONTHS AGO.  WHAT HAPPENED.,negative
"It's Oprah! Besides it's always filled with lots of tips, food, clothing, jewerly, places to go and of course books!",positive
I have been a devoted Oprah Magazine subscriber for years.  I was very dissappointed to learn that I have to pay for the print and digital copy.,negative
"I have yet to see a copy of the magazine or any confirmation that a renewal has been made, so the jury is still out on this.  So far, not impressed.",negative
I renewed this magazine for a great price - couldn't ask for a better deal.  I have been getting this for years!,positive
So far every issue of O Magazine has been filled with alot of interesting articles and great advice.  I look forward to receiving it every month.,positive
"Never got one issue- tried to cancel my order and it has been 5 months- nobody writes back
They take your money and never send!",positive
"I ordered a gift subscription at the Amazon $5 rate, and 8 months later, not a single issue has been sent, and not one reply to any email requests for explanations or refunds.",negative
I have not even received the ordered item and it was ordered over a month ago.  Kinda tough to rate or get excited about it.,negative
This magazine has lot of good stories and tips. Easy layout to the magazine as well.,positive
"I, also, ordered this magazine from Amazon for one year but have not received any issues.  Seems to be a recurring theme.",negative
How can I review something I have not received?  If Amazon is not going to send me the magazine refund my money!  Should be no star.,negative
I still have not received my first issue and it's been 2 months since I placed the order.,positive
receiver of this gift has not received the gift and it's been more than 30days from ordering and paying for the gift by me.,negative
"Today is February 12, 2010.  I ordered this December 15, 2009.  Have never received the first copy--when can I wxpect it?",negative
"I would review this magazine if I received it!  It's been two months, and I have not yet seen one copy.",negative
Ordered this mid december and it is now February 3rd and I still have not recieved my magazine.,negative
I ordered my Oprah magazine subscription a month ago now. I still haven't recieved my first issue. Still waiting......,negative
I suppose it is ok.  I ordered it on Dec 15th and have not received it as of Jan 17.  I have paid for it so I guess it will show up soon.,positive
I was very happy to find such a great deal on one of my favorite magazines. I can't believe I have gotten two issues so soon.,positive
Absolutely the best price I've seen anywhere - $24 for 2 years ($12 for a year). Much more affordable than the magazine publisher offers!  ~ Jan,positive
"Now I know why Oprah has so much money! All the advertisements in her magazines! It is literally flooded, and it's hard to find the next article.",positive
I bought a subscription to 0 Magazine for my mom on Mother's Day. She really enjoys it,positive
"This item was ordered as a Mother's Day gift, and has not yet (as of 5/29) been received",negative
"The O magazine is great and Amazon offered a great deal.  Great articles, pictures and enjoyable to read.",positive
"I bought a subscription for my mom, and she loves it.  What more can I say?",positive
"I am sure this will be a great magazine, but I have not received my first issue yet.",negative
"This magazine is wonderful.

It gives me information on fashion, cooking, furniture, etc.

This is the best magazine that is perfect for any woman",positive
Always on point with the latest trends. I look forward to every issue!,positive
New Beauty mostly advertisement needs more research information.,positive
Products advertised are high end and not affordable to the majority.,negative
Never ordered this,negative
Both as a gift but I think it is over priced for all that is in it.,positive
Not what I had hoped it would be.  Did not renew....,negative
The quality of this publication has suffered greatly over the years.  I subscribed for years but would not recommend it to anyone now.,negative
This magazine does not meet our needs and do not wish to renew.  The magazine of the past was more suitable.,negative
Hubby's favorite magazine.  Getting it in the mail is way easier than having to go to Walmart (the only place that carried it) every week!,positive
"Not exactly what I expected. Actually not even close. A bunch of crappy ads for surplus military stuff, black guns, etc. I thought I was going to get some news about shotguns.",negative
I feel like Women's Health isn't a true health magazine anymore. It's more like a trashy Cosmo with more focus on losing weight...doesn't exactly inspire me to get to the gym.,positive
Can't get rid of them  worst than Facebook to cancelling.....,negative
Tasteless!!! As bad as a porn magazine. Now i cant have books on here for my kids. Just disgusting!!!!!!!,negative
Awesome!!,positive
too many insinuated swear words - I don't need that in a health / wellness magazine.  For example WTF is used often and other items - no thanks,positive
My niece ordered it off my Kinda never wanted it not impressed at all,negative
Format difficult to read.,negative
Articles lack real content,positive
I did not knowingly purchase this subscription. I do not want it. I don't take the time to read magazines. I have not read this and do not intend to.,negative
"I will be canceling my new subscription this was not what I was hoping it would be, thankfully I am still within the 30 day trial",negative
Great price for a great magazine. I have loved Men and Women's Health for as long as I can remember.,positive
I did not want to buy this it I s not what I like it's not what I look a t,negative
Why does Women's Health seem like nothing more than an ad for the latest trendy product or device month after month?,negative
I actually received a renew email concerning the subscription...out of 10 magazines purchased I only received 3.,negative
To much advertising. Not enough information. Will not renew.,positive
I do not wish to get this on a monthly basics. Please cancel.,positive
"Great magazine!  This is one of the best magazines for people living with diabetes.  Very informative, good recipes too!",positive
"WE HAVE BEEN PATIENTLY WAITING FOR THIS MAGAZINE, WE HAVE NOT RECEIVED IT YET! CAN YOU PLEASE SEND IT TO US.",negative
I got this for my 88 year old grandpa for Christmas!  He loves it and we love listening to his stories about the war!,positive
"I am sad it takes so long to send me my first issue-\

Sure it would be good if I was ever to get one?

Dave Tuman

New Bern , NC",negative
Great magazine with lots of information.,positive
Still waiting in the magazine to show up. Ordered two months ago and have only gotten an email about the online version on it.,negative
"I have not received anything from this magazine yet.  According to past reviews, they are very slow at starting the subscription and I guess thats correct.",negative
THIS IS A GREAT INFORMATION SOURCE.  HAS SO MANY NEW IDEAS TO USE ON YOUR CAMPING TRIP.  JUST LOVE THE NEW MOTOR HOME REVIEWS,positive
the company let my suscipt run out now it taking them 3 months to get me back on? no notice that you at the end of your year! It like they really don't want your business anyhow?,negative
ads ads ads,positive
"Wonderful magazine. Wide variety of subjects. How about some Northeast camping that's not all Maine seacoast. Talk about Upper NY, Vt., NH.",positive
"I don't know why I was asked to review this. I've yet to see a copy. Maybe someday it will come, until then it's less than one star.",negative
Great Deal and love Paula Deen's recipes which are easy and delicious.  Paula Deen is always a five rating in my opinion.,positive
I love Paula Dean and her magazine is great also and a good deal on the price from amazon,positive
"I am looking forward to receiving the magazine, BUT it's taking 2-1/2 months to receive the first issue!",positive
I enjoy the articles . The mind/brain is amazing,positive
Dense with information on a vast variety of topics. Well worth every penny.,positive
I love this magazine; it relates to everyday life with great research backup!,positive
"Love it the articles on brain physiology, chemical balances, behaviors and emotions and how they interact with society is
excellent. Content the best.",positive
I love this magazine. It is always interesting and well written.,positive
"Bought this magazine for my dad, he loves it. It comes on time every month and he eats it up as soon as it arrives.",positive
Anyone interested in how the mind works can't help but be fascinated by nearly every article in each issue.,positive
"I look forward to this magazine. Too bad it only comes every other month. If you love learning about the science of the brain, you'll want this magazine.",positive
Limited (boring) articles; too many advertisements; worthless. I will not renew.,negative
I purchased this magazine and I can not get it to show up in my kindle?  What good does it do to buy print & Kindle when you can not use it?,negative
This magazine is a must have for any coin collector.  The monthly price guide is great. The articles are informative and fun to read.,positive
"I can not rate the subscription yet, because I will not get it they say until June 2014. You would think they could get it out a little sooner then almost four months.",positive
Makes me feel like less of a man to read this stupid magazine.  Advertisements and fluff articles.  Like Martha Stewart Living and the New Yorker for suburban men.  No thanks.,negative
"I ordered wrong magazine. Thought I ordered Outdoor magazine. NOt interested in hunting, guns, etc.",negative
"Great magazine for anyone who enjoys hunting,fishing and outdoor activities.",positive
too many ad's,positive
"I really like this magazine. The price was right, so I took a chance & I really like it. I will be renewing.",positive
I have bee a reader since the 60's and it is not nearly as good as in the past! The size and content is much smaller.,positive
"Mostly it appears to be just a long advertising brochure .  Would appreciate more ""how to"" or ""did"" articles without an underlying ad theme.",negative
"great magazine. my bro loves the articles and the gift. He spends all the time he can in the woods, so this is the perfect magazine for him. yeah!",positive
I have NOT RECEIVED any copies of this magazine from the publisher as of  today's date  (01-17-2013).  It seems to take a while to get the subscription process rolling.,negative
Dont  like or want it canceled last month no refend very upset.item says cancellation still being processes for about 2 months now .,negative
I renewed this subscription on 11/30/2013 and the magazine did not get the payment until the end of January 2014.  Two months is way too long.,positive
I was pretty excited to find this magazine online and wanted to subscribe until I read ALLOW 12-16 weeks for delivery.  Columbus could have delivered the magazine sooner.,positive
Lots of ads. Like a little vacation.,positive
Not as good a mag as it used to be,positive
This was a gift for my wife and she has enjoyed it.,positive
Liked the magazine very much.  Decided to get a subscription!,positive
Very disappointed. It's nothing more than an advertisement for international resorts.....I will not renew.,negative
It's a lot of very expensive stuff. I live near the beach but I can't afford a $500 umbrella stand.,positive
Best magazine for anyone who loves the coastal way of life!,positive
"Disappointed.  Way too many advertisements.
We own a vintage beach house. I was hoping for more articles on average coastal homes and towns. Not just high dollar properties.",negative
repetitive if you have received it for a long time!,positive
Coastal Living is my favorite magazine.........love it!!!,positive
Always love this magazine,positive
Too many ads and not enough product content,positive
"A LOT thinner than this magazine used to be, still just as many ads. Wondering if I could find just a much content, if not Moreno Pinterest.",positive
Lots of advertisements,negative
Tried to cancel,positive
This magazine is one big ad.,negative
way too many ads and way too little information.,positive
I love everything about Coastal Living!,positive
"This is a great magazine with more helpful hints, wonderful destination suggestions and all without gobs of ads. I read out from cover to cover.",positive
I can't wait to get this almost every month.  It's colorful and full of wonderful ideas even if you don't live close to the beach.,positive
"Coastal Living  is a great read!
I have gotten it for many years and love it. Living in Hawaii is as coastal as it gets!
Hula Girl",positive
This magazine is on constant renewal for me. It is the best take me away magazine. Highly recommended for all.,positive
Love this magazine not only for the decor but also for the recipes. We live at the Jersey Shore and a friend recommended this magazine.,positive
"this was an awful magazine..nothing like what it used to be...very few photos, seems almost unprofessional now somehow..i don't read it and am sorry i subscribed.",negative
"Works as inspiration for decorating, cooking, or as a dream get-away moment. I've kept all of my issues to enjoy when the winter snows come.",positive
My wife and I and entire family love the ocean and spend as much time as we can near water. This magazine makes us feel like we are right on the ocean edge.,positive
"Love, love, love this magazine. I'm remodeling a beach ouse on the coast of GA and this magazine gives me so many good ideas.",positive
"Tried it to see what it had to offer.  I found it lacking, too many ads and not enough substance.  Did not renew my subscription.",positive
"For people who live or want to live on the Gulf of Mexico coast, this magazine provides helpful articles on decorating and landscaping.",positive
"Subscribed to this magazine and after receiving many issues, I'm not the least bit impressed.  It's a very slim magazine with very little in it.",negative
I have read this many times and order a year and still have not gotten one copy!  It is now mis oct!!,negative
I ordered this on Sept 13.  Today is Oct 14.  Have not received the first issue yet.  I will submit a review after the first issue arrives,positive
I subscribed to this magazine in February 2014 and have yet to receive a single issue.  It is October 2014.,negative
this is awesome if you have chickens or are thinking about getting them  great info you can really learn alot,positive
"informative; not too complicated; easy to understand; helpful to both T1 and T2 diabetics and families, newly diagnosed or long term.",positive
"I can't wait to get the magazine in the mail.  Wonderful, easy to make recipes.",positive
I love rachael ray every day it has a great recipes for me to try and healthy too for me and my family,positive
Was really disappointed in the amount and variety of recipes. This magazine used to be the best !,negative
"Rachael Ray Every Day magazine
I love this magazine and will recommend it to others.",positive
is was very thin and not very many recipes.,negative
dissapointed in recipes,negative
"It was a Christmas gift to my sister, she enjoyed.",positive
So many ads not enough recipes.,negative
I love Rachel but her magazine is more advertisements than anything.  I won't be renewing.,positive
"Company was great to cancel our subscription, but this was short on engaging content and long on useless ads",negative
It is great! I love the recipes that are included. I will renew my subscription.,positive
Too many ads!,positive
where's is my kindle magazine?,negative
"There are not many actual recipes, mostly ads.  A lot of recipes call for things that can't be found easily or are expensive ingredients.",negative
Love this magazine!! Love Rachael Ray!!,positive
Poorly organized,negative
Delivered as advertised.  VERY Happy!!,positive
Have always had an interest in archaeology and this way I can visit sites and vicariously enjoy them.,positive
Nice magizines. Plenty of interesting  articles .,positive
"Love this magazine, and the EASE of management of my subscriptions through Amazon!",positive
I love this magazine !,positive
"Ordered as a gift for someone who doesn't need 'stuff'
She loves it, loves the articles, loves the recipes.",positive
i love this magazine. it keeps me abreast of the major finds in the world which i find interesting and informative.,positive
Purchased this as a Christmas present for my boss and she loved it. She loves Rachel Ray and the price was definitely right. I will plan on doing this again as it was so easy.,positive
Didn't care for the magazine.  Too many ingredients I don't normally have on hand.,negative
The food looks great and is simple to make.  Rachel Ray makes recipes easy for anyone to follow.  And the food............,positive
I DID BOOKMARK A FEW PAGES FOR FUTURE REFERENCE - BUT THERE ARE A LOT OF ADS - I'M NOT SURE YET IF I WILL CONTINUE MY SUBSCRIPTION,positive
Not sure what I think of this... I either did not order it or accidentally ordered it.  I have no use for this magazine and I certainly hope I am not charged monthly or annually.,negative
.I renewed Every Day because of an issue I read and liked.  When I received my subscription I found nothing to my taste.,positive
"It's just that I still have not recd one issue! I forgot I even ordered it, that's how long it's been! And apparently I won't get an issue until sometime in JUNE!!!!  REALLY?????",negative
Very good food magazine. My daughter and son-in-law also enjoyed the magazine. Gave them a subscription because they enjoyed it so much.,positive
"I love, love, love RR magazine.  Can't wait for smell vision when she is cooking on television. The recipes are good and easy.",positive
"I am very disappointed, I have not received my first copy yet...I am hopeful it will come soon...I KNOW i will LOVE the magazine...just waiting...",negative
didnt like the format overall...seemed like alot of ads but there isnt...its just how the mag is set up...too many thumbnail pics that are hard to see!,positive
"the magazine's not what it used to be... probably not renewing ... so sorry PH, IDK what to say?  sorry",positive
This by far my favorite magazine!,positive
This magazine would be a lot better if it wasn't MOSTLY ads.,negative
Great Magazine has lots of information that will us go self-sufficient.,positive
I've been a big fan of Hobby Farm for several years and I love receiving this magazine in my mailbox!,positive
Love the magazine for its insight into the nuts and bolts of the rural lifestyle.  I expect to renew the subscription.,positive
I really read this publ. from cover to cover as soon as I get the magazine. I have to exert my authority to make my daughter let me read first as she loves it also.,positive
Great magazine full of insight and informative articles.  A must read for the diesel enthusiast.,positive
"This mag has good photography and stories, for automotive enthusiasts. I would recommend this to anyone who enjoys reading up on the latest motor trends.",positive
"Automobile magazine is by far one of the best car magazines around, really glad I subscribed again to this one.",positive
Been a subscriber for a long time and it's not what it used to be after ownership changed.,positive
The only thing I was unhappy about with regard to this order is that I was not able to cancel it - I made this particular order in error.,negative
"They brought ""partial"" nudity back...why so prudish?",negative
This is not the Playboy you knew before. Horrible idea to remove the nudity and all the classic articles.,negative
"never liked play bore lol it shows nothing i want to see on a woman's body
hustler and taboo are for me",negative
garbage.  they took a once great icon and turned it into left wing ding bat toilet paper,negative
"Political correctness kills a great magazine.  Dull lifeless teens flashing.
50 Cent on the back cover selling Effen vodka!! really?!",negative
"It's a huge disappointment.  No jokes, no cartoons, no titillating content, no reason to renew.",negative
I am disappointed with the new format,negative
"Just canceled subscription, which I have had since 1975. Playboy killed the magazine. Politically correct, my ass!",negative
The new playboy sucks. I prefer on 50 years old to there new floormate.,negative
"The ""new"" Playboy is an abject failure. I might as well subscribe to that lame and boring rag Esquire. At least it is a lot cheaper.",negative
Hate the new format.,negative
Didn't realize how much of this magazine was ads. Some of the other features reek of sponsored content as well. Disappointed.,negative
Canceled subscription once Playboy wussed out and removed actual pornography.,negative
0 stars.  As of the last March issue playboy is now a no nudity magazine.  They also removed the good jokes and comics.  Its now worthless.  Canceling my 10 year subscription.,negative
I dint buy this !,negative
Only recieved 3 issues out of the year,negative
Not as good as it used to be. Kind of disappointed in it to be truthful.,positive
"what can I say? great magazine, great deal",positive
Made my 85-year-old father-in-law smile.  I'm his favorite.  :),positive
I got this as a gift for my brother for Christmas and he loved it!,positive
"I have been a loyal subscriber for more than 10 years, if you want a great men's magazine amazon has one of the best prices.",positive
A Great magazine and at a perfect price.  Its definitely a buy if you are thinking about indulging your curiosity,positive
"The magazine is over rated and not worth the money. I will not renue , will also cancel my amazon account.",negative
"I still haven't received an issue yet. Said the first issue was due on jan. 7th, it is now the 27th",negative
"This is my wife's subscription. The magazine has great articles, seriously. The interviews are always great and in-depth. I love the jokes throughout.",positive
"playboy has great storys, great information and lets not forget  beautiful women. whats not to like a very classy magazine",positive
"It's a magazine subscription, what's to say, it shows up on time, and every month, if you like it you do.",positive
I still have yet to recieve my first issue.  I've recieved 2 of another magazine that I ordered at the same time.,negative
"I bought this magazine for my 4 year old Granddaughter as a Christmas gift, she was thrilled with having mail come for her and she has really enjoyed the magazine.
Thank you.",positive
"my great granddaughter loves her magazine and anticipates each new arrival. She is 3+ and well into the magazine
and all it offers.",positive
"I'm waiting for this book for long! I didn't get the book and any messages from the seller.
want to know when I can get this item!! I purchased it more than a month ago!!",negative
Dumbest magazine ever.  Sorry I ordered it,negative
Us Weekly cannot go a week without a Kardashian on the cover.  I am sick of hearing about this family.  I didn't renew my subscription.,positive
I never could access the site.,negative
Was ordered by mistake. Couldn't find anyway to cancel,negative
Horrible . Waste of money,negative
This gossip rag is such a fun guilty pleasure to thumb through while on the treadmill.,positive
I really love this magazine!!!!!,positive
Super bargain. The wife loves this magazine.,positive
US doesn't pack the lunch that people does -- too many ads and not enough pix and gossip.  I plan on cancelling this as soon as I can.,positive
"I love this mag!! The pictures are great, the articles are interesting, I have no complaints! Thanks for providing me an opportunity to purchase for my kindle ap.",positive
"I haven't even gotten it yet, I see the new issue out but mines not here..very disapointed. I should have it by now.",negative
I love this magazine...you can say I am addicted!  I only read the ones that I think are trustworthy with their information and this is definitely one of those!,positive
This is my favorite magazine. I am happy so far with the renewal.  I hope the renew will be added to my previous subscription.,positive
I had a bad case of the flu and needed something to read while ill that required no brain power.  This certainly filled the bill.,negative
"I'm still waiting for the newest issue of US Weekly.  Some weeks the issue is fast, while others take awhile.  This is frustrating and should be fixed for a weekly magazine.",negative
I am still waiting to receive the latest US Weekly issue on the kindle. Its on the newstands but not on my kindle,negative
This is my favorite celeb magazine!  Much better to get it here and pay much less than at the checkout!,positive
I wait every week to get this magazine in the mail.  I absolutely love to see who's wearing what and who's squabbling with who this week!  Definitely an awesome magazine!,positive
My subscription came sooner than the date specified. Very happy with my decision to subscribe through amazon.  Best price I have ever seen anywhere!! Highly recommend.,positive
I've ordered the Us weekly for a 3-month period. I have missed 3 issues already with 2 months in. Not impressed with its delivery to Vancouver!,negative
It is rediculous that an order placed on-line should take 4-6 weeks to be delivered.,negative
Never ordered! I hope I wasn't charged!,negative
"Buyer Beware!
Deserves zero stars.
Cosmo is a pornographic mag disguised as a women's publication.
Didn't know amazon was in the porn business ):",negative
I love Cosmo. One of my favorite magazines since I was 21!,positive
The article were Interesting the fashion ideas were helpfully,positive
This mag is a total waste of paper. One month is just a copy of the previous month with a different cover,negative
This magazine should be covered as any other pornographic magazine. Just the title of the articles can give you an idea of the vulgarity in it.,negative
"cancelled my subscription. The Magazine turned  in to a trashy tabloid Mag, writing a story to get clicks, by slamming good people  without checking facts.",negative
"Ripoff!  Will not download, then asks you to subscribe or buy the issue KINDLE UNLIMITED should not list this mag as part of the UNLIMITED  issues.",negative
"Mostly advertisement, and bad advice.",negative
My wife loves them best birthday gift ever,positive
"I am wondering if this is the whole magazine, the ones in the store are really thick this was about 1/4 size of the ones in the store",negative
Lousy not much to read boring.,negative
"I will never buy another cosmopolitan magazine again. I cancelled my subscription a while back and after their attack on Ivanka Trump, I am finished with this magazine.",positive
I only got 1 issuse,negative
This is 1/4 the size of the regular cosmo,negative
not the same covers as at the grocery store. UGLY,negative
wont be ordering again.  should come in a brown cover.,positive
I love Cosmo!  It's by far the best womens magazine out there.,positive
Mistake.  Not for me.,negative
Having problems downloading to my device,negative
very good and thanks,positive
"Used to be an OK mag, but now it's just trash, filled with ads.  Worse than ever.",negative
Great magazine!!! I have loved it for years. :D,positive
"im rather disappointed at how bored I was reading this. I have thus, switched to Fitness (now bought by Shape) and love it!",positive
I've loved this mag. Since I was young. I love even more the e-reader version. No paper wasted!  I wish it did have a page selection. To go back and forth.,positive
Difficult to navigate on kindle fire compared to other magazines.,positive
Lies about birth control and abortion,positive
Too many ad's and not enough articles. Many years ago when I read Cosmopolitan they had some informative articles I do not find this is the case any longer.,positive
"This magazine publishes the same thing. I think I probably only subscribed for a cute bag, most of the magazines went straight to the recycling bin.",negative
Always loved this one!,positive
"Crappy magazine, got the subscription for free.",negative
Useless magazine. Too many ads. Disappointed.,negative
Cancelled. Too much filth,negative
"Awesome sex tips, funny stories, sexy pictures, great workouts, and a decent price for one! I loved using it on my amazon tablet!",positive
"If you read one copy of Cosmo you've read them all. I didn't even get the 12 issues promised with the subscription price (I got 10, maybe 11).",negative
"Perched cosmopolitan with visa, says on my orders that it is confirmed. Cosmopolitan did not show on my Kindle Fire. What went wrong? Please give me feed back. Or my money back?",negative
Haven't gotten a single magazine yet. Not sure what is going on or even that I bought this. Little worries to see this,negative
Sex every single page. Seriously this magazine needs to arrive in a black bag because it is comparable to porn.,negative
"I was not satisfied with this because I never even received a single magazine from this purchase, tried to report it twice nothing was done.",negative
I got this one year subscription on sale for $5 and I am very happy with it. Getting it in the mail is a plus!,positive
"I do not enjoy receiving the magazine after I already see it at the store. I thought if you ordered it in the mail, you will get it a little BEFORE all of the stores.",positive
I ordered this subscription and never received even one issue. I don't even understand how it's possible that they could charge my Dad's card for it.,negative
I love this magazine. And I received this year subscription for less then $15. Saving me a lot of money yearly! Always such good articles!!,positive
i got a year of this for only 5 dollars what a deal it beats paing 4 dollars each month at the store,positive
This was a wonderful deal and an awesome magazine. I would get this again if the opportunity presented itself. It was the best price I had ever gotten on the magazine,positive
The first two magazines they sent me were ones i had purchased before I signed up for this subscription so that was a bummer,positive
"my daughter really like this magazine enjoys reading the articals and finding new trends and the great information ,we highley recomend it",positive
Was horrified to find this trashy mag in my mailbox. The maillady now thinks I read Cosmo. Ugh. Don't know where 2 yr sub. came from but I won't be paying for it.,negative
I love this magazine and thought it was a great deal for the year subscription! I will write a new review whenever I actually receive my order. Thank you,negative
I got this magazine subscription for super cheap and I'm so excited! It comes every month just like it is suppose to and I am really pleased with it.,positive
Great price for cosmo mag. Great info and great advice topics. Love the pictures of clothes and where to get them. Also low cost alteratives to the real clothes.,positive
It was raining the day my mag was delievered so it was a little wet. In the past I got mags and they came in a clear plastic bag. Prevents the mag from getting wet.,positive
First off you get it after it hits the news stands which is annyoing. Secondly why can't you just do a yearly subscription? Don't recommend at all,negative
"I love Cosmo magazine, but I ordered it last month and I got a postcard saying I wouldn't get one until July. I am not very happy with that.",negative
I denied any renewal. I will not allow any auto renewal at any time. I have not OK'd any renewal. Your review system sucks,negative
I do not like the fact this is going to be automaticly renewed to my credit card without a notice!!!!,positive
$5 DOLLARS FOR A WHOLE YEAR! I love it. Received my first copy after two weeks. I recommended to everyone.,positive
"I can't tell my story on here as it won't let me but Long story short, I didn't get the product I paid for and the customer service was absolute rubbish.",negative
I ordered this months ago and never received a thing ..... not the first time i've been screwed by amazon,negative
"I bought this as a gift and the 2nd issue was skipped!  Cosmo is Cosmo, so no surprises there.  Hope they get February's issue out.",positive
Who doesn't love Cosmo!  Great articles and the price for the 1yr subsciption was great!,positive
"I enjoy reading Cosmo, but couldn't see spending what others want for the subscription fee. This offer is unbeatable, so I had to buy it from you. Thank you!",positive
I was quite disappointed with how long it took to process this order - over 2 months.,negative
Too many ads and not enough content. The content is just okay. High price. I will not renew.,negative
Haven't seen anything of it yet. If I had know it would take so long I would have rather bought it from a news stand  or book store,positive
I changed my mind and canceled this magazine order it wasn't due to ship for several weeks I couldv'e went to several book stores in all that time.,positive
i have not recieved a copy yet am looking forward to see it when and i it finally shows up,positive
Still have not received the magazine? Tracking says High Times will arrive sometime next month? What's up w/that? Should have given that info. When I placed the order.,negative
Expensive for a cooking magazine,positive
I use enjoy cooking therefore I enjoy the recepies in the magazine,negative
Received my first magazine and there was nothing I could use. A bit disappointed but maybe next month.,positive
CANNOT DOWNLOAD MAGAZINES AS A PRIME MEMBER AS OF JAN.25.18!!,negative
Great magazine and great value,positive
Didn't like magazine.  Too many ads. Not enough interesting content.,negative
Half the magazine is ads,positive
great love this mag can't wait for the next  month,positive
Nothing but ads and repetitive crap articles... Complete waste of trees,negative
Not gong to subscribe to any magazines any longer they are all the same.,negative
Been reading for years - love it,positive
all advertisments,negative
Very up-to-date information/ well written,positive
I have been a user of Family Circle for many years and am glad to get it on Kindle no more piles of magazines in my living room.,positive
Too many advertisements not enough content.,negative
You can't go wrong with Family Circle! Great ideas!,positive
I've been reading this magazine for 25 years and is always a pleasure.,positive
"I was very disappointed there weren't more recipes or articles in the magazine.  Also, I don't like the layout of the magazine as much as I did the layout in past issues.",positive
It has not been in my Kindle yet....I ordered it but has not been listed in my Kindle 2?? Why not?,positive
"I get this magazine for the great information it has for my life.  It is extremely reasonably priced, just cant beat it.  One of the best!",positive
never realized how many advertisements are in this magazine ..... and not that many articles.  decided i don't want to pay for the subscriptions.,negative
"Family Circle has always been Family read in my home!! Always full of great tips and recipes, and well put together.",positive
It has various articles - a little bit of everything. I love the cooking section and recipes are great .,positive
"I love this magazine and it's even better delivered to my door! Love the articles and the recipes. I couldn't beat the great price, either!",positive
"From the advertisement cover, I thought there would be more project related stuff in it.  There were too many advertisements in the magazine.",positive
the subscription got all messed up 2 issues coming at a time; also the magazine isn't as good as I remembered.,positive
"One of the best magazines still on the market, been buying it for 30 years Love all the articles and especially  a lot of the recipes....Highly recommended!!",positive
I would not renew my subscription to Family Circle.  there are too many ads and not enough articles to interest me.,positive
The pages are so small that old eyes have a hard time . . . also you can't print out the recipes.,positive
I love this magazine for the colorful pictures of food that they have recipes for. The recipes are unique and a lot of fun for parties.,positive
"Excellent magazine for the price. My first issue has some nice projects, ideas and really good recipes and hints. It really meets my expectations.",positive
Unfortunately I didn't like the contents of the magazine . Pretty boring I got my first one yesterday and it's already in the trash ;-(,negative
Could not tell if I was looking at a magazine or just a sales brochure for stuff.  Could not find any meaningful content in the publication. It sucks for a magazine.,negative
This turned into a womens gossip magazine won't renew,negative
I enjoy the magazine especially movie reviews andbook reviews.,positive
I cancelled my subscription because I thought it was very boring.,negative
"Honesty, I don't care for this magazine. Probably my bad. I expected a little more variety .But probably just my taste is different.",negative
So so magazine.  Perfect for a waiting room.,positive
Entertainment Weekly will always met my expectations!  wonderful magazine,positive
Sorry - just too much Conservatives and Trump bashing to support it.,negative
Love this magazine.  It keeps me up to date on everything I love.,positive
Awesome deal! Thanks!,positive
"Not my cup of tea, some of the writers are very liberal and insulting to anyone not leaning that way! Also seems to be geared towards a younger audience, hence my comment above.",negative
"I don't know why I ordered it - even if it was free from several months.  I am not into the entertainment world, don't watch TV and attend very few movies.",negative
"Vacuous, though not as bad as People or Us.  Got it for my wife and she agrees a bit.  Will not be renewing.",negative
I was able to download this one time. After that it would download 1 percent and that's it.  I tried everything I could think of but nothing. Does not work.,negative
I love reading my Entertainment Weekly magazines! What an awesome price!,positive
"The very best of the entertainment magazines. Movies, music, books, tv. This one has it all.",positive
not so good.,negative
My favorite magazine ever!,positive
My favorite magazine at an all time amazing price!! Thank you Amazon!,positive
Best Magazine EVER!!!!!! Will ALWAYS have a subscription!,positive
Got charge higher for a year's subscription here than in their own website. EW will give you 2 years for 1 year here... [...],negative
"Few articles or substance.  Why not merge with People and call it a day?
Zero interesting articles.....very little guidance or recommendations........
Will not renew",negative
My favorite magazine! I love everything pop culture and entertainment weekly covers it all.,negative
"The wit is gone. I used to find it throughout the magazine, and save it for a friend. Not anymore! Please EW, change back.",positive
"I LOVE this magazine!! It covers everything!  Great reviews of movies, books, TV, DVDs, stage and more.  Also articles on select topics. It's awesome!!",positive
best magazine out there,positive
Best and only Entertainment magazine worth reading,positive
My family loves this magazine and it is a great subscription price through Amazon.,positive
I love this magazine and it is so convenient to have everything handled for me. Great job!,positive
"Very buggy for kindle fire (not HD). Weekly Cheat Sheet(formerly what to watch) NEVER works.
Also, you can't zoom in on photos.
Bad app.",negative
I love this magazine and have been subscribing for about 9 years.  It is great to read all the articles so I know and can plan what entertainment I'm going to enjoy.,positive
The best bargain for this type of magazine.  Easy to read with great photos!  A lot of fun reading for a great price!,positive
Have had a subscription for years....I'm always writing down movies to tape for later or books to put on my Kindle.  Love every issue!,positive
"This app was ""upgraded""
I had to re-sign in...lost all my previous magazines from them AND couldn't download the current issue!!!
I'll read it in hardcopy from now on!",negative
I love the digital version and how interactive it is! Very user friendly and budget wise is excellent! Highly recommend.,positive
The best! Entertainment Weekly is the one must-read every week. Definitely get this subscription.  Movie and TV previews are terrific.,positive
"Awesome. I especially enjoyed all the hotties in the magazine;)
I like that this magazine has many different things to look at.",positive
EW is the best magazine available in America for those who love all things entertainment. It's something I read devotedly. Thanks for having such a great deal on it!,positive
"It's reasonably priced.  It's always a great issue and it's part of my weekly routine.  You can also download it to your iPad, iPhone or Android device.  Amazing deal.",positive
"Love this mag.  Snarky, funny, informative.  Less of a gossip, more of an entertainment mag. Will keep up my subscription.",positive
I look forward to this magazine every week to keep me up to date on all the entertainment. Great magazine!,positive
I have had a subscription to this magazine for years - it's a must-have!  It covers all parts of the entertainment industry.  It's a cannot put down magazine!,positive
"If you read ""Premiere"" The amazing review Libby Gelman Waxner is now in Entertainment Weekly. Worth every penny for her.",positive
"I have been a EW subscriber for over 10 years, it is the one magazine I can say I read from to back!",positive
This is the best Entertainment magazine out there!  I have been a subscriber for many years now.  Get your copy today!,positive
"Entertainment keeps me up to date on latest TV shows, Movies and Books. Helps me determine which I want to read or see. My favorite magazine.",positive
Great magazine and you can not beat this price. Excellent delivery service.with auto renewl you always know you are guaranteed the lowest price.,positive
"I ordered this for my junior high library, students and teachers love it - clean, well-written, and can't beat the price!",positive
"Have bought this magazine for years. My boys love looking at the movie ratings in this magazine. Easy reading and it comes weekly, so everything you are reading is current",positive
"This is a great magazine full of informative articles and tidbits of entertainment information based upon factual information without the ""fluff"" of gossip.",positive
Purchased mail order subscription for children.  You broke their poor little hearts.  They looked in the mail every day and never received one issue.  Heartless and evil.,negative
I love this magazine! I read every issue from cover to cover and always learn something new (usually several somethings.),positive
I subscribed to this magazine for my sons when they were young and now I get them for my grandsons.  Wonderful books.,positive
My grandson loved his subscription. Very educational and fun at the same time.,positive
awesome!  purchased for my 4 y/o grandson.,positive
My da igniters favorite magazine for her 4 & to year old,positive
This is a monthly subscription. Catholic daily devotional following daily Scriptures etc.  Also includes Beautiful writings and reflections by recent and past great writers,positive
Doesnt work well on Kindle because its basically photocopies of the magazine.,negative
They cancelled my attempt to subscribe.,negative
Sorry...not happy with with People Magazine...too liberal for me and they turned me off when they slammed President Trump...they suck up to liberals big time...won't renew it.,negative
I wanted to read the story of Audrey Hepburn otherwise sadly People has become far to political as has almost every other publication out there.,positive
Took an awful long time to renew,positive
I don't read this magazine.  I think people need to pay more attention to their own lives versus supporting those that are already in the spot lightl,negative
Love it! Subscription came earlier than originally expected.,positive
expensive,positive
I'm trying to download just ONE issue but I can't anymore for some reason.,negative
Will never buy this magazine again,negative
This will be the last time. The way too obvious political bias is more than we can support.,negative
love this magazine!!!!,positive
I WAS CHARGED FOR ANOTHER YEAR OF ONLINE WHEN IT COMES FREE WITH MY PAID SUBSCRIPTION.  REALLY AGGRAVATES ME.,positive
to many adds  will cancel don't care for it,negative
"Love people mag, my absolute favorite!",positive
I look forward to the magazine every week.,positive
"Usually love reading People Magazine, but this issue is lacking a lot. Back to the drawing board for you all.",positive
This magazine was ordered for my mother and she loves it!  It has lots of photos and stories she loves.  Well worth it!,positive
Price is too high for the bleh stories.,positive
It's the best,positive
Great service. Great magazine for my salon. Love the auto sign up,positive
Not much in people any more!,positive
Already having trouble with People and their billing department.  It's a nightmare!,negative
"Tried it, but nothing like it was a few years ago.  No articles RE anyone older than 30, so it's just for teenagers and young Hollywood types.  No substance.",negative
The magazine is to expensive,negative
Probably the least well written of all the hunting and fishing magazines on the market.,negative
was unable to read magazine it would not open only opened to shop advisor,negative
Really enjoy the profiles and stories. My favorite is book and movie recommendations,positive
Takes forever to download.  Have not been able to open the download.  Have stopped purchasing the magazine .,negative
Did not like. The people in the magazine are not worth writing about!,negative
"I purchased a People Magazine through my Kindle Fire.  It would only load the first few pages.  I tarried several times, but was unable to receive any pat of the magazine.",negative
Thumbs down,negative
I like the paper version better and the yearly price is ridiculous!,positive
"Fun, good pictures and entertaining!!",positive
Could not download. Might be my server.,negative
"EASY TO USE & READ, JUST LIKE A REGULAR MAGAZINE!!",positive
"On the order of People Magazine, enjoy reading it.  Was offered free on my Kindle, and I'm glad I ordered it.",positive
I expect eyes popping pictures but was disappointed due to low resolution pictures. I don't think I'll go pass beyond trial issue.,negative
"typing too small to read, cannot be enlarged like other mags......wont be buying too often, will buy other mags now",negative
I can't get it on my ipad only my phone.  Will only be using the trial period.,negative
I don't want this!  Please remove it!!!!!,negative
I was bored and thought I'd buy a magazine.  I paid no attention to the price.  Not worth $4.99...not recommended,positive
Just another dirt rag,negative
GREAT LOVED IT-WONDERFUL-SUPPER,positive
Love the magazine and absolutely love the price!!,positive
I have lost all past issues that I have not read and apparently last week's which I have not finish.  Kindle app bites!,negative
MUCH CHEAPER THAN THE NEWS STAND!!! GREAT DEAL!,positive
HARD TO READ ON KINDLE FIRE,negative
Mostly irrelevant  rubbish,negative
Just like having the magazine in your hand. No need to carry a stack. Great for any one on the go.,positive
Why are the same people featured over and over again in these magazines? I'm tired of hearing of kim and her obvious plastic surgeries!,positive
"If I could download the issue it may be great. But since I can't, it sucks. I want a refund for all magazines bouGht for kindle from amazon",negative
This magazine worked well with my tablet and had lots of stories and good photos. It arrives in timely style every week.,positive
I don't even remember ordering this magazine so I can not give it a review.  I am not interested in this couple or what they are doing.  I would remember ordering I am sure.,negative
Great gift for my niece. She loves it.,positive
By far the best children's magazine brand around. I have 5 kids so I have tried almost everyone out there. Anything from this company is on point!,positive
BEWARE!-Its NOT 12 issues as advertised. My last two issues were for DEC/JAN and FEB/MARCH. Cycle World doing the same.,positive
Been reading it for a long time,positive
"cannot read the print too small
I cannot do mags on kindle",negative
"Excellent! Informative, insightful and useful",positive
Hope the next issue will be better.  I was a bit disappointed with this issue.  Too much product review and not very interesting articles.,positive
Yes I love this magazine can't wait to get the rest of them,positive
this magazine is not as good as it used to be,positive
Always informative. Good recipes and lots of great tips and decorating ideas.bi have been a reader for a long time.,positive
A whole lot of nothing.,negative
"I purchased this as a fundraiser...didn't realize it was a ""digital"" edition.  I don't care for it at all.  down $ 20",negative
"This magazine just doesn't contain much photo content. I would have liked more issues and more content in each issue.
Generally speaking,  I was disappointed.",positive
One of my favorite women's magazine. They always lots of good and great diy ideas,positive
Some of the best tips,positive
Terrible rag. Did not renew.,negative
Informative and well-written publication.  Very good articles and reviews.,positive
cancelled. too much advertisement.,negative
Wonderful magazine!!!,positive
awesome magzine,positive
Photography magazines offer a great learning experience. This one is no exception. Even the advertising shows great photography.  These always arrived timely in great condition.,positive
I'm trying to give Woman's Day the benefit of the doubt......too many ads so far...not much reading.  Will have to see what other issues are like.,positive
Great magazine and quick handling.  A great way to purchase.,positive
Got for my DH & he loved it! Asked me to renew the subscription because he really enjoyed it.,positive
I love this magazine. Great info and I read it cover to cover.,negative
Trying to cancel this subscription.  Same every month--just different recipes.  Not much to it.,negative
i remember this magazine being alot better 10 years ago... its not so great anymore... i won't be reviewing,positive
Good magazine at a good price. Fairly quick delivery. I would recommend it to anyone interested in lifestyle magazines. It is one of the few good ones left.,positive
"Not much information, magazine is getting thinner every year. Not worth the price. What else can be said about it",negative
Not enough content of food and other interesting articles for me.  I mainly went to the mag for Clinton Kellys info which was a short piece.  I probably would not subscribe,positive
It is certainly not the Women's Day that we purchase in the shops was not impressed just pages and pages of advertisements no stories,negative
I love this magazine. lots and lots of great recipes and craft ideas. There are also a lot of self help information,positive
Lots of great on useful information and tips.  I always find great things to clip and save from each magazine.,positive
"Super Magazine for Homemakers!
Very good articles.  Excellent recipes. Lots of good tips and suggestions for decorating the home. Reasonably priced fashions",positive
"I like this magazine for the recipes. I want quick, great tasting, easy to prepare recipes.  Life is good when the family gets great taste and I get out of the kitchen.",positive
This was a gift to my wife for mothers' day. She wasn't a regular consumer of the mag but seems to enjoy it. Good buy!,positive
Rehash of old recipes and household hints.  Would not read it even if it is given to me.  Waste of my time.,negative
love everything about this magazine. it hit home to familys on food and budgeting! and wonderful food receipts that I plan on making,positive
I think magazine these days just have too many advertizements and so few other content to look at.  The ads in this magazine have too many also.,positive
"I subscribed but don't know when a new issue is out. No ""automatic notification"" on my Kindle Fire. I plan to cancel. Too hard on my brain!",negative
"Would rather have the magazine in my hands
Would not buy another magazine. Sorry just
did not enjoy it. just me!",negative
"Great covers, insightful and well written articles!",positive
Best writing around.  Much nicer companion than the New Yorker.,positive
Pay for ads..wtf,negative
"Lost, Do not purchase",negative
I finally ordered this and enjoy reading it every month. Great articles that are wonderfully written.,positive
it is one of the best Christmas gifts I gave my wife. It just keeps on giving with each issue.,positive
A great journalistic periodical....timely Jewell.,positive
"I bought this copy of Atlantic for an article I had heard about, on the subject of political correctness. The article was poorly written and quite shallow.",negative
"Love the Atlantic, great writing and great subjects.  Enjoy each issue.",positive
Best magazine I found so far.,positive
"Enjoyed the diversity of topics, and the well written articles.  Gave me pause for thought.  Look forward to the next issue.",positive
This magazine was a great Kindle read one afternoon with reading time!  The formatting for the kindle was also excellent.,positive
Great writing by insightful and thought provoking people.  And now I can get it on my Kindle. I love this magazine.,positive
"The September issue has been out for a week or two, and still no kindle edition.  Definitely not ""auto-delivered wirelessly when the physical issue hits the newsstand.""",negative
"It has more ads than content, I think it is one of those magazines made for rich people, but I do not think they have the time nor the desire to read them...",negative
What can I say? One of the best decorating mags around.,positive
Great having the mag in line!,positive
Cannot read it on my kindle.,negative
Excellent Decor magazine !,positive
not what i expected. mostly ads. no decorating ideas,negative
my lady loves this magazine,positive
A lot of advertising.,positive
unless you're rich and you could bring it all to life with your unlimited bank account..,negative
I Love all the ideas of home styling it has been a big help when decorating my house. Thank you,positive
"I did not receive it!  If I did, where is it?  I subscribed to this magazine because I love all thing ""Elle.""",negative
Fantastic trial price! There's always plenty of inspiration in the magazine. I appreciate the fast service when ordering magazines through this site.,positive
Love this magazine. Always reviews the latest trend and I can count on Elle to introduce new designers. Thank you.,positive
I always enjoy receiving my Elle to check out all the hottest styles and home trends and decor - I love it,positive
"This magazine gives great ideas and inspiration for design and decor.
It is, by far my favorite decorating magazine ever!",positive
I bought this for my niece who's in her twenties. She moved into a new apt and absolutely loves it!,positive
There seems to be only pics in magazine.. no real articles and even the pics are not of interest to me.. . did not find it useful,negative
"I received my first issue and it's just rubbish. It's relatively thin for a magazine, and it's just full of advertisement and hardly any contents.",negative
"The magazine has great, up to date ideas for all parts of your house - inside and out!  Love it.",positive
If you are like me there is no such thing as too many decorating magazines.  I have subscribed to this one for years and it is well worth the price.,positive
I only received one issue!!!!!!!! Then received a bill to renew!! Not Happy!!,negative
"Started getting my magazines already! Loving them. Fab price as well. Lots of neat things, ideas and such inside. Def worth keeping.",positive
"It is not the magazine of old.  So many advertisement
 No crafts like the old magazine had and just plain dissatisfied",negative
I am happy with it.,positive
I keep trying to get my subscription updated. I don't know if amazon is slow to contact Country Woman or if the magazine is. Meanwhile I'm still waiting.,negative
"had seen the magazine inthe doctors office, So decided to order,. Very pleased. Liked the craft info thats in them",positive
I enjoyed this issue very much and I am looking forward to seeing more.  Will probably purchase this for my daughter also.,positive
its useless and I shouldn't have ordered it,negative
Waste of money. Doesn't have daytime listings or what shows are about. Can see the same thing online.,negative
Do not use on the Kindle - wish I could delete it to free up space.,negative
"Abysmally designed, poorly presented, totally confusinguser-unfriendly. A total waste of my money.",negative
Honestly it's 2018 who the everliving crap is buying this?,negative
Disappointed that local channels for my specific location are not included and that programming from 12 AM to 12 midnight are not shown.,positive
"Disappointed it is not a complete daily schedule. Couldn't figure out how to add to Kindle, bummer.",positive
"Very disappointed with TV guide magazine. I don't know when it changed but it no longer lists complete TV programming,only prime time.
It should change it's name to TV News.",negative
Wanted the magazine got the kindle version which I know I did not order since I didn't have a kindle .  Pretty disgusted,negative
Miraculously the first issue arrived as my previous subscription ended so I am very happy.,positive
An inexpensive and convenient way to read the TV Guide.,positive
Only a few channels are listed in this TV Guide.,negative
This is a great addition to new vegetarians! My family loves to read this magazine and the recipes in it!,positive
It was never on my kindle and the guide was no help for me.  It did not list daytime shows and I did not like the format.,negative
We aren't using it as much as we thought we would. Primetime schedule only; no day time.,positive
The program listings for the PBS channel to NOT coincide with our local PBS channel here in the Northwest. So it's a waste of money for us.,positive
Wonderful recipes and great articles.,positive
not much that I've even made in this so I canceled it.,negative
"received 1st copy fine, haven't received 2nd copy, the one showing here in the picture, not sure what happened?!",positive
Good ideas in the first issue. I'm  impressed and anxious for future issues!,positive
"I DO NOT LIKE THE FORMAT, I THINK IT IS COMPLICATED AND SHOULD BE SPREAD OUT MORE AND NOT SO BUNDLED UP.  LIKE THE VERY OLD TV GUIDE USED TO BE",negative
Love every issue. Can't be without. Look forward every week to the interesting stories.,positive
Tooo many ads now.,positive
Way too many advertisements and they don't show anything on until after 7 pm disappointing,positive
Was very disappointed with the magazine.  Had no information about any local programs. Will not order again.,negative
Dislike not being able to dicontinue a subscription to tv guide magazine.,negative
I can not read the TV guide it is too small a print and will not order it again. I thought I was buying the print TV Guide.,negative
"print almost unreadable on Kindle, and lack of a search seriously complicates finding the programs and channels I want.  I won't subscribe.  LSB",negative
I purchased this for my wife and she loves reading it. She watches for the next issue.,positive
We love this magazine,positive
The recipies are nothing I would make. They are yukky and too difficult to make. Alot of the ingredients are difficult to find.,negative
Have always loved this magazine.,positive
Does no have daytime listings and does not identify channel numbers by carrier.,negative
Quite disappointed because it doesn't have all the tv's listing and no morning guide.  Waste of money.,negative
The schedule is wrong as often as it is right. Total waste of money,negative
Very disappointing.  Not like the original TV GUIDE.  No daily listings.  My 90 year old mom found it useless.,negative
Can't do without my TV guide and Amazon is the best place to purchase. Best price ever!.,negative
Always a great magazine and this was the best price around.,positive
Love Southern Living,positive
This is not the magazine it was years ago.  I would not subscribe if it was free.  Just something else to recycle.,negative
Excellent review / reading of upcoming TV shows! Now we're given the additional benefit of finding the edition on our tablets! Wow!!,positive
I will subscribe to this magazine as long as I'm alive! It's a MUST read!,positive
"I love Vegetarian Times - great recipes, relevant stories/articles, good stuff.  Its one of those subscriptions that I will have forever - its great!",positive
Need less adds more information.,positive
They ignored my request to cancel and  continue to deliver an unwanted item and billing me as well.,negative
"only shows week day programs
canceled the subscription",negative
"a gift for my daughter,  She said the recipes look great and will try them in the near future. Thaks",positive
Wish it was interactive. Small print hard to read,positive
"I think the TV guide should tell us what is on during the day and early morning, people work various shifts and not just evening.
Why is this??",positive
i have not yet received  the subscription? how long does it take before it starts coming???? am still waiting for it to come,negative
Bought as a gift for my wife. She loves it!,positive
I have received the print copy but have not received the free kindle TV guide,negative
"It was worthless, wasn't correct for my area.",negative
I have been subscribing to this magazine for years . It is my absolute favorite!,positive
too mugh clutter,negative
Have only received 1 issue almost a month ago!,negative
I have been waiting for my magazine to arrive in the mail. Just wondering why it is taking so long.,negative
Awesome magazine! Always full of new recipe ideas and other great vegetarian info ! Look forward to my copy every month!,positive
"First time ordering Southern Living.  Has many, many advertisements and a few recipes.  I am disappointed in this magazine.",negative
Who doesn't love Southern Living? This is the best!,positive
A must have nowadays!,positive
"Always loved SOUTHERN LIVING, even gave a subscription to my Daughter for years.....then the price went out of sight.....the offer I got on Amazon was well worth ordering again.",positive
Great price....picked up right where my old subscription finished!,positive
I love this magazine - my husband is vegan and I have found fabulous recipes.  I also love to see the wonderful pictures.,positive
Too many ads and not enough actual articles and content,positive
Love this magazine.  This was my first time ordering a subscription from Amazon and I was very pleased with the speed of delivery.  Thanks!,positive
I'm writing this on April 1st. and I orderd on Feburary 18th. Still haven't received an issue.,negative
Excellent  Service .  I am very pleased.,positive
"I love this magazine and the recipes are the best, delicious!",positive
There are no channel #'s next to the programs and the programs start at 6 or 7 pm.  I am very dissapointed with the TV Guide and  won't re-order it.,negative
The subscription process was easy ant the first issue came earlier than estimated .Price was half of a renewal,positive
"I have not yet received a single issue of this magazine. I am still waiting, but I did see that the fees for the magazine went out of my card.
This is bad!",negative
It is not that exciting,positive
"Love this magazine and Amazon is best place to buy it !,",positive
"One and a half month after ordering, I still do not have received the first issue.",negative
Must be 60% Ads,negative
"There is no sports guide for the week, and no daytime shows-it only covers 7pm to 11 pm. Sad.",negative
I love Southern Living magazine.  You can't beat the price through Amazon.  Being from the south it is such a joy to look through the recipes and look at the wonderful gardens.,positive
My wife is a southern belle who now lives up north so she loves this magazine!,positive
"My favorite magazine!! You can't go wrong, even if you don't live in the South :)",positive
"We did pay for it twice, and it only show evening programs.  We do not like this at all.",negative
"It is great to have both print and kindle editions , and it was very easy to order it. The printed edition came when expected.",positive
You can't beat this price for this subscription.  I love getting it on my kindle.,positive
Keep me subscribed! Great mag at a great price!,positive
The TV Guide is no longer a complete listing of the TV shows that are on the evening. It has become a useless publication and I will not my renew my subscription,negative
TV Guide is not the TV Guide of the past...there is hardly any program info...mostly advertisements and gossip..would never consider paying full price for it ever again!,positive
I am disappointed that many of the programs listed in the TV guide are not actually shown as scheduled.,positive
Excellent magazine.  WE love all things southern and miss not living in the south so this really helps!!!,positive
"Waste of my money. Doesn't, even offer daytime listings  not even for weekends. I live in Mountain time zone but this guide is for
East coast central. TOTAL WASTE OF MONEY!!!",negative
very happy with subscription and the pricing is great,positive
NEVER  got  one issue.  pjs,negative
"A wonderful magazine for food, plants, and anything else you want to know about the South!",positive
Our daily paper often differs from what is listed in TV Guide.  And  it's usually correct. Why is this?  I can't rely on the TV Guide listings.,positive
length of time for renewal to kick in seems quite long given today's technology.  price isn't as reasonable either since we are paying more than last year.,positive
"Never a problem with issues, when I renew through Amazon for the past three [3] years.  Highly recommend magazine renewals.",positive
"Love Southern Living! I've been a subscriber for years. Decorating ideas, and recipes the best!",positive
"Not current show times.  Only shows from 7pm posted,  Not useful.  Not easy to use. Very disappointed.  Needs to more like old TV Guide.",negative
"I was sent the guide for the East Coast, not West Coast. No 24 hour listings. Format is too incomplete.",negative
I love this magazine.  I have been getting it for years.,positive
I tried to subscribe.  I never received anything but the first issue.  This does me no good.  What a waste!,negative
Have taken it for years and love it.,positive
best magazine.,positive
This is my favorite leisure magazine for new recipes and garden tips....love it!,positive
great buy on an essential magazine for TV viewing.  I will auto-renew every year through Amazon.  Husband and I share it.,positive
Great articles.  Interesting read. Thanks the digital version for Android.,positive
"The southern living magazine font is too small on a Kindle Fire 7"" and does not allow for zooming like other magazines allow.",positive
I Ordered this Mag for my mom as she couldn't afford it anymore. And she is very happy with it.,positive
"The only text that can be enlarged for reading is the adds. The text for the articles is tiny, disappointing.",negative
"I don't want nto auto enew. It is no value to me. Please cancel it. it is a worhless magazine.

Sincerly John McKean",negative
Can't live without my tv guide. Love the stories and love how easy it is to read the nights setup.,positive
Not satisfied. Some good articles but wanted tv listings for 24 hours. No am listing very disappointing! Bought as gift not what the person I bought it for was looking for !,negative
I love Southern Living! I have subscribed since the late 80s and loved every issue!,positive
did not automatically renew - still waiting,negative
"Often the listings are incorrect. In addition, there is no general daytime schedule for the weekdays or for the  weekend.",negative
I just love what southern living magazine is all about. The wonderful stories to the awesome recipes.,positive
"Not accurate, some shows play at times not listed.  Far too much advertising and B.S.
It's a good thing the price was low.",positive
"I buy this yearly for my mother who depends on her TV for much of her entertainment.
I know she really enjoys it and is commenting on many of the articles.",positive
it is nothing but 7:00PM to 11:00PM. Is not worth the money!!! Don't waste your money or your time on this item!!!,negative
"I was very disappointed. More than half  of the magazine would not download after waiting for 24 hours. I cancelled the subscription .
.
.",negative
Awful way to look at the magazine. Text doesn't enlarge as this app does not support this magazine. Buy only if you want to get frustrated,positive
The best magazine out there.,positive
"I love Southern Living, and am a southern girl. What is there not to love? It is a part of myself.",positive
"Best magazine ever!!  Love, love the recipes!  Thank you Southern Living! Have subscribed forever and never get rid is any of them.",positive
One of my favorite magazines.  I always sit down within an hour of delivery to view the images and read the articles,positive
had to subscribe to a local one for information that was relevant to me in this local area of florida,negative
"Great for all that is home, decorating, gardening, cooking and many tips about everything. I love this magazine for it brilliant photos.",positive
I wanted a TV guide for my mother that included the morning programs--this guide does not include that-this is why I was dissappointed.,positive
Best ever for all cat owners,positive
Mostly Ads.  Not a very interesting magazine.  I will not renew.,positive
funny- great mag,positive
"I'm just taking my chances with finding something on TV.  Subscription process was ridiculously complex, tried three times to get it started and never happened.",negative
I love to read about the opportunities for travel in the south. We use the reviews to pick places and restaurants to visit.,positive
"I just receive my first magazine of catser and find it very interesting , I am looking forward for next month magazine",positive
For my mom and she loves it,positive
Paid too much for Guide. Others have lower prices for the same subscription.  Should have does additional shopping.  Guide is as advertised.,positive
Excellent product and transaction!!!,positive
Gift for my niece who is a cat fanatic - she loves it.  Thanks for the great deal!,positive
"The main reason I wanted TV Guide was to get advance notice as to when TV shows would be coming on.  TV Guide is not very accurate on this especially on their ""double"" issues.",positive
every week my tv guide arrives late.  if this continues I will cancel my order and just buy it at the local market.,negative
"This and Dogster magazine are both great. Catster has everything cat related...articles, toys, product recommendations, fun stuff.",positive
My wife and My mother have been reading and living Southern Living for years. I get to enjoy the great food.,positive
"I ordered this for my 7 year old, and he loves this magazine. He gets so excited every time a new issue arrives. Great for anyone who loves cats.",positive
Southern Living - what is not to love about food from the South and other interesting things happening in and around the South.,positive
I subscribed for years but doesn't live up to its name anymore.  Very limited television show listings - covers prime time only and limited channels.  Not very useful.,negative
We are cat lovers and thoroughly enjoy the magazine.  We read every article in every issue really love them.  There is always something new to learn and something to laugh at.,positive
Only gotten two or three magazines and that's it. I paid for a year not a month. What's the deal?????,negative
I like paying money to look at adds for products. I think these publications would be free. I guess we all like to be taken.,positive
I LOVE CATS,positive
It took them ages to come out with a digital edition and then to only be on the Kindle Fire and iOS (the second most popular mobile OS). Fail.,negative
"After shopping the web thoroughly as I always do when purchasing anything on line, Amazon was found to have the best price, simple as that.",positive
gift - they love it,positive
My Southern Living  arrived quickly. Wonderful value for those of us who love Southern Living. Everyone have a Blessed Day.,positive
"This is one magazine I simply can't live without.  Great places to go, wonderful decorating, recipes to save and the gardening is my favorite.",positive
TV Guide is only available in Kindle Fire.  It would be nice if I could get it on my Kindle 3.  What a shame.,negative
I love cats!  I love Catster!  I was able to snag this magazine at an amazing price!  I look forward to receiving my issues of this magazine!!!,positive
Do not want to renew don't read that much called to cancel guess you didnot get the message don't want to renew Southern Living,positive
"Good recipes, great picturers, good magazine for the price, have shared these all with friends and family and they have enjoyed them too!",positive
I have never been disappointed with any receipt I have tried. Southern Living always has interesting decorating ideas and shopping articles. Great buy from Amazon.,positive
I went to the TV Guide website directly and paid $16.50 for 56 issues!!  How can you charge $39.95??  Not good.,negative
"Want to cancel this order within 3 hours of placing it.
Told I CAN NOT cancel.
WHY NOT?????",negative
I ordered the tv guide on October 10th.  It is November 20th and I have yet to receive the product.,negative
I have not yet received this item!!!!  It was ordered almost two months ago and yet to receive a copy!,negative
If you love cats you will love this magazine!,positive
Why have I not rec'd this product?  When will I rec this item.  This is a great magazine but what happened?????,negative
I ordered a subscription for a co-worker as part of our Secret Santa exchange.  She was so excited to get it and has made some of the recipes to share at the office!,positive
"Although I purchased Southern Living magazne (which I do love) @ the end of December 2009, it is now the middle of February and I have still yet to receive my 1st issue!",negative
"Daughter-in-law loved this.  Great tips on decorating, cooking, recipes.  I did flip through one of her copies.  Would probably order another sub. for her,",positive
"I ordered this magazine on August 23, 2009. Payment was made still have not received first issue. I have been ripped off. I want my money back. BEWARE of this publication.",positive
I am looking forward to receiving the magazine and am surprised it hasn't been sent yet.  That is my only disappointment.,positive
I still haven't seen a magazine and I think I've been taken.  Don't waste your money on this vendor. It's a con.  I wish I could have given NO STARS.,negative
Have not received nagazine yet - waiting for first issue to be delivered.  But we are confident that the product will be well received.,negative
"My favorite magazine ever,  Has food, planting ideas, house decorating ideas, house plans, book reviews.  A little of everything for the southerner.",positive
"I ordered it and have paid for it but, it still has not come yet. I know it takes a while so I am waiting by the mail box.",positive
"I like southern Living, but I haven't received the 1st issue yet. Please check and see when it will begin.
Thank You",positive
I guess cooking light means cooking yuk.  I haven't found one recipe in months that I would even bother to make.  Frankly they can't stop send this magazine soon enough.,negative
Don't like it.,negative
Most recipes too many ingredients and not low calorie. Also charged me another year without my request.,negative
Not happy with this magazine.  Trying to switch it with something else.  Don't want this anymore!,negative
It is healthy eating and habits. Unfortunately sick want a subscription delivery but I don't see it on Amazon. I don't want a digital read.,positive
This was the best book I have ever read. It's very inspiring and eye opening. I loved it so much.,positive
Too many ads.. not many recipies,positive
I have the first magazine and was a little disappointed in it.  Won't renew it,negative
I really use the recipes. Love it.,positive
Great ideas for changing up your weekly eating habits.,positive
Light easy recipes. Good food and nice quality articles. Wonderful pictures. Shows well digitally.,positive
Love this magazine!! Great recipes. Great new ideas to add to your meal rotation. Healthy and most importantly easy to prepare and cook recipes!!,positive
"Love Cooking LIght.  Great recipes, that are easy, with ingredients everyone can purchase at their local store.  Yummy!",positive
The recipes require so many ingredients and they're not what the average person would eat.,negative
I love this magizine and have subscribed for years.,positive
Love the recipes -- and the health information,positive
repetitive recipes,negative
"I really enjoyed the articles and I plan on trying some of the recipes.

Very nice.

Best regards,
S.Porter",positive
did not not you up front it was an auto renewal not happy,negative
Something is wrong. Will check it out.,positive
"I love this magazine. The digital version for my Kindle was a bit trying, but finally figured it out. Great ideas.",positive
I love that you can save recipes in My Recipes. No more cutting recipes out and forgetting where I put them.,positive
This is a magazine that really gets shared. Everyone loves it.,positive
Every recipe I have tried has been terrific.,positive
It is my favorite cooking magazine.,positive
I really like the idea of reading the magazine on my iPad. Don't have to worry about having magazines laying around.,positive
It's great to have Cooking Light on my Kindle!  It's so much easier than using the magazine.  Less messy--don't you think!,positive
can't see the whole magazine on my kindle.  some pages are black with a spinning circle promising a download that never arrives.,negative
I ordered this on 11/12/09.  Today is 2/03/10 aand I still have not received an issue.,negative
I've been a subscriber for many years.  The recipes make it easy to provide delicious food with nutritional balance.,positive
"Just like its predecessor, Dog Fancy, it's written to the dumbest audience.",positive
We only received 1 magazine for a subscription.,negative
Love this....very informative!,positive
I always look forward to getting this magazine. I read the articles from cover to cover. It is a great magazine for anyone who loves and owns dogs.,positive
"Slate does a poor job in sending content via Kindle. Stories repeat, and there is very poor organization.  This takes away several points.",negative
Luv it. Great info. Saw it at my vet's office and wanted my own,positive
Love Dogster for it's information and photos. I pass it on to other friends to read!  I recommend it for any dog lover.,positive
Great articles and interesting stuff to read.  I enjoy this magazine.,positive
"It's just a waste of money for the price, but I paid $20 for a year when I bought it a month ago so I just got ripped off.",negative
"After purchasing on Amazon, the New Yorker sent me a direct mail to renew for $5 less than paid on this site.",positive
I love this magazine. It came before it said it was going to and it's a good price.,positive
lots of adds,positive
"I was excited about getting this.  But since January, I've only received one issue.  I'm kind of disappointed in that.",positive
This magazine has nothing to offer healthy happy teenagers  It is a disgusting magazine.  Boring .,negative
"This is gross, gives children explicit advice about having anal sex. This magazines grooms children for sexual abuse.",negative
"They regularly run articles promoting, normalizing and facetiously advising on abortion for teenagers.  Not something I will EVER let a daughter read.",negative
This was totally inappropriate for a young teenager. Articles about sex and female masturbation.,negative
girls love it,positive
"Bought for a 14 year old - she doesnt care for the mag. at all.  Too many ads, and fashion that is not realistic for young teens - cost and modesty too.",negative
Given as gift they loved it,positive
ordered this for my 13 year old daughter. she loves getting magazines in the mail. it so cute to watch her look at them,positive
Would not recommend!  Very dissappointed in the magazine. I cancelled It.  It is all product advertisement. Good if you are looking for product choices.,negative
this is a rip off i have the same magazine and i payed 20 bucks for magazines what a rip off gosh,negative
"I like the magazine, i just didn't got it on the mail... I paid for this 2 year teen vogue issues and got 5 of them (2 of them were repeated). Not happy.",negative
I have not received the magazine yet and my daughter is pissed!,negative
This is one of the best magazines out there. The articles and advice are good. I really enjoy the jokes and the 10 Things You Don't Know About Women features every month.,positive
"Do not like the digital format and too many advertisements. I was a big fan of the printed magazine, wish it had better formating.",negative
"Overrated, too many ads. No reason to charge a subscription rate. Even the style sections should be rated as advertisements",positive
"Garbage. All ads, all unrealistic fashions. Liberal hit pieces on Trump.",negative
The best magazine on the market,positive
Waste of time and paper.,negative
too much advertising,positive
"This mag is losing it high quality of yesteryear. Trying to keep up with the trends of stoopid young people is just that, a trend, not longevity.",positive
"i renewed thinking it was extending my current issue, instead, i am getting duplicate issues. not happy with it.i probably will let my subscriptions  expire.",positive
"I've been a Esquire reader over three years,when my subscription came due,this was a great price for a legendary magazine!",positive
its been 3 months and I only got one issue,negative
"Bar none, best writing of any current magazine and I'm a girl.",positive
Disappointed that it isn't full screen on my Fire HD. I typically have to zoom each page for comfortable reading,negative
"I haven't receive any issues yet, though I've been looking. What's up ?  You are getting a bit pushy and confusing  se ya",negative
Great magazine with lots of different articles. Very enjoyable and easy to read. Worth the money for a yearly subscription.,positive
"this is a good ""mens"" magazine with a lot of good articles and fashion advice for men. The price very reasonable.",positive
I ended up not reading it cause I found it hard to read on the kindle. I prefer good old magazines.,positive
Just received my first issue...earlier than expected...enjoy this magazine much!  I like reading issues from a man's point of view.,positive
"I ordered a subscription before Christmas and I still have not recieved the first issue. I guess I should cancel it? What say you, amazon staff???? Lame!!!",negative
Way too many ads.  Made it difficult to find articles.  Super heady cologne ads for men's fragrances stayed on hands and clothes.  Found one good article.,negative
I was a little disappointed on how long it took for me to recieve my first issue. Now with another magazine that ordered at the same time Ive recieved 3 issues to your one,positive
I just clicked on the free issue and without my consent Amazon took money for the whole year. There is no way you can desubscibe.,negative
Value for money. Very informative lways current and upto date.,positive
I cancelled this to Obama like for me,negative
too expensive...sorry.,negative
I have been billed but don't have the magazine on my Android tablet yet.  they are trying to help me.,negative
It was a bad surprise to me to read Times. I did not find interesting the materials and brought to me nothing new.,negative
"On my Kindle Paperwhite, Time is not in color and there is not a complete edition of the magazine. I won't be paying for a subscription.",positive
"I did not like the fact that it was only for my kindle and not my Kindle for my Android device, being a magazine it would've been nice to see it in a color device",negative
"come on TIME magazine...i want to subscribe...but i have a kindle fire!  Available on all other types of kindles,,,how come not the fire?",negative
And this periodical is thin on content.  A half dozen items and that's it.  Now if I can just figure out how to cancel before the 14 days is up.,negative
This is really stupid. I can buy Time for Kindle for $2.99 a issue or subscribe for $1.99 a copy. Who is the idiot who decided that? This world is full of stupid people.,negative
"No pictures (some present), awkward table of content.  In all, very unpleasant to read in Kindle format.",negative
too abbreviated. also no pics or charts. looks like Time did a very minimalist job on this project and made themselves look bad in the process.,negative
Best guitar magazine available. Top notch articles and song transcriptions. Worth every peso!,positive
Didn't even after complaint  put entire address on label so my son only got 1.thanks for wasting my money,negative
There's too much emphasis on heavy metal in this magazine. It's boring.,negative
My husband loves this magazine.  He can't wait for it to arrive every month.  It is the first thing he reads when a new one comes in the mail.,positive
Too much metal and not enough acoustic articles and products.,positive
Bought it in January and still wiating for the first issue....4 months for a magazine? If I suscribe through them I get that months issue in a week.,negative
I've been reading this for years and it is great. I really like the reviews and the hardware stuff.,positive
This would have been a great purchase because of the cost. Just over a month now and I have yet to see an actual issue be delivered.,positive
"Don't know what happened or who to call, going on 7 weeks and still no magazine.",negative
Tired of depressing news all the time?  Then this is for you.  Fresh new ideas and inventions.  I love it.  Something positive about our future.,positive
Disappointing. Too general.,negative
So vain...,negative
love the whole thing....and recipes!!!,positive
Love having a subscription to this beautifully made and inspiring magazine.  There are tons of recipes and decorating ideas.,positive
"I love tea,and blending fruits and teas and other herbs together. This magazine is awesome!",positive
i just love it.,positive
I love Tea Time...best for social gatherings at home.....best for recipes and best for China and teas....like I said best magazine ever!!!!,positive
"Very much enjoyed our first issue of Tea Time. Some great ideas for enjoying tea ourselves and
sharing a ""Tea party"" with some folks at the nursing home.",negative
I love having Tea Party's and this magazine has many great ideas. Can't wait for my first tea party with my granddaughters.,positive
i love this magazine.  I especially love all of the recipes in it.  I enjoy it every month.  I highly suggest it,positive
Best Magazine Ever For Men or Women!!!,positive
Best magizine ever!!!,positive
My favorite magazine. A must read if you live in and love the South.,positive
G&G is my favorite magazine. If you are from the South or love the South this is a must.,positive
best magazine I read from cover to cover....a must have for any southern girl:),negative
Not sure as I have yet to receive a copy.  It is very hard to fairly judge a magazine or anything for that matter when not one magazine has arrived.,negative
"I tried contacting them about no magazine being rceived, but there was no response.  They never sent me anything, They just kept my money.  Bob Benson",negative
It wasn't for me.,negative
Navigation is glitchy and some content appears to be missing in the current issue.,positive
"I ordered this in early July, I received one issue and nothing since. DONT ORDER",negative
thought i was purchasing people magazine.  nothing but advertizing,negative
"Too many ads, magazine quite short.",negative
"Don't bother, only partially downloads & then stays in a ""waiting to download"" state.",negative
I love style watch print so I thought the kindle addition would be been better.. However I'm still waiting for the magazine to download since Friday.. Not happy..,negative
I love this magazine. It's full of fashion tips and not cluttered with ads and articles. Straight forward and can't miss.,positive
"This magazine is nothing but page after page of ads for overpriced clothes and accessories. I learn nothing, I am not inspired. Its a waste of money",negative
"Dumb, Dumb, Dumb. Unless you are strictly into what people are wearing, you won't find this magazine interesting. Cancelled after receiving 1st issue.",negative
I actually love the magazine which is why I ordered but 2 months later......where is it?,negative
"I was looking forward to this magazine.  However, it is well past the date I was given for delivery and I still have not received it.",negative
I would love to review this as requested but I have not received the magazine.  It was ordered 11/30/09.  Today is 2/1/10.  Should I not have received the first magazine by now?,negative
I ordered this back in August and I have yet to receive my first issue. I didn't mean to rate this item as (I hate it). I wish I would have gotten it by now.,negative
Grandson not interested in this cute book.,positive
High priced for a very thin paper flyer in my opinion.  This is not a bound magazine like a regular National Geographic is so I was a bit disappointed since the price is higher.,negative
"Present for grandkids, who love it.",positive
My granddaughter loves all of these National Geographic Little Kids books!!  I have them all!!  They are so colorful and informative!!  Love Love Love them!!!,positive
"Small fold out, only a couple pages. Was looking for something a little bigger and solid for my 6 year old. This is like something you get at a restaurant.",positive
My 3-year old grandson LOVED it.  He brought it to pre-school to read to his class at share time. Yeah! Its exactly what a Grammy wanted.,positive
Purchased for grand kids.  They love it !  That makes me happy.,positive
Just right for kids from K-2.  Perfect size for a child to hold and flip through the pages of the magazine.  Great information and reading development.  Highly recommend.,positive
Highly recommend for 6 year old and up.,positive
"Just ordered this for my granddaughter she loves animals, reading, books and learning so I know she will love this",positive
A great motivator for pre-schoolers and he loved receiving his own mail.  My grandson was doing book reports on the articles at 3 years old.,positive
I would say its too small. It also often gets torn up in the mail and you really don't get very many magazines for the price you pay.,negative
"my 4 & 5 yr old granddaughter love this magazine, order subscription for christmas and they are already coming. super fast",positive
the nation is probably one of the poorist publications i have read to date.  do not waste your time on this .,negative
after the editor of the nation came out for obama and had such negative remarks about clinton on larry king s program.....the nation will no longer be on my kindle.,negative
The best there is!,positive
"Amazon thinks I have purchased this. Not so. I looked at it once, but the subscription price was unacceptable.",positive
"Still the very BEST, most vital, unbiased and truthful news publication in the United States!",positive
"The Nation publishes well-written carefully thought-out articles about subjects one has a
responsibility to know more about. They are committed.",positive
"From week to week, number of articles is very inconsistent. This should be an embarassment for a periodical with THE NATION's reputation.",positive
"either you're into leftist claptrap, in which case welcome home, or you're not, in which case try Reason Magazine",negative
"Love the magazine, love the kindle version!",positive
I love readers digest I have for years,positive
I enjoy reading the Readers Digest from front to back .,positive
My all time favorite.  Best articles  good variety.,positive
had to load to my first kindle since it's not compatible with fire hd.....can't see the images and the text is disjointed....I will cancel,negative
There is always something to learn from reading the variety of articles.,positive
it won't come up on my Kindle Fire. That's why I purchased it.,negative
Very dissappointed Reader's digest isn't available on my Kindle fire. Does anyone have any idea why this id the case?,negative
Reader's Digest has always a good magazine with relevant material.  It still is today and the Kindle version is just as good.  Very clean design.,positive
I love it!  Just how I remember it from my younger years. Entertaining and informative and heartwarming stories. One of my favorites of all time!,positive
Reading this on my paper white Kindle is great. I love the variety of articles in Readers Digest. I look forward to each issue.,positive
"Not nearly as good a magazine as it used to be. I used to subscribe yearly, but it is no longer worth the money.",negative
I guess that I thought Readers Digest would follow page by page the published magazine and it didn't.  I found it hard to read and understand the format.,negative
"i need to cancel this magazine asap. my problem is i'm on the road with no access to internet. kindle people, please read this!",negative
"As a longtime reader of RD, I am upset that I have to pay for a digital subscription as well. This app should give me digital editions for free with an account number or password.",negative
Why is a hard copy subscription $10/year and the e version 1.50/month.  Seems backwards to me. Shouldn't the e version be less expensive.  No mailing etc.,negative
"I have a subscription for the Digest, but for some strange reason, I have yet to receive January 2010.  I am not happy about this.",positive
Took a long time to get setup...found a better offer 2 days later...couldn't cancel it so I paid twice as much. Not real happy...but is what it it. Magazine is cool.,negative
My elderly father loves this. This is an excellent magazine for the amateur sky watcher. Enough science to keep the mind stimulated and wonderful exciting photos of our universe.,positive
"I love this magazine, it's a must have in my opinion. It has wonderful pictures and I love reading the articles.",positive
"I renewed a subscription for someone on your ""renew site"" and now the magazine comes to me instead of the gift recipient.  Not good.",positive
Lots of good ideas for my husband's model railroad hobby. The layouts are interesting and the ideas have been great for his new passion.,positive
I was not impressed with the magazine and deleted it from my kindle.  It gave me no new info.....,negative
"very good source for a beginning beader! articles are clear and easy to understand, would recommed  this magazine to friends",positive
One of the best prices and longest length of the magazine prescription I could find. Great magazine for seed bead patterns and beading tips and pointers.,positive
Didn't like this.  It was dated and the patterns were old.  It felt like it was something from the 80's.  Not for me.,negative
"A beautiful publication, filled with interesting articles and excellent photography.",positive
Absolute best magazine available today.  I eagerly await each issue.,positive
Beautiful magazine so inspiring,positive
My favorite!!,positive
Great ideas for around my home! Simple ideas that I never would think of myself...,positive
I love this magazine it has so many wonderful articles and so many beautiful pictures. It just adds beauty to my day and I find myself rereading it so many times.,positive
One of my favorite magazines.  I'm trying to move to digital editions of my best-loved magazines because the paper ones have piled up.,positive
Best motorcycle magazine ever,positive
The best motorcycle magazine available.,positive
"what can i say, it's a motorcycle consumer new mad....good info",positive
Best motorcycle mag ever printed.,positive
Little content of interest to me.,negative
Not a very good magazine.  It is obvious why they don't have advertisers.  Who would advertise in a magazine this boring.,negative
rather flimsy paper and was damaged in mail,negative
Best motorcycle magazine.  Objective and truthful source of information about all things motorcycle.,positive
Best mc magazine bar none!,positive
My boyfriend enjoys reading this magazine. It was a good buy and gives an excellent insight on motorcycles and bikelife.,negative
"Best motorcycle magazine.  Best reviews, consistent criteria, no advertising revenues.",positive
Husband doesn't like it so much. Too much news.,positive
This is a great magazine if you love motorcycles.  Articles are interesting and very educational.  I have been receiving this magazine for 9 years and enjoy every issue.,positive
"Best bike magazine I have ever come across. Great articles, product and bike reviews and no advertising to influence ratings.",negative
"Opinionated exceeded my expectations. I love discourse, and to have such well written perspectives from all sides is a treasure.",positive
My father love the magazine he loves to restore old cars,positive
90% advertisements,negative
"This magazine is so beautiful and sumptuous, I find myself wanting to jump into the pages and taking up residence.
Big A++",positive
"This is one of my favorite decorating magazines! There are always interesting articles
and great inspiration for designing your home.
Enjoy!",positive
The magazine was in excellent shape and has so many great projects.,positive
I pay for one year and I just receive one magazine. I disappointed.,negative
Canceled my subscription,negative
Not an interactive magazine which really is inexcusable art the point for kindle. Publication should be interactive like iPad versions,positive
"We love this magazine. It has great DIY ideas, decorating ideas and othe ways to save money and make your home your castle.",positive
I love this magazine.  I read it cover to cover as soon as it comes.  The ideas are inspiring and the how-to directions easy to follow.  Definitely a keeper,positive
discontinued,positive
Disappointed with this magazine. I thought it contained coupons.,negative
My favorite :),positive
"not hwat i expected seems more advertising and fad diet than pertinent articles, worthwhile subjects",negative
This time the magazine doesn't have as many coupons as before and that was the reason I subscribed to it. So I am not happy at all. Will definitely not renew the subscription.,positive
Great coupons and articles!,positive
"Great magazine, all sorts of topics",positive
Used to have great coupons- not so much anymore- will not renew,positive
Very satisfied. Love the magazine.l,negative
"My absolute favorite magazine.  The articles are helpful, relevant and short.  I always read it the minute it comes because the front always intrigues me.",positive
Not what I excepted.,negative
It stopped coming,negative
Very disappointed there aren't many coupons anymore.,positive
Did not tell me up front that it was an automatic renewal.  Not pleased!!!,negative
"Never, EVER go without a subscription of ALL YOU! This magazine is FANTASTIC. The coupons, the articles and tips, you won't regret it!",positive
"This was a great Magazine when  a couple years ago.  Now the coupons are practically worthless and when the subscription expires, it won't be renewed.",positive
"I always renew this magazine for myself, my daughters, and my daughter-in-law. We really enjoy the articles, recipes, and especially the coupons.",positive
"This is the best magazine for women.  Love that it has informative articles, great tips and tons of coupons. Can't wait to receive my next magazine.  A great magazine for women.",positive
"I have hardly gotten any magazines maybe like 3 in six months that I have had the subscription the coupons are not worth it for me, there are none that I use.",negative
This is a nice magazine filled with great ideas for the home and some wonderful recipes and lots of coupons.,positive
"The articles were boring and most of the coupons were not for things I would buy.  At 20 bucks, it is a waste of my money.",positive
Great Magazine always has helpful hints coupons in it I love couponing and this is the magazine for coupon lovers!,positive
I do not wish to renew this magazine as it does not have the content I am looking for.please cancel subscription,negative
"I just love this magazine!!
Great Coupons, helpful cleaning/organizing tips & great recipes!!
This is one of the good ones out there!",positive
"I love coupons so getting the ALL You magazine w/out having to fight in the stores for it is GREAT. Thanks,",positive
I would love to review this; however I haven't received my first issue yet and am kinda disgusted that it has taken so long for it to come.,negative
"With a busy schedule, I really enjoy the articles because they are short but informative and interesting.  I also enjoy all of the recipes they offer.",positive
I like the magazine I looked at my daughters several times and decided to order it for myself.  Thanks for printing it,positive
"This is my FAVORITE magazine of all time. Great articles, recipes and the COUPONS rock...pays for itself with the first issue of savings.",positive
This magazine is worth every penney with the great money saving tips and large selection of coupons in it.  It is the best magazine a woman can purchase!,positive
"All You magazine is packed with savings deals and is totally worth the money.  It took a while to arrive, but I'm happy for the assortment of savings that I've found inside!",positive
I have yet to receive my first issue!  When does this come?  I hope I get it at all......,negative
This magazine is great as a single mother I am always looking for new ways to save money and this magazine is jam packed with coupons,positive
i truly love to garden- it has so many different ideas on how to landscape-info on plants-smart stuff tks violet,positive
I sit and read this magazine front to back. I have been getting this magazine for years and it is a great resource to have if you love to landscape and garden.,positive
I have only received one copy of the magazine. Was disappointed in the advertisements with little good content. Will see with later issues.,positive
how wonderful not to go out in ice and snow this winter for my daily newspaper.  i love my kindle!,positive
He says no torture for isis but then advocates for torture of republican reps women and children.  The very definition of fake news.  Amazon should delist,negative
Sucks  for libtards only,negative
I enjoy the Newsweek coverage on current events.,positive
"A compilation of opinions,  Very wordy with not so many facts.",positive
"Didn't really like the digital version, it was very short but not sweet.",negative
Sure misnamed with news in the title. What a pile of crap this rag is.,negative
Totally USA centred. No use for Europeans or anyone else of the billions outside the USA to read.,negative
"Biased News, used to like this mag but the turn to propaganda led me to cancel.",negative
In depth news on today's topics,positive
"hard to read on a kindle, does not autodownload new ones",positive
Avoid! only SOME SECTIONS of the magazine will be available in a Kindle. Not the whole magazine...,negative
"A waste of time to read this....the online version is sacchrine, and not worth the cost/time to buy it. Read it at the news stand; there is more in the printed vesion.",negative
I've read similar issue articles in other publications.  Very disappointed that writer's opinion is forefront and central to the articles throughout the magazine.,negative
"I'm a Newsweek fan however, the photography is blurry and detracts from the articles,  dumped this before they could send me another free one.",negative
The 14-day free trial seemed so easy until I realized that unsubscribing is a secret not told on the Kindle.  Am I doomed to receive this abreviated Newsweek forever?,negative
"I have never received a single issue and nobody has solved my problem in the 9 months I have had my ""subscription"" with them.  Just save your money and avoid it.",negative
This is my 11 year old son's favorite magazine.  HE reads it cover to cover when it arrives and keeps it for review.  Love the extras (posters) that come sometimes too.,positive
The App doesn't work.,negative
I am canceling my subscription because of how Anti Trump it is.,negative
Great Deal. Better than other offers I received.,positive
I love the Amazon price.,positive
"Excellent graphic design and well-written, concise stories.",positive
Have subscribed for a while. It's great,positive
Keeps me current on domestic and world issues.,positive
good publication- very informative and unbiased,positive
This is a great resource for information which is about as even-handed as any news magazine and it covers lots of stories the rest of the mainstream press hasn't found yet.,positive
excellent business and economics magazine with little political bias.  In depth articles and has helped me to understand investing well.,positive
i used to read and like businessweek before it became bloomberg busweek.articles are not well researched and lack in quality. i am cancelling my subscription.,negative
"Kindle format is really boring. No illustration, table, chart, picture. Reading experience is very different from printed version. I have discontinued after 2 issues.",negative
"We are going on six weeks and grandson still has not received a copy of this subscription. Can't give a review at this date, but thought we would be receiving his magazine soon.",negative
"Just developed an interest in yoga, and found this as a source.  Easy explanation of everything!",positive
this magazine I sent as gift and she liked it.,positive
not useful,negative
It seems like I'm missing the  January issue... i like yoga journal kindle version but want to receive what I paid for.,positive
I am not interested in receive this,negative
A lot of advertising pages fee real content ,positive
I love getting this every month! The tips and tricks have helped my practice.,positive
Didn't find it very informative.,negative
"More materialistic than anything, not an accurate portrayal of the average yogis world. Needs more substance and less ads",positive
Bought this for my daughter as she teaches yoga.  She loves the magazine.  Great ideas and helpful hints.,positive
"Getting a little tired of this magazine. Repeats of articles, and mostly ads..",positive
Love this magazine! Great tips and lots of gear showcased and great tips and exercises to practice.,positive
"I love this magazine and having it on line is so helpful, without waiting for the mail and having it anywhere. It's great.",positive
"Very happy to be receiving Yoga Journal again!  It's always an excellent inspiration for me to try new poses and get back on my mat.

Michele",positive
"Great value.  New practices, fantastic and well written articles that help me live my life mindfully. Learn more about your practice.",positive
Inspirational photos and articles. I want to get back into yoga and the instructional content is motivating. Plus the yoga fashions are great too.,positive
I like the pics and the information provided. I would recommend the magazine. I especially liked the different ways it could be viewed on my kindle fire.,positive
I like this magazine a lot. As a student of yoga this is interesting to learn of other schools of thought and practice.,positive
"Ordered it and paid for it in full, (two-year subscription) on January 6 as a gift for my wife. It is almost June and it's no deal from Deal Universe.",negative
My favorite periodical.  Beats the heck out of American versions.  Lots of content; little comparative advertising.  I look forward to it every time.  Worth the bucks.,positive
"Love this magazine. Great ideas and articles,and great recipes too!",positive
Excellent and informative content. I enjoyed reading all of the articles and I really love my Kindle version!,positive
It's not like a real magazine. Pages are black and even with few illustrations. They need to make it look like a real magazine like Google play does.,negative
I was not able to get this on Kindle for Windows 8. I'm disappointed. Can you make this available for Windows 8?,negative
Kindle format made it difficult to navigate and the articles were dry... it can be challenging to bring life to heavy scientific topics,negative
I read this magazine from cover to cover. I have subscribed to many; Quilters Newsletter Digest is my all time favorite.,positive
"WOW!!!!  You have a REAL WINNER HERE.  Perfect for the at home gourmet.  Wonderful, what took you so long.

GinGer - Hendersonville, North Carolina",positive
love the foodnetwork!,positive
Great price through Amazon!  Love Food Network magazine!,positive
I absolutely love this magazine! The price is great compared to the stand price!,positive
Too many damn recipes kind of boring,negative
love this magazine..always gives me good ideas,positive
love this magazine. great recipes,positive
"My subscription was automatically renewed, when I asked for a refund, I was given part back and now have a balance on my account.  I wanted all of it refunded.",negative
"There are so many delicious recipes and clever ideas! Lots of great tips, along with complex recipes and super easy recipes.",positive
I have only received one magazine since my order in September. Very disappointed!,negative
Typical magazine. To many ads and recipes from Food Network stars are scarce. Will not renew !!!!!!!!!!,negative
"I love this magazine, so many great ideas and recipes. Love it",positive
I do not care for this magazine.,negative
really too many adds and I wish that all recipes had health values listed,positive
I AM TRYING TO CANCEL MY TRIAL,negative
Love this magazine. It was a great price.,positive
"Love, love, love it!",positive
I love this magazine. It's always great to have good recipes of good food for the family.,positive
Love the magazine and couldn't beat the price!,positive
Just started a diet.  Would like to cancel this subscripton.,positive
Very informative.  Love it!,positive
Always full of fun and delicious recipes.,positive
My FAVORITE magazine. I love to read and learn more about cooking. This is a great publication for any level of cook.,positive
Love this magazine and the recipe and articles,positive
Happy to be getting this. Recipes are great!,positive
Is very awesome this magazine I love it,positive
I  loved all the fantastic recipes!,positive
Love this magazine. Great tips and recipes.,positive
did not order...do not want,negative
I love all the options to change my regular thanksgiving dinner!  It is laid out so it is very easy to read and the photographs of the food are beautiful,positive
I love this magazine; the recipes delicious and easy to follow.,positive
Not up to par,positive
"I got this magazine for years as a gift, and now have ordered it for myself - love it!",positive
Love this magazine. So many good recipes and timely info.,positive
I give this to my daughters and they really love it!!!,positive
"My favorite subscription!  I love the 50 variations of a recipe booklet.
I love opening my mailbox to find this magazine waiting for me!",positive
Great recipes and easy to follow instructions. Love this magazine.,positive
Love it.  One of my favorite magazines.,positive
I searched for the october issue and got the november. I need to cancel and there is no option,negative
"If you like to cook, this is the only magazine you will need.  It is packed full of recipes.",positive
I love it. You should get one!,positive
BEST MAGAZINE!,positive
I love the magazine  the person I bought the magazine for loves reading it.... just a great gift Idea....,positive
Love it and like the low calorie options.,positive
First of all' I love Food Network and I look forward to the show all the time..  So I love this magazine.,positive
"Love this magazine.  I have tried several recipes from Food Network Magazine.  It's a great magazine, great ideas and the food is so good.",positive
All four of my daughters ranging in age from 18 to 10 love perusing this magazine. I loved the price on Amazon!!,positive
"I love this magazine so much! It makes me happy to see it in my mailbox each month.
I will get it every year!",positive
Ordered this magazine for my daughter for Christmas. Always enjoyed this magazine when I would buy in  the store . Easy to order on line and have sent.,positive
"This was a gift for my husband.  He says it has more excellent recipes, good photography, and excellent design. He's VERY happy!",positive
not what I was hoping for at least this issue.  Too many ads and lifestyle articles.  It didn't have enough recipes,positive
What a fun magazine to receive every month!  I love the recipes that are included each month and reading about the TV personalities who prepared them.,positive
I renew every year. I injoy the food net work so it just makes good sense to injoy the magazine. Great receipes,positive
Awesome recipes with easy instructions and good pictures.  I can't wait to get this every month in my mailbox!!  Great addition to the food channel.,positive
I loved how thick the magazine was.  There are also lots of really useful articles.  This will help me cook a lot more dinners.,positive
"Excellent magazine
Starting using the recipes as soon as I got it.
Fun to read and try all the ideas of cooking!!!!",positive
Great magazine with both recipes and foodie articles. A lot of info packed into a magazine anyone who wants to learn more about cooking or simply likes to cook will love!,positive
"Love this magazine!  The recipes are awesome.
This price was the best deal I've paid compared to past subscription Thanks!",positive
When I read this magazine I am always putting tabs on various recipes I will try.  I love this magazine!,positive
"If you like Chopped and other food network shows you will love this...........not all are fattening and a lot of great ideas for healthier and tastier vegetables, fish, salads",positive
My husband does all the cooking and he loves this magazine. Thank you for this product. Wonderful magazine and great price.,positive
"THIS IS THE BEST FOOD MAGAZINE ON THE MARKET! I LOVE THE FPRMAT, THE RECIPES, AND THE CHEFS WHO SHARE... A TRUE FOODY BIBLE...",positive
Love all the tips and new things to fix. Enjoy learning how the stars cook and do things.  All the recipes will keep me busy :),negative
"This is one of the best food magazines we have seen.
We look forward to every issue and save them for valuable recipes
and cooking instructions.",positive
"My favorite magazine now digital. Couldn't be happier. I have it on my kindle fire and it is flawless. Looks great,  easy to read!",positive
"This is a wonderful magazine, I found it quite by accident, and was so glad to find it on Amazon at such a terrific price.",positive
"This magazine makes a great gift for friends and family.  They will be sure to love it.  If you are a perfectionist, I would recommend Cook's Illustrated magazine... it's awesome!",positive
"If you like watching Food Network, you'll love this mazagine!  Great recipes and tips from your favorite Food Network stars!",positive
"IF YOU ENJOY COOKING AND BAKING AS I DO, YOU WILL LOVE
THE FOOD NETWORK MAGAZINE, I AM SO ADDICTED THAT I
REVIEW IT ON TV ALSO.",positive
I love this magazine and so does everyone I purchase it for. The price is awesome and every magazine has a recipe I have tried and thought was excellent. I highly recommend!,positive
"This is a no brainer, if your wife loves to cook it's a nice compliment to her arsenal of cooking knowledge.",positive
awesome magazine!!!....i love magazines...this one is full of great info....and its cheaper than most of them too!!!!,positive
If you love the Food Network then you will love this magazine....lots of good stuff inside.,positive
I loved this magazine so much I had this subscription sent to my grand-daughter in SC.,positive
"Lots of flashy pictures, mostly ads, you have to wade through MANY pages of full-page ads before you find anything useful.  Very sorry I subscribed.",negative
I WAS DISSAPOINTED WITH THIS MAGAZINE. WISH I'D BOUGHT IT OFF THE NEWS STAND FIRST.,negative
"love, love, love this subscription!  usually, i tear out just a few recipes in cooking magazines.  not this one!  every page is full of great tips and recipes.",positive
Not working on the 6th generation Kindle Fire HD 8. Please fix.,negative
elitist bulls***,negative
And good luck finding out how to cancel or reverse charges. I wonder how many others have this charge lurking in their CC statements.,negative
"I don't see why it wouldn't be, since it is available for all the other Kindles.  I'm sorry, but an app doesn't cut it.  I want it in my newsstand, please.",negative
"What a waste..it did not reach my Kindle and I find no way to disput this issue.

Never again!",negative
It is very sad that The New Yorker is not available for European-based Kindle owners. Please make this available worldwide.,negative
I pay 35 a year for the print edition. Why does a version without printing or shipping cost more?,negative
In the current issue there is on Kindle no mention of the author of the cover review essay.  Vexing.  It is high time the ole TLS get its Kindle version up to snuff.,negative
"Autoweek magazine is an excellent source of the latest automotive news, and the low subscription cost makes it a great value!",positive
i have ordered a trial of this magazine almost two months ago and still have not received a single copy,positive
As a certified dog trainer I wouldn't be without a subscription to Dog and Cat Fancy.  Awesome information each month.,positive
too many ads and not much information. I get ceasers magazine and it is much better. I will not renew .,negative
"It accomplishes its mission to showcase great writers, one story at a time. Each writer is different, and One Story puts a spotlight on the best of the best.",positive
"I found this story disturbing, rather than entertaining.  I haven't read others in this magazine, so I don't know how it compares.",positive
My favorite cooking magazine!  I've had a subscription for years!,positive
Did Not receive any Info. Ii,negative
I have subscribed to this magazine for years. Now I ordered it on kindle.  Recipes are always exceptional.,positive
Great recipes that work ....,positive
Love this magazine! Nice to dream about having a nice log home. I simply must win the lottery!,positive
"I thought it would be just another fancy magazine, but it is really well written and very informative. Great magazine too help broaden your photographic spectrum.",positive
My 88 year old Mother loves this!!! One of my best gift purchases ever : ),positive
Reader's Digest has always been a marvelous magazine and it is wonderful that they publish to accommodate people such as myself with sight issues.,positive
"This is the best way to get any magazine; especially my favorite ""Reader Digest Large Print"".  This is a sure winner for ""mom-mom eyes)!",negative
I ordered a gift subscription of the large print Reader's Digest for a family member at Christmas time.  The magazine started arriving without delay and the recipient loves it.,positive
took a while to begin receiving at my dad's.  watch the end date - they automatically renew unless you tell them not to.,positive
F- is how I rate the Readers Digest review.  I never requested and one year renewal!  I am not going to pay for the one year auto renewal as I never authorized it!,negative
I have not received this magazine yet.  I ordered it June 17.  I can't believe it takes so long to start receiving it.,positive
The new editions were not updating. Iif I get an annual subsciptions I want every months edition to update. Nexus 7.,negative
"This is a cool magazine for people who climb, i dig it. Im looking forward to getting more issues of this",positive
"got this for a friend.  its awful.  AND really hard to cancel.  don't get this magazine.  covers look flashy, but mostly adverts and articles are lame.",negative
Why don't they just call it the NEW WORLD ORDER magazine.  I cant believe anything in this mag.  Makes me sick.,negative
I did not request or want to renew.  You just did it on your own.  I should not have to pay for it,negative
I only got 2 of the 6 magazine that I was supposed to get.  Unreliable!,negative
wish it was published monthly instead of bi-monthly plus it takes 3 months to get your first issue. Seems they could process your order quicker than that.,positive
Trying to collect a full set.  Love this magazine!,positive
Great book.  Will continue to get it!!!!!!!  The best satire magazine ever written.  Great service for a continued great time reading.,negative
It lives up to the reputation. Excellent magazine to share with friends at school. Great read for young adults. Can't wait for the next issue...,positive
Teenage son (and his father) love this magazine. They are always excited when a new issue arrives... they love it so much we renewed for a second year!,positive
We have received only 3 issues in the one year since I ordered the subscription. I filed a complaint with the FTC after contacting Mad multiple times and getting no response.,negative
My grandson loves mad magazine. He was very excited when he received this as a gift. He read it over and over.,positive
So happy reading this again. It brings me back to my childhood. Now I can pass it down to my kids.,positive
I ordered on 11/2/10 and just checked the status because I haven't received it yet.  It won't be delivered until 3/2/11. That is 4 months.  That is is ridiculous!,negative
Not going to renew.,negative
Lots of advertisements. Can't print recipes from kindle. Lack of detailed nutritional information.,positive
"It is not a newsmagazine,just not for me.",positive
I thought this would be more gluten free and/or paleo.  I cancelled this after the first reading.,negative
Small print and inflexible platform.,negative
Great magazine full of recipes and information on eating healthy. I would recommend this magazine for anyone who wants to change to a healthier lifestyle.,positive
I feel like I have been waiting years for this mag. I have been trying to eat healthy so I thought this would help still hasn't got here.,positive
"I just received my first edition of the magazine. I am verypleased with it. It is written in Spanish but that is  my
primary language. I look forward getting future editions.",positive
"I love philosophy and this was just plain boring, couldn't read it. the subjects while seemingly interesting at first just had no substance",negative
Very lucid insightful and well writen,positive
Love this magazine!  Has great ideas and is definitely a must for people who love Shabby Chic!  Would definitely recommend.,positive
Did not care for the stories and some of the paragraphs and punctuations were incorrect.  Just not my type of reading.,positive
"An interesting concept--all sorts of stories.  Some are fun to read and some are strange, but I rather like the idea.",positive
Transformation Magazine is nourishment for your soul. Connecting with kindred spirits and meditating on positive outcomes is a priority for me. Transformation bridges the gap.,positive
"I don't know how this got on my device, but it is.  I didn't order it (at least not intentionally).  I want my money back.  Kindle has been removed from my phone.",negative
No use getting this unless its a colour screen. I tried this on a Kindle and regretted it.,negative
Didn't get the time to read the journal. Amazon's fault. Very poor.,negative
vuyo loves people in his community and so as where he stays and people love him to where he stays he enjoys where he stay ane he loves playing soccer with his friends,positive
Not received.  Hard to review. :-(,negative
Educational and fun.  Awesome magazine.  So glad to have found it for my Kindle.  Now ill never miss another issue!,positive
didn't care for it,negative
Great magazine! Every time I read it I learn something new while enjoying the topics presented.  Will definitely renew my subscription.,positive
Apex is worth every cent. So much great fiction from well known authors. I wait patiently for each issue. You will not be disappointed!,positive
Apex gives one a glimpse into the exceptional abilities of minds on Sci Fi and Fantasy.,positive
Kind of disappointed there are ads in this mag now.,positive
"I love this magazine!  With the beautiful photography, and inspiring, positive articles, this is perfect for nature and animal lovers.",positive
I do a lot of watercolor paintings. Like using the different horses as models. It's a great magazine to read,positive
I don't remember this being full of advertising.,positive
Too many advertisememts,positive
Not the same as the real magazine. Very few pictures. Did not seem to have all the stories. Would not buy again.,positive
We have subscribed this magazine for 3yrs and enjoyed every one. Photography and articles make great reading for the whole family.,positive
Wonderful photograph,positive
If you're interested in birds and flowers this is the magazine for you.  It is excellent.,positive
Can not view magazine until July 1. I am disappointed in the fact I can not view magazine but the 30 day free trial expire before I can decide if I like it.,negative
"Have always loved this magazine...always learn something, and look forward to every issue.",positive
Love my birds...and this book is always filled with beautiful photos and information! Former subscriber who just  had to come back!,positive
"This is two of my favorite things combined in one. It has all kinds of tips, fun facts, & great photos!!!!!!!!",positive
Birds and Blooms has amazing pictures and interesting articles. I enjoy learning about how to attract birds and butterflies to my garden.,positive
The rest of the magazine leaves a lot to be desired.  Not too much interesting stuff.  It is poorly written and not interesting.,positive
I love this magazine subscription and the price was right!  The recipes are quick and yummy!,positive
Lots of easy recipes in every issue.,positive
Got my first issue and have made several recipes they have been very good.,positive
"Alot of adds, and recipes call for alot of food items not easily purchased by someone on a fixed income.",negative
I was disappointed with this magazine. It did not have many pages and the contents were not very interesting. No good recipes and mostly full of ads.,positive
Great articles and good memories,positive
"I have been a subscriber for several years. I'm totally disappointed in your issue, you are replacing content with advertising. I pay for the magazine not to view advertising.",negative
"Best magazines ever. Pass onto my sister, my step-mom, and then to a nursing home.
I read every story!",positive
I had not realized the format was uneditted write-ins.  I would have preferred articles by professionals.,negative
Don't like the changes since Reader's Digest bought them.  Too many ads - not enough articles.  Will not renew.,negative
I had imagined it differently. Just a lot of ads for hearing aids and stuff like that.,negative
Very nice magazine...,negative
Enjoying this for many years now.,positive
"This magazine is awesome, especially for us ""BABY  BOOMERS"". I read it cover to cover.",positive
I buy this every year for my mother and she absolutely LOVES it.  She keeps every issue so she can look back through them often.,positive
"Magazine not what I thought it would be, nor should be. Cannot be easily read  on the Fire. Better luck next time.",negative
Great read will definitely get a subscription,positive
The photos in this magazine are amazing and the stories great.  I was amazed by the quality and can't wait for the next issue.,positive
Channel guide has a tendency to arrive late.,positive
i haven't receieved it yet. -my account says it was shipped jan 9 it must be coming by dogsled!  m. carter,negative
This has a lot of beautiful patterns..Love this magazine. Well worth it !,positive
I love this publication because the patterns are stylish and up-to-date. I save every magazine and refer back to them when I'm looking for a new project.,positive
I absolutely love this magazine!!! It's so inspiring!!,positive
I have been looking at all offers of this magazine. It is only issued 6 times a year and this listing says 8 issues. The other listings cost about $18. Check out other offers.,negative
I love this magazine and I am happy to get it on my Kindle - saving paper,positive
"This magazine is not helpful as far as giving you picture taking articles as much as it is advertising new cameras and equipment.
It is just not what I was hoping for.",positive
great subscription. husband loves it.,positive
Good synopsis of the weekly news.,positive
Take me off of your list,negative
"This is definitely not news for kids, which is what comes up when you search for sth for your kid to read. If you want kids' newsy reading, look for Kiwi Kids News.",negative
I have been reading World Magazine for a while now. Glad to be able to get a digital version for my Kindle app on my Android device. Wonderful magazine that is well written.,positive
"Great recipes and I love the article on how to lower your blood pressure,and the whole magazine for healthy eating.",positive
My wife is the vegetarian in the family but I like the times so I can find things to cook for her,positive
Great magazine and love it on my kindle! The recipes are accessible no obscure ingredients and there are lots of other articles of interest for vegetarians.,positive
I only wish I had read this magazine before I bought the app.  The recipes are not what I had hoped and are too complicated for the average cook.,positive
Always did love these books. Now even better on kindle.,positive
I love everything about The Word Amoung Us.,positive
"It's a blessing, every day to have this daily meditation.",positive
It is a wonder4ful daily memitation on the Mass readings for the day.  A wonderful way to start your day!!,positive
I really enjoy this digital copy of the Word Among Us. I use it daily.,positive
I use it every morning. The meditations give me something to ponder as I walk to work. It is helping me evaluate how I am living my life and helping me make better decisions.,positive
"I have been looking for a daily meditation and daily prayers. This is exactly what I have been wanting and needing, so glad to have found it!",positive
I love this daily mass and meditations ..... Starts the day off  right  with the Lord !!,positive
"One of the best for keeping our daily ""spiritual life"" in the moment!!!",positive
I love being able to tap into my daily meditation where ever I am.,positive
Very unhappy.  Unable to transmit to my Kindle.  Your service agent's solution to the situation was to cancel the subscription and issue a refund.,positive
Daily readings and the devotional given provide me with a great way to start the day and bring forth a new sense of focus every day.,positive
The meditations in The Word Among Us have been part of my daily Catholic Christian walk since 1980. Very solid and uplifting.,positive
This is my daily inspiration.,positive
The best reading I do all day,positive
best for following Sunday Mass ever.,positive
I am greatly enriched by the reflections in the word among us catholic mass edition every time I use it my daily mass preparations.,positive
"Great day to day meditation. I strongly recommend it. Besides the daily meditation and gospel, they have great articles. Congratulations",positive
I find this publication difficult to navigate on kindle paperwork. Maybe its just me ..not sure. Have this on trial.,negative
It was just what I was looking for. Will use it every day.  Very inspiring.  Wonderful for Advent and beyond.,positive
Uts the best newpaper,positive
The daily Republi-con talking points begin with the drug report then are repeated by druggie Limbaugh. Save yourself the money.,negative
I think it is the best digital film magazine out there. The digital copy is really convenient and cheaply priced.,positive
I am still waiting for my first issue to arrive so at this time I can't review.  Was told it could take up to 12 weeks to start...apparently that's true.,negative
"Amazing Quality, Great content and good price.
National Geographic is really worth the try. Go ahead give it a go",positive
It uis just the best magazine ever. I find it to be the most pieasurd to read. with so many articles to read about.,positive
It doesnt seem like Kindle includes all the pictures. The quality of the writing seems to have declined over the years.,positive
I ordered this magazine on 10/7/06 (over three months ago) and haven;t received a single copy yet!!! STINKY SERVICE!!!,negative
I've been looking for a quality hand gun for concealed carry so this magazine has helped. I also like keeping updated on new products.,positive
"Gave as a gift, she loves it!! Customer support was awesome very helpful!!",positive
Completely uninteresting,negative
Good information about new books and authors.  I am definitely going to try and read a few books I learned about in the magazine.,positive
Wasn't what I expected.  I receive this publication for free at my local independent bookstore. I plan on unsubscribing as soon as I can.,positive
I think I read every article. Can't wait for next issue.,positive
Kindle didn't deliver it.,negative
The best general archaeology magazine I have read. I  highly recommend it!,positive
"I have never been able to use with Kindle....
AFTER MANY MANY attempts.
This has never been all access at all.",negative
And there was no help available to get to access it! VERY disappointed! You REALLY need to work on this!!,negative
Loved reading it in the nail parlor but the ads have changed. Not enough good deals. Used to have fabulous little inserts. Where are they? Disappointing clothes.,negative
"Not impressed with this magazine, it wants to be allure, but very thin and nothing to read about.  Boring, boring , and Boring!",negative
I've deleted and reloaded twice and still haven't finished the first issue  and I have to reload the magazine each time i reload the app,negative
"Great magazine. In magazines, print trumps digital",positive
Wired magazine is one of the very few magazines that I actually read from cover to cover. Every month I find myself indulging in its contents. Highly recommended,positive
"Wired is the best magazine ever, it covers all sorts of topics and does so with some balance and fairness.",positive
There isn't much more to say. Wired has created a wonderful reading experience. I am sure they will find more ways to amaze. I would highly recommend this publication to anyone.,positive
"As a tech geek I was looking forward to this magazine, but I was wrong, all This magazine is nothing but ads. I will not be renewing.",negative
I do not have a pad and wanted to read my Wired on line via my Mac.  Can't do it.,negative
Have not been able to access anything. It's very complicated to get it to work. Was really looking forward to reading Wired but no such luck.,negative
"I paid for a two year subscription, after two Issues they changed to a ""web only"" magazine and stopped sending me issues. So now i paid to subscribe to some blog, Worthless!",negative
"beautiful mag, great copy. everything I expect of vanity fair. I guess i get an online copy too, but for the price I was happy just to get a few physical magazines",positive
I was not allowed to download so i request to cancel the suscription and they didn't do it. I tried all the options they have to download but none of them worked.,negative
It encompasses everything I love from fashion to advice on love. I love it from page to page. Awesome read!,positive
I love the articles in this magazine.  They're very insightful and ahead of their time.  I've had a subscription now for years,positive
I was not able to open it up on my Kindle. The only articles that came through were the ad pages?,negative
I can't access the digital version at all which sucks because I am going on a flight soon and would love to be able to access it,negative
Not really worth it. There are other magazines with more information. Didn't have enough information to bother reading.  I don't really care about what celebrities are wearing.,negative
"I've yet to receive my hard copy, and the digital All Access copy doesn't include iphones so I cannot access it.",negative
Excellent accessibility. Vanity Fair is a wonderfully written magazine. It is great to be able to take this with me.,positive
"When I tried to get service from Vogue it
took them two days to say: ""sorry we can help""
DON'T DO IT.  I WASTED 20.00...",negative
"I bought this believe in that I could view it on my android cell phone Samsung S4, but found out that it only worked on android tablets.",positive
Basically no recipes...,negative
I'm Paleo and I love this magazine because it consistently gives me delicious recipes and fitness info. It's just a really all around great and beautiful magazine!,positive
"Love this magazine - the best GF magazine I have seen by far. Informative articles and product info, super recipes, beautiful photos, and easy to read layout.",negative
"I love twist magazine 'cause it has all the latest info on celebs, tv, fashion, and so much more.

P.S.did i mention thatI LOVE it??!oh yeah i did mention it!! LOL!!!!!",negative
Long lead time for the orders. After few weeks time I am still waiting to get the first issue...,negative
My 10 year old daughter loves this magazine!  There were no problems with the subscription.  Perfect tween/teen magazine!,positive
Love it!! Can't wait for the next issue!!,positive
"This magazine has wonderful, informative articles. I read it from cover to cover and can't wait for it to arrive.",positive
Favorite pet magazine that I get.  originally sread it at the dentist office and ordered it ever year since.  Fun and informative.,positive
I have orderd this but have not received any issues yet - how do you rate something they have not sent you?  It must be 6+ weeks since ordered,negative
This magazine is definitely not intended for working class folks. The designs and materials are quite extravagant. Makes me wonder who lives in these places.,positive
this has to be the worst magazine ever... total waste. full of ads. nothing else.,negative
Not a magazine ...it is one big advertisement.  I had high hopes for this publication.  Stick with Traditional home or one of those.  Big disappointment.,negative
"this is a front for advertizers selling pharmaceuticals.  Wow!!  Not a decent recipe, just ads for pills.",negative
When I pay for an HBO subscription I don't get tons of pointless ads so when I pay for a magazine subscription I expect the same.,negative
Subscriotion has yet to start after 8 weeks.,positive
There is nothing you can get in these magazines that you can't get for free on Allrecipes.com,positive
Took too long to arrive...full of ads,negative
Way too many ads,negative
"nice magazine, like the recipes",positive
This was not for me.,negative
"Love it, and you cannot beat the price.",positive
inexpensive ideas with lots of good ideas and recipes,positive
I like the variety of recipes offered in this magazine.  I've found keeper recipes in every issue so far.,positive
I've always liked this magazine,negative
"I love this website, and I love getting this magazine, my new favorite!!",positive
This is my favorite cooking magazine...Love it....well worth the cost and much more affordable than most!,positive
Tried a few recipes and they turned out great!,positive
I love it!!,positive
The last 2 months this magazine would not download.  So I paid for items I couldn't even open up,negative
"I'd rather search for recipes myself.  Also, as a visually-impaired person, I don't like reading magazines this way.  That's my opinion anyway.",positive
Love it! Its perfect and helpful for cooking for my little family!,positive
"Not sure yet as I have the 4G Kindle and the file is too large to download, needs wifi and can't do wifi without help. Can't access 'mayday' without wifi.",positive
Disappointed.  This magazine never had adds and now it does....,negative
One of my favorite magazines! Great reference.,positive
My sister-in-law loves to cook and absolutely loves this magazine!,positive
Send old issues to count as part of the new subscription.  Not right,negative
Several years ago I was also receiving this magazine.  It is 1/4 the size it used to be with not many recipes inside.,negative
I used to have a subscription several years ago.  Seems like there isn't as much content to the magazine now.  Not sure if I'd order again.,positive
"Love this magazine, down home cooking",positive
"I love this magazine, it is my all time favorite subscription.  There are so many recipes in Taste of Home that become a staple in my meal rotation.",positive
Only received 2 in a year!,negative
A gift for my Mom.  Great price!,positive
I used to get the print version of this magazine and loved every issue (I still have some hanging around).  I really like that I can get this on my kindle now.,positive
ive only gotten 2 issues so far,positive
We love the recipes in this series of books. They are easy to prepare and delicious!,positive
"Have only received two issues to date.  Use of non-familiar, unavailable in my area ingredients.",positive
"Actually, I'm not that into cooking, but a friend is and I purchased this for her.  She loves it.  Great gift idea for that chef in your family!",positive
Not impressed!,negative
Always loved the magazine.  Now when I shop I have the recipe on my phone and can look up the ingredients I need without taking time to make a list.  Wonderful!,positive
Love this magazine and it gas timely info,positive
"I have been subscribing to Taste of Home since the beginning, and I love it.  It is the first magazine I look at when it arrives.",positive
Use these recipes a lot. Love them all super easy and delicious. Has lots of ideas for freezing and easy prep,positive
Great magazine!! So worth the money you spend on the subscription! Best recipes ever and the family loves everything I fix out of Taste of Home,positive
Love the fact that my niece who is the receiver of this gift subscription loves this magazine. Thanks for the automatic renewal,positive
"My mother used to cook from this magazine all the time.  The recipes now are too complicated, call for seldom used ingredients and just are not appealing to me.",negative
"A good combination of easy recipes, with nutritional information now added, to inspire you in the kitchen and help you keep the calories in check if are watching what you eat.",positive
I bought this as a gift subscription for my daughter-in-law.  She loves it!  I'd get a subscription for myself if they published a vegetarian version.,positive
"If you love to cook and try different recipes, this is the magazine for you. They have a variety of recipes too. We have tried many of them and they are great.",positive
"You get what you pay for ($5).  Several copies came about 3 months after I ordered.  Nothing since.  I have not went ""on-line"" to read whats on there.",positive
I bought this magazine for my husband who is a network administrator and he reads cover to cover. I have no tech background and I enjoy looking at some of the articles as well.,positive
"Bad experience. These magazines are almost like 85% adds and 15% real info. I wish I could cancel this. By the way, they enrolled me for another year. Just plain bad.",negative
Disappointed with the design of the magazine. I couldn't get into the content.,negative
"A pain to load on tablet, and a pain to read on a tablet",positive
"This ""magazine"" is at least 50% advertisement.",negative
"I love the articles in Wired. They are relevant, interesting, and educational.",positive
IT IS A WEIRD MAGAZINE TO READ... IT IS NOT SET UP LIKE A NORMAL MAGAZINE WITH EASY TO FIND ARTICLES BUT MORE OF SHORT DITTIES ON A LARGER VARIETY OF SUBJECTS...,positive
Good Product Great Price - What I was hoping for,positive
"I love this magazine, always interesting articles, great photos and even the ads are interesting.",positive
"Best mag, digitally and for real.  Dolan's guest editing was fantastic and matched the movie!",positive
"solid magazine, glad for the subscription",positive
Not impressed with Content,negative
I needed Vanity Fair for Kindle with the ability to enlarge text. Could not do that,negative
The publication was great as always I purchased in February of this year and was shocked that it auto-renewed in november.  Not happy about this!,negative
OMG the ads take up half of the magazine.  I could fall asleep before they get to the good articles.,positive
Was meant to extend subscription - now getting double issues. Useless.,negative
"I bought this for my son, he loves it.  Delivered when it said it would be.",positive
I haven't received all the issues in the mail and I can't access the website on my kindle.  DO NOT buy this.,negative
I was completely unable to download it to my ipad so it was worthless to me --- I would really like to try it again if it would work.,negative
Tried and tried and could not get the all access to work. I tried e-mailing them for help but to no avail.,negative
"But really, it's only the paper edition. We were disappointed and, obviously, we didn't renew our subscription.  That's too bad.",negative
I love getting it on my kindle. I have it everywhere!  Makes it easy to access and share. Thanks again.,positive
Love my Bon Appetit!!!,positive
"Many repetitive recipes.
Hard to get through the process of authentication once you subscribed it.",positive
Love this magazine and digital viewing is amazing with the shop from app option I'm a happy girl! Love allure,positive
Love this magazine. it is one of my fav beauty magazines,negative
Hi! Love this magazine.,positive
Best Magazine I have ever paid for. Always the most interesting stuff in them and samples!,positive
Just not my thing.  I cancelled the subscription.,positive
"So far, they have only sent me one issue, which came LATE after the month had already passed. (I got the September issue in October. Really?)",negative
"Love love my magazine, I get so excited",positive
It's a lifestyle magazine not fashion. I do not need to see two guys making out or a nude woman to learn fashion trends. No content just ads.,negative
"I liked the articles about exercises you can do at home.
I liked the interviews with the person on the cover.
I would recommend it to someone interested in exercising.",positive
I can not get the magazine on my kindle or Samsung tablet.  I am very VERY disappointed.  This is the only amazon purchase I have ever had a problem with. :(,negative
Too much adverising. Backwoods Home magazine is way better.,negative
Wish it was published more then 4 times a year. This is my favorite magazine and always look foward to reading,positive
Boring magazine...all advertisments,negative
Wonderful platform for up-and-comers; wonderful resource for enthusiasts.,positive
Found it boring and opted out before I ponied up my nickel.,negative
"I only got to see the second issue I received, since the first issue disappeared before I could read it.  I didn't like the story I read at all.",negative
"The perfect bite-sized goodness.  A work of art, a short story and a poem.  I look forward to this every week.",positive
"disappointing - totally obscure, boring, will stick with the NY Times book review on Kindle to discover new authors and interesting essays",negative
"I would really love to have this feature for my kindle. Unfortunately, it is not possible to download day one if you are a german customer. Will this be changed any time soon?",negative
Spent to much time talking about how they changed themselves and how great the magazine is..... Reality really not that good. Cancelled subscription after 1st issue.,negative
My mom just received her first issue. A Christmas issue in January. That shouldn't count as an issue in my opinion of its old. Just my two cents.,positive
Hard to find the content I hoped for in the forest of ads...,negative
The content of this magazine is much too frivolous for my lifestyle. Will not be renewing.,negative
My Mom and I are avid fans! Couldn't go a month without reading this great magazine! WooHoo! From 2 Fans!,positive
Too many ads in the magazine.,negative
Best magazine ever!!!!,negative
Love this mag!  I can actually understand the direction and the recipes always turn out great! Highly recommend!,positive
The editorial design was so busy and unattractive.,negative
canceled it,negative
Love to read this magazine.,positive
Could not get even one magazine yet!!! Could not access the electronic content either.,negative
Nothing but stupid ads and stinky articles.,negative
"Great hat and an even better magazine. Thanks, AGAIN, Amazon.com",positive
never got the messenger bag,negative
"Wired is my favorite tech pub, continues to have great content",positive
Product was incomplete,negative
"Horible, their app did not work on my older iPad and there was no way to read online on my laptop or desktop. How can a technology magazine be so technically incapable.",negative
Only received one issue and then their systems altered my address and have yet to receive more issues or the bag. Fail so far.,negative
Its September and still have not seen one issue (3 months),negative
Great deal and a great magazine,positive
"Great stories, great content!",positive
what a terrible magazine.,negative
ads ads ads. too many ads. too trendy content.,negative
"I get the monthly publication, but no access to digital style guide or gift card. I called and GQ wasn't sure as to when I would get access to those items. Just told me to wait",negative
Magazine is made for the ADHD crowd if that is even possible in a magazine.  I think this one will be cancelled quick.,negative
Will not renew. Prefer the print edition. Cannot find what I'm looking for. If you don't like ads then this is for you.,negative
"No I was unable to download vanity fair magazine on my Ipad
I am very disappointed",negative
Great way to read the magazine & easy to set up.  The free tote was a nice touch too,positive
Vanity Fair is a great magazine. The articles are well written and thought provoking,negative
Not too happy with Vanity Fair. Articles are just taken off the web. Will not renew.,negative
Love this magazine. Amazon's ability to manage all your magazine subscriptions from their site is a welcome tool.,positive
I got the magazine when I thought it would never get here. I got the free scarf but never got the other two booklets. Not really that impressed.,negative
Got my free scarf but the app never downloaded into my kindle.,negative
"The bag makes a cute weekender for my 8 year old son! But hey, it was free, so I can't complain! :)",positive
No comment that's positive. Not what was advertised,negative
i can't use all access. no tablelet.,negative
Continually promotes promiscuity in their articles.,negative
I've never received any print issue.,positive
Not impressed at all; tote set was thin and very cheaply made,negative
Worst free gift ever - went in the trash! About half the size it seems and made of a cheap shiny poly-plastic. Disappointing for a magazine that should know better,positive
Love this magazine! The electronic edition is very user friendly. No issues reading it on my iPad or Nook. Highly recommend to anyone.,positive
Kim Kardashian on Glamour now there's an oxymoron!,negative
Already being bothered to renew and never got the tote.,positive
didn't get my free bag.,positive
Will not be re-ordering this magazine.,negative
We did not receive the tote,negative
I did not receive the free tote.,negative
Alot of ads in.magazine,positive
great price and great promotion and very impressed with amazon.,positive
There is nothing I can say.... I am not able to down laud the magazine on my kindle fire.  I am waiting in september for my fist magazine.  i ordered in June 22.  a month before.,negative
Moved in June and tried to cancel my subscription but it is still showing as processing,negative
Clutch was VERY cheap and of poor quality! Shame on Conde Nast!,positive
Absolutely love this magazine!,positive
Cheap. Threw it away immediately.,negative
Meaningless!!! just page after page ad...content is nothing to be excited about...Don't buy,negative
Renewed through AMAZON. The clutch is great!!! Can't live without Vogue. Have been receiving it for five years.,positive
"The magazine isn't what it used to be. I'm not really reading it but still, I'm disappointed that the big September issue hasn't come.",positive
Would be great except I didn't receive my Sept issue or any free clutch.,negative
Girl friend loves this mag,positive
I'm yet to receive a magazine or a free clutch. Terrible.,negative
It did not come with a clutch as stated.,negative
"I have been a fan of Vogue for decades.  The ""Free Clutch"" is a joke.",negative
"got 2 old magazines, however no clutch",negative
Can't live without my Vogue,negative
No digital access from an android. Come on Vogue.,negative
I couldn't download my subscription. And customer service couldn't really do anything to help me. I received my hard copy subscription but was unable to download my digital copy,negative
Love it always have always will print or digital!,positive
I like paula.but this is awlful. and way to many avertiments don't waste your money!!!!!!,negative
WILL I AM SURE I WILL ENJOY READING WATCH IF IT EVER GETS HERE WHATS THE DEAL ANY WAY I KNEW IT WAS NOT SHIPPED RIGHT AWAY BUT HEY IT HAS BEEN LONG ENOUGH SINCE I ORDERED IT,negative
The best business mag out there,positive
Articles are kind meh; I wouldn't buy this again.,negative
"Great magazine, the best.",positive
$47.99 for a four-issue subscription?!  Is it printed with gold ink?!  No way will I pay over ten dollars an issue for any magazine.,negative
Over hyped. No big insights or innovative concepts.,positive
"I love this magazine! And to receive a gift as well, was perfect. The make up back is big and roomy.",positive
"our two year old grandson just loves this magazine and sits for a very long time paging through it, mind you he never sits still for anything!!!!!",positive
Meh.  Sub-par vegan magazine.  Expected so much more. Huge disappointment.,negative
"Sick adverts Pop Mechanics. Literally almost every other page has an ad on it, mostly about cars or tobacco related paraphernalia. 1/10, would not read again",negative
I got this subscription for my husband. It's his favorite!,positive
printing is too small.,positive
"would NOT display on my windows 7 laptop, so it is of no value at all.",negative
U cannot enlarge words in digital version  print is way to small to read in magazine  version I wasted my money,negative
It was a gift. She got the tote but here we are months later and still not one issue.,negative
"money

Never received printed version of magazine, no tote bag either. Electronic version wouldn't allow me to download with out paying again. Don't waste your money.",positive
Never got the free tote bag,negative
"I never received any of the items. i originally placed this same order back in march 2016. i never got that order or this one. not the digital copy, print copy or tote bags",negative
"Well I never received the magazine, but I got the tote bag",negative
"Terrific Magazine with LOTS of wonderful recipes.  The price was extremely reasonable, as well!!",positive
I got the tote bag but not the magazine.,negative
Never got free tote. No note was given that it was a gift. Tried to order another gift with the $5 special but it wouldn't go through,negative
Always a winner,positive
I paid for both and they cancelled digital after a month and a half.  Do not buy!,negative
the cover was torn,negative
Already cancelled it...,negative
"All ads, very little content. I would say about 85% of it is advertising. Was also supposed to receive a clutch, but that never came through.",negative
I really enjoy the magazine and love the free gym bag!,positive
Kinda boring.,positive
"Bag and physical copy came separately, in that order, within 3 weeks of order!

Love this magazine! Makes me a little more motivated to workout!",positive
Have not recieved the free gym bag or the magazin,negative
Not super impressed with magazine. Mainly purchased for gym bag and never got it.,negative
It was a great deal!,positive
"Wired is an awesome magazine that looks into everything currently going on in our culture, and provides insights into the amazing things you may be missing.  Well worth the money.",positive
I don't have the capability of seeing the magazine.  I'm waiting on the magazine,negative
No cannot download the magazine. It says I have to pay for the subscription,negative
Too many advertisements they have really cut back on this magazine,positive
Enjoyed my HGTV magazine!,positive
Great magazine with great pictures and ideas!,positive
Just love Dr. OZ,positive
It's good to read,positive
Didn't happen.  I gave up after hours on the phone.,negative
"Awesome magazine, with so much of health and nutrition info!! Love it.",positive
Love dr.oz he is the greatest.,positive
The digital immediate access is not available and you will be unable to cancel.,negative
This is the best and most practical magazine I have ever bought in my 62-years of living.  Thank-you Dr. Oz.,positive
The are all great,positive
I cancelled.  I could not get o my Ipad.,negative
"More ad's than I like and not enough recipes, not really impressed but only have received one issue so will see when I have read more.",positive
"I have only received one issue so far.  First impression:  Too many ads, not enough useful information.",negative
"Twin Daughters love this guy. Informative, entertaining. OK Dr Oz.",positive
"I didn't like this because I was wanting the subscription for my kindle paper white, or at least for it to accessible web-based and it was not.",negative
Gift. Liked it.,positive
they keep cutting my sub. off.,positive
I ordered the digital Kindle edition and never received it.,negative
"Came in weird order...wasn't chronological starting off with February, then January.",positive
I love Dr. Oz this magazine is great!,positive
"I marked it one star as I had to mark it at something.  I am having issues with my iPAD and unable to get the subscription app, so I canceled the subscription.",negative
Great Magazine according to my wife...well worth the price.,positive
Love this magazine! I love the price I got even more during Christmas!,positive
Recipes with unpronouncable titles and ingredients. It would cost a small fortune to buy all the ingredients and a master chef to cook.,negative
I thought I was getting the magazine by mail.  I cannot read  it on a kindle.  I'm sorry I ordered it.,negative
LOVE IT!!!!!,positive
could not get this to downlosd,negative
"this subscription was automatically renewed at a higher price, which led me to inspect other subscriptions doing the same...guess i should be thankful??",negative
Informative and full of great recipes.,positive
Ingredients to expensive and hard to find where I live.,negative
I bought the magazine as a gift and the person I gave it to (a millenial!) never signed up for the online access.,negative
Ordered for a friend and she loves it!,positive
"My favorite cooking magazine, always great recipes and well organized table of contents. If you are looking for one cooking magazine to get, this is the one!",positive
I would not order again.  Do not renew.,positive
Love the mag and the deal they offered.,positive
not able to access the magazine on any of my devices.,negative
"Very unhappy, Unable to get my digital copy on Kindle app without being charged again.",negative
Can only use on ipad once. Horrible horrible horrible rip off.,negative
Could not download to my Kindle.  What a waste!,negative
I still have not received a copy on my Kindle.,positive
too many recipes,negative
only recieved one issue,negative
"The worst magazine ever,don't want it anymore.",negative
Ive never received this on my Kindle although I was charged the $3.00 for the one issue.  thanks,negative
Good magazine on handguns.,positive
"I have not received the Kindle edition, only the print edition",negative
This was a gift for my son. He received his first issue yesterday ( his birthday is Saturday).  He says he likes the issue and is pleased that he will receive more issues.,positive
Not exactly what I thought it would be. I was expecting the actual magazine.,positive
Never was able to access,negative
Full of ads like all magazines any more,positive
"Love this magazine, such a great price and so much information perfect for new moms like myself.",positive
I love having both the print and electronic version!,positive
"Always get at least a couple of must-try realistic recipes per issue, and lots of great information on healthier habits. Couldn't beat the deal on this one!",positive
Recipes are too complicated and not much of interest otherwise.,negative
I love to cook and this is a magazine where I keep recipes and share them with family.,positive
Too many times they refer you to the website to get a recipe or additional news.  Why buy the magazine if they do that?,positive
"Love this!!! Great, easy to follow recipes and tips.",positive
Good magazine. Lots of healthy eating ideas.,positive
LOVE this magazine! I've tried all kinds of the recipes and love the ingredients listed within them.,positive
Great gift to give others. A subscription makes a perfect holiday present. Would purchase again,positive
Nice over-all coverage and helpful hints make it well worth the time and money.,positive
Could not access kept redirecting me to an invalid site. Hate it.,negative
Came in super fast and just fun to read!!!,positive
Nothing but advertisements.,negative
LOVE it. Beautiful design!,positive
very informative great for women over 35,negative
I LOVE this magazine!,positive
Wired has become a mouth of the SJW's while somehow managing to increase the irrelevant advertising. The only articles I find interesting have been published online.,negative
I love wired magazine and the price for a 6 month subscription can't be beat!! Highly reccomend,positive
I like this Mag!,positive
If your thinking of subscribing swing by a news stand and check it out first. I won't be re-subscribing.,negative
bunch of garbage,negative
too many advertisements in this magazine.,positive
Do not renew my subscription.,positive
Too difficult to read on the Kindle.,negative
Please do NOT renew my subscription.,positive
"too many adds, not enough articles, most of the recipes required ingredients that were difficult to get",positive
This is a terrific magazine!  Being able to access electronically is wonderful.  Then getting the magazine in the mail is such a treat.  Can't wait to start cooking!,positive
This has gone from a serious cooking magazine to a fluff piece full of ads. I will not renew.,negative
I am DISAPPOINTED......I have tried numerous times to access this and cannot receive it other than the hardcopy!! Not happy!!!!,negative
LOTS  of advertisements - I wanted to see more pictures of rooms transformed as in before and after and the steps along the way.,negative
"Love this mag, just received issues !",positive
Great magazine!  Will be  very useful.,positive
Lots of ads for paint and more paint.,positive
Love it. Looking forward to my next issue.,positive
This is my favorite magazine by far. It seems to have less ads in it than other mags. It has interesting ideas. I always look forward to finding this in the mailbox.,positive
Awesome magazine.  I can't wait for each issue.,positive
Ordered in March and have yet to see a single issue.,positive
"Yes, I have always loved outdoor magazines like Field and Stream, love both the magazine and that it's available thru Amazon",positive
Can't get digital copy,negative
No directions on how to access the digital version. Maybe I'll figure it out.,positive
Very disappointing in where this magazine has ended up. Seems to be about a quarter of the pages since I last had my subscription(which was about 5 years ago),negative
Can bring it up on my tablet I have no response since I sent a text to get help,negative
"Love the magazine already, and at this deal ($5) for the print and digital versions, what's there not to like ?!",positive
Only recieved 2 issuses of this magazine and im only 4 months in,negative
Excellent research and easy to read. Very interesting topics,positive
"If you like science, this is the magazine for you. Great gift. Excellent articles.",positive
Bago products came as thy described. Well stitched well made.,positive
Nothing to see here.  Try something else.,negative
This should be free before any one buys it.,negative
"been going downhill for 20+ years, now just a waste of trees",negative
"This is an Awesome magazine that honors God and Christian living. Give it a try and you want be disappointed. I plan to be a subscriber for many years to come.
Blessings
Wendy",positive
wont re-order,positive
Just could not get into this magazine.,negative
awesome devotional. I already had the devotional before I placed this order. I think it's amazing,positive
For a magazine about active healthy life it's full of ads for bad foods. I cancelled the subscription.,negative
Not as impressed as I thought I would be with the magazine. Also never received the 15 free guide.,negative
This magazine went down in quality.,negative
I received two magazines and have loved it! It's nice having it delivered to your home and motivates you to keep your butt in shape!,positive
Instructions on how to access the electronic version must be provided. An access link would be best.,negative
"Call me old school but, I would prefer to save 10 minutes of my life and wait for the printed edition, whenever that is supposed to start...?",positive
the app doesnt work 0 stars,negative
Auto-renewal with zero communication it was going to take place. A reminder or two would have been optimal.,negative
So sorry there seem to be more ads than articles. Tried to cancel the subcription but was not successful.,positive
Too many ads and very little content. Piece of crap. I'd rather install adblock and browse their website.,negative
my hubby loves this magazine. has lots of interesting articles to read.,positive
"Too many ads, I guess that's why its free.",positive
"Very dissatisfied with the copy that I got. Torn, crumpled pages and looks like it has gotten wet. Couldn't even scan the pages properly.",negative
This is one of my favorite magazines. It's great to take with while waiting for an appointment. There are always so many interesting articles and pictures.,positive
Great ideas! Suggestions and directions for real life!!,positive
"Not much content, I find it comes with mostly ads in the magazine.",positive
This use to be a better magazine when it was a complication,positive
Been reading this publication since i could read and thats been 55 years,positive
"very happy with this magazine, so much info and great ideas to try out",positive
"Disappointed.  Not what I expected.  I remember the old PM from 35 years ago, insightful.",negative
Never got the free tote or special edition issue.,positive
If you love food networks you will love this magazine. Illustrated recipes and good articles. Very colorful.,positive
"I love the magazine, many ideas and nice to carry to read at appt. One of my favorites",positive
Just not to my taste.,positive
best magazine ever!,negative
Not able to download onto kindle.  :(,negative
Not happy with book,negative
Got this for my dad for a great deal,positive
I love this magazine and the price is surely right.,positive
Quality magazine at just the right price.,positive
Like so awesome,positive
"As expected, a must have shelter magazine",positive
Great Magazine...Great Cost!,positive
This is a beautiful magazine. I love the fact that there is a wealth of information regarding gardening without all the ads,positive
Lots of advertisement,positive
I absolutely love this magazine!,positive
Content is not so exciting,negative
"Best magazine on the planet, $5 for 6 months",positive
90% ads . . . I wanted something that would help me in my career.  This ain't it,positive
What happened to the words?  Seems like the magazine if full of ads and photos...but scant few words.,positive
No recipes I wanted in the first issue,positive
Just another magazine with tons of advertising and very little information.,positive
Not for us.  We cancelled subscription.,negative
"Love this magazine! Great price, order arrived before specified!!!",positive
I am really not crazy about this magazine.  I don't like the format.  It is too hard to read.,positive
A all time favorite mag,positive
This magazine has really gone downhill. It's sooooo thin there's almost no point in reading it....it's all advertisements,negative
Horrible magazine. Worthless piece of crap. All ads. A shame they cut trees Down for this garbage.  Ad delivery system.,negative
Great book & service!,positive
HORRIBLE. Waste of money. All ads. Piece of cheap. Don't bother.,negative
GREAT MAG,positive
"I decided to get a subscription after not reading it for several years. Definitely not the Men's Health I remember, just page after page of advertising.",negative
One of the best magazines ever.,positive
faux-woke neoliberal garbage,negative
"Badly written articles lack chain of evidence, lack even an overview of counter arguments, show no supporting reasoning.",negative
I find this magazine very biased.  Would not recommend it.,negative
"Every single page is an advertisement.
National Geographic Traveler is way better",negative
Horrible.,negative
I truly appreciate this magazine for its thinking and for its superb writing.,positive
Received a few issues so far. Unimpressed. Written at grade 7 level at best.,positive
My stepdad loves to fly and he was very excited to get this magazine.  He flies his own personal plane and this was perfect for him.,positive
Great for any pilot!!!,positive
don't recvid,negative
Love this magazine! Makes the morning workout go so quickly!!,positive
Best golfing magazine out there. Great price.,positive
I am very disappointed about the last issue. I read Asimonv's with my kindle. This issue was printed  in such a way that you have to move back and forth for every line.,negative
Boring. Will not be renewing.,negative
I was very disappointed in the magazine and would like to cancel my subscription.,negative
"Well-written, great design, great photography...",positive
My son absolutely loves this magazine. It really has expanded is playing and his interest in different artists.,positive
"This subscription took 4months to get the first issue!
I don't have faith that I will get 12 issues liked promised!",negative
Was cancelled without warning,negative
"This is a fantastic magazine, helpful and imaginative.  I only have it one star because we paid for a two year subscription and only received 2 magazines.  I feel we were robbed.",negative
This rag sucks!,negative
Decent magazine at a great price.,positive
Really not good.,negative
"One giant ""Work at Home"" advertisement.  My first issue lauded the glories of using ""Click-Bait"" advertising.",negative
all commercials/adds....,negative
Never received any issues,negative
It said I would be getting 8 issues. I got 4. Do not subscribe to this. Its not worth it.,negative
"Ads everywhere and hardly any articles. Nothing to read, really. More like an ad catalog than a magazine. I'm cancelling the auto renewal.",negative
The magazine is mostly advertisements.,negative
This magazine has gone down hill quickly. The writing is terrible and the journalistic quality is nonexistent.,negative
Horrible democratic propaganda. Nothing is worth reading in this overpriced pile of crap.,negative
just trash,negative
"Disgraceful cover and hate photos & words, especially against office of presidency & conservative individuals & citizens.",negative
Disgusting magazine,negative
"For the almost six months I have had this subscription, I have received only three (3) magazines.",negative
SO many advertisements.,positive
A go-to magazine for the modern metrosexual,negative
The quality of the writing is very poor. They have low life authors like Jesse Ball writing articles for this magazine.,negative
really not impressed with it.,positive
How can I review this when I haven't got it yet? I will never buy a magazine subscription from Amazon again. Almost 2 months and I haven't received anything yet!,negative
Only recieved 1 issue :-(,negative
Excellent.  Just what I expected.,positive
To many adds not enough information,negative
Havent even got a magazine yet and i order in july,negative
"Will not work with the kindle app, ONLY an actual kindle device. Doesn't seem fair.",negative
My son really enjoys this. Thank you.,positive
Fantastic read,positive
I can't read or open up the September 28th edition which shows in my newsstand as available.,negative
"This magazine rocks! I love the fashion articles, and the embarrassing stories and real life articles are great! :)",positive
"Got it for my husband who plays the piano and enjoys composing and producing songs on his synthesizer. He loves it, and checks the mail often for the next issue.",positive
"Being a vet during the Vietnam war, but not being stationed in Vietnam, I find the articles interesting.  It fills me in on what other vets stationed in Vietnam were experiencing.",positive
"Not as good as it once was, mostly ads. I canceled after 1 issue.",positive
"one of my favorite magazines.  love the stories, jokes, and everything in each issue.  am glad to get it.  read them and save them all.",positive
Cheap price with a monthly subscription that I read,positive
The paper this is printed on his practically see-through. I don't even think it would work for clip crafts. And most of the information is available on the internet.,negative
Magazine is quite small.  Not a lot of articles anymore.  A lot of ads.  Probably won't get it again.,positive
never ordered,negative
Articles are well written and photography is good.,positive
"This is being advertised and sold as a print/digital bundle, but it's actually just the print version.",negative
NICE BLEND OF INFORMATION. THIS PUBLICATION IS FOR BEGINNER AND ADVANCED CRUISERS AND TRAVEL AGENTS! GREAT INFORMATION AND TIPS. I LOVE & RECOMMEND THIS MAGAZINE!,positive
Great read for any runner - no matter your skill or experience level! I specifically enjoy the product reviews in this magazine....Im always looking to try out new gadgets.,positive
"Received first issue..so far not impressed, hopefully articles in the future will be current, more informative.",positive
Not as good as I remember it from years ago. I hate the e-reader format. We'll see how I feel about it once my traditional paper version gets here.,positive
Felt far too many ads,positive
Mostly ads I'm not interested in,negative
Lots of ads.,positive
Forgot I picked this up as a Today's Deal and will  not renew. Too much advertising and not enough food related stuff.,positive
The copies I received did not even look like real magazines. They looked like promotional magazine samples. Mostly ads. Very little content.,negative
"As a business major, this is the best subscription. Its great fro writing papers on current news and topics.",positive
"I subscribed for 1 year, but my second issue was not delivered. Received 3rd issue, but disappointed to miss an issue when I paid for a year.",positive
Dealing with I-5 Publishing has been frustrating.  Their customer support has been an automated labyrinth of false promises.,negative
I bought it because I thought there would be more images inside - visual inspiration for the home. But it was all text and recipes.,negative
I ordered this subscription in the beginning of December and I have only received 1 issue,negative
Magazine isn't as good as it used to be. They have definitely increased the amount of ad space they use.,positive
I have not received one issue of the Ladies Home Journal since subscribing. The only requirement to please me is to start sending what I paid for.,negative
Great magazine at a great price !,positive
Was a gift for my husband.  He didn't really care for the magazine and did not renew.,positive
Nothing special,negative
"Not much new content and rehashes the old material under new titles, just read online sites and you will be informed",positive
Wonderful for keeping up to date and finding new products and ways to use them,positive
"Definitely not what I was expecting.  Very abstract and at times pornographic.  I deleted it almost as soon as it was downloaded.  NOT for me, for sure!",negative
This is the BEST photo magazine ever published.  You have to subscribe to it.,positive
I love guideposts. It is so uplifting to me,positive
"I thought I would like it since it's not your typical ""OMG"" girly magazine like Cosmo or whatever, but it just wasn't my thing. Not my style and I would not purchase again.",negative
I love the magazine and gain inspiration for my garden,negative
Digital copy is difficult to get,positive
Gave this as a  gift as I already love this magazine. My sister loved it just as much!!,positive
I've been an avid fan of this magazine since I was 10 years old. Love it!,positive
TOO MUCH.  We did not renew.,positive
I don't recall ordering this in Spanish.,negative
I absolutely love this magazine I read it cover-to-cover it is so informative and spirit-lifting,positive
Too many adds and not enough content.  You are much better off searching the web as you are offered many more ideas on the internet.,negative
The best beer magazine ever!,negative
I used to really love this magazine.  It's been dumb downed and I am not a fan.,positive
"Love this magazine.  If you like heat in your menu, subscribe.  Great recipes.",positive
LOVE this fabulous magazine!!,positive
The photography is amazing.  Always some new place to add to our list of places to visit.,positive
Son enjoyed the magazine.,positive
"i need, i saw, i buy, i could of lots done better

VERY EXPENSIVE",negative
grandson enjoyed,positive
Don't waste your money on this magazine. The photos are nice but this magazine is way over priced. You can find the same information online.,negative
awesome deal truly!,positive
This magazine is mostly ad's.,negative
Best Gardening Magazine!,positive
The best magazine for up and coming filmmakers. Nobody rivals them.,positive
this was a gift for my uncle BUT he says it's an awesome magazine. This was an easy way for me to renew his subscription as a Christmas gift.,positive
ordered 4 magazines at the same time almost 3 months ago and received 3 of them within 4 weeks. i have yet to receive the first issue of this magazine yet.,negative
Love this magazine. The illustrations are great as well as the articles.,positive
I never wanted this but I couldn't get rid of it when I ordered Modern Cat magazine,negative
Overpriced these days for a thin magazine .Few articles of interest IMHO to the average owner..,positive
Thought it was a magazine it's more like a monthly flyer,positive
Disappointed. I thought it was supposed to be a magazine.,negative
Thought it would be a quality magazine. Turns out to be a few page pamphlet. Definitely not worth the money.,negative
"There few articles.  The magazine is mostly ads and classifieds, which isn't what I was looking for.",positive
"Being a ""Gun Nut"" from my early youth I find this magazine has always fulfilled my need to be up-to-date on all things guns.",positive
"I have yet to receive the 1st copy either in my Kindle or in the mail. Given it was purchase a month ago, I not happy.",negative
My husband loves this subscription.  He looks forward to the new issue every month.,positive
"Not worth it! Husband liked it but in a year susbscription he only got 2 issues, from Feb '17 to Dec '17. For $20 that's a rip off. Don't waste your money.",negative
The magazine seemed light on information.  I researched and found I could access the same type of information online for free.,positive
Love it.  I recently purchased a home in Shadow Hills and look forward to hearing about everything thats going on in the Valley,positive
My daughter loves science and absolutely loves this magazine.  She usually reads the whole thing the day it comes.  Would buy again!,positive
come 2-3 month late after order and then missing 1 or 2 month in the middle....,positive
Very disappointed. My daughter is an avid and advanced reader. The stories in Spider are mediocre at best. We won't be renewing.,negative
My 7 year old loves this magazine,positive
Daughter isn't interested in them. Very wordy.,negative
Great gift for your bee lover. Would recommend!,positive
I order one subscription clearly . Was billed for three.  three weeks and no help what so ever. off to report this fraud,negative
I love this magazine.  I can learn new things about all things local and even get directed to the hole in the wall places in town that are fantastic!,positive
Such and interesting magazine.  It is my favorite.  Lots of pictures and unusual interesting information.,positive
"Renewed for another year as she loves her magazine, looking forward to every issue!",positive
My daughter was very glad to get this!,positive
"Terrific gift for grandson who LOVES cars!  Subscription started, as planned, and it keeps on giving all year!",positive
I love this magazine--I'm from Dallas and it gives me information that helps with my trips back home.,positive
I never got a magazine. I ordered it about two months ago.  Still haven't seen not one magazine.  How long is that supposed to take.,negative
Good insight into what's going on with science and technology in today's world.,positive
LOVE THIS MAGAZINE!!!  MUCH LESS EXPENSIVE THAN A TRIP TO EUROPE!,positive
i live outside chicago and love this magazine,positive
"Bought it over 2 months ago.  Still, no issues have arrived.  Order fulfillment is clearly not a strong point.  Is it any wonder the publishing business is dying?",negative
We recently moved to the St. Louis area.  This magazine is chock full of information concerning events in the St. Louis area. Easy and enjoyable read.,positive
too many ads==not enough helpful hints,positive
Years ago I saw it and loved the brightly colored diverse ads. Now same ads repeating and far less attractive ones. Disappointing. Will not renew.,negative
Not exactly what expected. Too many ads not enough articles.,positive
Few out there. Euro mags are much better. US better step up.,positive
Love this magazine. So many places I never knew about are featured I feel I will never see them all. But I'm trying!! Love the upcoming events pages. Even the ads are awesome.,positive
No interested,negative
"This team is passionate about sharing the stories of Portland, Maine and its wonderful for the region to have a glossy publication representing it.",positive
"This magazine is a must for anyone who loves Bluegrass Music.  It gives information on new music, groups, instruments, and many other things related to Bluegrass.",positive
"I got a free copy of the November issue and it states the full one year subscription rate is $19.99, so I don't see how amazon can claim this as a discounted price.",positive
a wonderful magazine has lots of informative articles and coin pricing listings.,negative
"I THINK THE PRICE IS EXCESSIVE, CONSIDERING HOW MUCH ADVERTISING IS IN THIS MAGAZINE. I WILL KEEP SEARCHING FOR THE PUBLICATION THAT MEETS MY NEEDS.",positive
not worth it,positive
Awesome magazine. I enjoy ever issue,positive
"I found everything I hoped for in the magazine, concerning whats happening in the blues world. It's the best in blues.",positive
"Clever, hip cutting edge magazine for anyone who cares about writing.",positive
The best in the industry.,positive
This is my favorite magazine ever!! Love all the NC info,positive
Have subscribed before - always love the issues and save to re-read years later when an article is pertinent to my current circumstances.,positive
I have been ripped off by Amazon.  Never received magazine and emails go unanswered.  Buy elsewhere.,negative
"I know it said ""The first issue should arrive in 12-16 weeks,"" but I don't understand why it should take so long.",negative
Great magazine for Eastern US railroad news and photos. I use it for work reference material and as a railfan.,positive
I only received one issue from my subscription until it's expired.,negative
"Very disappointed with the last few issues, looks more like UK magazine's. Needs more top shelf designers. Loved it before not so much anymore.",negative
I HAVE NOT RECEIVED ANY ISSUE OF THIS YET BUT I BETTER REALLY SOOOOON!!!!!,negative
Best publication on California fly fishing!,positive
Publishers Weekly is a great way to stay on top of the publishing news. New sales delivered to my inbox on a daily basis.,positive
I get this for my husband who is retired Navy.  He really enjoys it and looks forward to getting the new issue every time.,positive
WE love this magazine!  The price is so reasonable and the photos are gorgous.  They make a lovely addition to your coffee table.,positive
I love this magazine and I can't wait for the next issue to come out! this is very informational reading.,positive
"Just about everything you want to know about the make-up world is here. Highly recommend this magazine if you are interested in make up, special effects or beauty.",positive
It does not open to a full page--the print is too small.  I am unable to expand the screen.,negative
This magazine did not download. I wouldn't give it even 1 star but I  couldn't submit a review unless I did.,negative
Not very good.,negative
daughter who loves history enjoys this magazine,positive
my 11-year old son loves this magazine,positive
"I received the wrong magazine, so I wasn't pleased at all",negative
To much squirrel dog and cur dog and not enough hound.  Has went backwards from what it was 10 years back.,negative
I did not buy this,negative
Reads just like the real thing! I love it!,negative
This magazine sucks!!,negative
The International Artist is one of the best art magazines available today.,positive
I would like this product or my money back. I've been waiting since January for this product that was promised no later than April 2.,negative
Not available through prime. Not free.,negative
"If you love skiing you will love Powder.  Gear, stories, locations, and some world truth.  It has something for all types.",positive
to many commercials,positive
Waste of time. Mostly advertising,negative
"Lot's of ads, limited content. Will not purchase again.",negative
I enjoy reading the McCall's quilting magazine they have great ideas and patterns.,positive
Ordered this in march and as of now only one magazine has been delivered.,negative
Low quality reading,positive
Great magazine at a great cost through Amazon.,positive
it's  cool,positive
"This is a Wonderful magazine.  I am enjoying the great writing that covers art, culture and social issues.  Thanks Native Peoples!",positive
"It is hard to review a magazine that I have yet to receive even though it was order 12/04/2005.  Please let me know when I can expect to receive my 1st issue,",negative
My husband is a city famer at heart so it was the perfect gift.,positive
Love Lowriders love this magazine,positive
I order this magazine for my husband. He is very into cars. THis magazine is a great magazine to learn more about cars. This magazine is perfect for any one who like cars,positive
"I love this magazine! If you are a traveler, you'll love it too.",positive
"I just found it too expensive. The quality of the articles is mediocre, and there is a focus on qualitative rather than quantitative articles.",positive
It was for my son and he was pleased to receive it.,negative
I've read this magazine for years now.  I use to get it in the snail mail now on my tablet.  Good general history.,positive
This is my last renewal.  The magazine is definitely going downhill.  Too many ads and too liberal!,positive
"Yes, it met my expectations and I have renewed my subscription. It is the best magazine on spiritual traditions.
Thank you
Patricia Roberts",positive
"As usual a winner! An awesome magazine any way you get it, digitally, or hot off the press! Transworld never disappoints!!",positive
Best articles. Love this magazine.,positive
Our granddaughter loves this magazine. We have purchased it as a gift for her for 3 years,positive
A fantastic children's magazine that supports parents biblical believes. It is a great read for kids and they will look forward to getting it every month!,positive
Great magazine worth reading. Great for anyone who likes advice on personal and business.,positive
"My Aunt Cleo recommended this magazine to me 45 years ago. Great magazine, articles for true self improvement.  The magazine keeps getting better and better.",negative
Great publication. Lots of great resources and stories. Real Motivation for ANY entrepreneur! I especially love the 10 tips to build wealth that can be found in every issue.,positive
"This French magazines has a fresh new way of looking at crafts and food presentation.
Enjoy their creative embroidery ideas.",positive
"Awesome magazine, one of the best out there for pheasant hunting with your dog.",positive
"Loved it for years, moved from print to ecopy",positive
"Comes quickly. Great prices on here vs.anywhere else. New Englander who loves this for years. Give it to family or friends who no longer live in New England, they'll love it.",positive
Received only a half of issues.,negative
I love this magazine I read it from cover to cover,positive
Gift - is enjoyed.,positive
Great magazine. Great source of information! Ty!,positive
"So nice to have this to read, and cheaper than subscription and Newstand.",positive
Nothing useful in this journal.,negative
Politically biased and unthruthful publishment. A pathetic escuse for journalism.,negative
Lackluster to the extreme.  Quality articles have been replaced by fluff pieces that read more like a teen magazine than the Time I remember.,negative
It's been a month and I don't have the first issue yet so I can't very well review it.,positive
Husbands Xmas gift two years in a row. He love it!,positive
I love the Oregon Coast and I love this magazine.,positive
Adventures section is actually PAID advertisements camouflaged as good tips. :-( and not reliable.,negative
My 14 year old daughter very disappointed. Lots of Sale Ads.,negative
"Excellent to be able to read a magazine electronically, as I have asthma and can't buy the real thing. Great fun!",positive
"I love to scratch build in a world of ARF's and RTF planes, so this magazine is right up my alley.",positive
Probably the best magazine in the world for scale model aircraft.,positive
The kindle came but no the print arrived--ordered since May,positive
Wonderful Swedish magazine with gorgeous Scandinavian homes,positive
"I have not received any issues of the Donna Hay Magazine. I have paid for a 1-year subscription, and have received 0 copies. This is super frustrating. I want my money back!",negative
This magazine is always a five star.  My absolute favorite!,positive
i only received 2 magazines all year!!!!!,negative
Love this magazine!!!!,positive
"A fantastic magazine with great editorials, stories on pipe making and history. A must have for anyone who is a pipe smoker or enjoys collecting pipes.
KrustyWes on #pipes",positive
There was not the same amount of content a different sculptures as I had see in past issues. I was a bit disappointed. Maybe the next magazine will be better.,negative
"crappy humour, subpar content and really not as advertised..the issue is also printed on low quality paper",negative
"I'm getting the issue of March 2017 instead of 2018, please fix it",negative
Great magazine for socialist. The first two issues I received were 100% focused on bashing Trump and Americans. They will be tossed in the fire from now on.,negative
The magazine is not worth the cost of subscription.,negative
Best mx/sx magazine out there.,positive
Love the magazine.  Excellent service,positive
Great magazine. Lots of information and good photos with explanations.  Best magazine I've seen that covers multi English disciplines.,positive
"Excellent magazine for those of us that live in Ohio and like to go to festivals, places in and around Ohio.",positive
My son in law loves this magazine!!,positive
Love this magazine in that it provides a  wide rang of scientific knowledge from behavioral to space science. increases knowledge.,positive
This magazine was part of a gift. I renew this subscription every year so that speaks of how well put together this mag is.,positive
"Don't bother with the digital, it does not exist. I spent hours talking to the yahoos at Amazon trying to get it activated, and all they did
for me was waste my time.",negative
Retains the flavor of old time hunting with a delivery time of 3 to 4 months for first issue.,negative
"It used to be a good magazine but now is too focused on trendy, ugly design rather than pretty.",positive
Favorite guilty pleasure magazine. A designers dream book.,positive
"Best film review magazine. Film reviews of old, classic, and new films.",positive
i ordered this and have not heard anything from the company or see any thing in the mail. Not to happy about it at the moment.,negative
"got one magazine, never the rest of the year",positive
Ordered it for an 11 year old horse lover and she wasn't really excited about it.,positive
nothing but ads,negative
"By far the definitive journal for the Porsche owner and enthusiast. Thorough, well written and highly informed - one of my favorite publications.",positive
I ordered this magazine subscription over six weeks ago and have not yet received an issue.,negative
Purchased for my brother. He loves it.,positive
Very happy with the magazine!,positive
This feminist magazine featured a profile of Linda Sarsour. Looks like feminism is dead. So I canceled my subscription.,negative
"Go GIRLS! I'm loving this magazine. Very uplifting and makes a gal feel great about herself, her sex and her awesome intellect...a rare thing on Earth in this time we live in.",positive
"Their website used to be an authority site. Now, they have turned it in to a pop ad, spam site? Its crap!",negative
This IS the best magazine out there,negative
Didnt learn that much from it.,positive
Mr granddaughter in-law just loves this magazine.,positive
Great magazine with lots of helpful articles and tips.  You won't be disappointed if you subscribe to it.  Great price also.,positive
Thin magazine.,negative
"I renew this subscription for my dad, for father's day every year. He loves it and always looks forward to a new issue in the mail.",positive
"Ordered in early Feb, Its just about June and I have never received an single issue.

Do not order your subscription to this magazine on Amazon.",negative
"If you have an older boat that you work on, don't miss this great magazine. The folks at the Annapolis Boat Show who publish this magazine were great to talk to for suggestions.",positive
Received 1 magazine of a year's subscription,negative
Awesome magazine.  We enjoy it a lot.,positive
Price was way too high but everyone else's was too.,positive
Long shipping time and high price.,positive
Do not renew.,negative
Good Reading.,positive
"I have been a subscriber of on Fitness magazine among many others an ""ON FITNESS"" is the best magazine I have ever read for fitness on the market!!!!!!!!!!!  Thank You On Fitness.",positive
It's been approx 6 months and I haven't gotten a single issue. First time not happy on Amazon. Hopefully they will fix the problem so other people won't go through this.,negative
I love the beautiful pics and always get great ideas.,positive
"Awesome magazine.  Always thought-provoking, extremely well-written.  I read it from cover to cover.",positive
"The best Newspaper in the USA, hands down!!",positive
My granddaughter loves this magazine.  Perfect for summer reading.  Interesting articles.  She loves this magazine,positive
no magazines have arrived,negative
Only teo of my issues came when i signed up for a YEAR... wrote a complaint and never heard back.,negative
Not worth the money even at the discounted price . The magazine is prolific with ads and paltry on content.,negative
Will not order again received 1 got some kink of small rebate around $15. Never again,negative
"i haven't gotten a single issue yet , don't understand why payment went threw so whats the problem . Just waiting",negative
"Love Beckett. Best
Magazine for collectors!",positive
Very disappointing. I was expecting football information but was primarily about football cards. Would like a refund.,negative
This magazine is amazing!  For a small publication this magazine has so many articles and interesting topics they cover.,positive
One of the best magazines in the field worth every cent.  A publication to enjoy.,positive
There is always a problem with renewals!,positive
Scrapbooks Etc. is a great magazine for scrapbookers of any level.  They always use the lastest techniques and ideas.,positive
stats and player profiles were great,negative
"This is my favorite NBA magazine!  Plus, so convenient to have it on my Kindle Fire.",positive
Still waiting. Don't ask me for a review before I get my first issue. Check back in a couple months.,negative
I expected more pictures AND articles! It's mostly ads! It's very lame. Glad I didn't pay for it!,negative
My husband's favorite magazine!,positive
"Well researched, chock full of practical applications of permaculture and sustainable living.  Highly recommended!",positive
The magazine is great but my first issue that I received came in February and it was the Dec.-Jan. issue.  Umm....the holidays are over...so is holiday cooking...#oldnews.,positive
A truly delightful magazine. I read every article. It is like taking a wonderful trip with an old friend. Keep up the good work.,positive
"This is a complete waste of money. Almost no classified ads, which is what I bought it for. Never again!",negative
I am cancelling my subscription because Oprah has turned the focus into something which is against my values. Even my 86 year old mom refuses to read O!,negative
I would not recommend this magazine too many ads and products they are too expensive.,negative
Awesome for kids just starting to understand the Mass and reading of the stories.,positive
"My girls love this. If you want your children to have a deeper understanding of mass, then this is perfect for them",positive
Did not enjoy. A waste of money.,negative
"Boring and not as informative as I'd hoped. Cheap print format. I'm sure lots of folks love it, but I cancelled after a few months.",negative
bought as a gift - the only reason I didn't give 5 stars is because it took forever for my mom to get her first subscription and they didn't use the correct mailing address.,positive
"I love this magazine! I've owned my 4runner for 16 years & I'm not interested in other mags with Ford, Chevy, Jeep etc...
Only reliable Toyota's!",positive
ads and product pushing,negative
"I don't get any anything
Lires",negative
Not as good as I was expecting.  Complicated recipes and very few recipes.,negative
"This magazine is widely available for $20 per year on other sites.
The $39.00 price offered here is not a good deal",negative
Ordered this subscription in January. Received one issue in February. Nothing else arriving.,negative
Small and more advertizing than articles. Don't waste your money.,negative
This was my first issue and I like the content and the magazine.  I can't wait for the next issue to arrive.,positive
I purchased this subscription for my boss - I love this magazine and share mine with anyone who wants it  Sojourners is doing a great job!,positive
Best handloading magazine there is.,positive
I placed the order in January but have not seen a copy yet!,negative
"Cannot wait till it arrives.  Great photography.  I have been a subscriber for five years.,  love it",positive
This magazine is the best on the market.  Great demos and information for all artists of all mediums.  I would highly recommend it.  You won't be disappointed.,positive
"Excellent, we love it",positive
GREAT MAGAZINE MY WIFE CAN READ TO KEEP UP WITH THE GERMAN NEWS AND GOSSIP. THE COMPANY HAS A RELIABLE SERVICE CARRIER AND VERY FEW ERRORS.,positive
If your Flat Screen doesn't produce the sound you like then this is a MUST HAVE!  I use it every time I watch my TV ..... From sports to news,positive
"It is obvious that the target audience for this magazine is the well-heeled, style-conscious white collar worker going by the adverts and article focus.",positive
Great Dolphin information.  Purchased this for my son.  He is an avid football fan.  Loves the Dolphin Digest.,positive
"Love this magazine!  Easy patterns for not-so-talented and experienced knitters with clear directions and lots of beautiful pictures.  Also, adds are relevant to yarn crafts.",positive
A quick easy pattern source with the newest styles. I can always count on this magazine for easy gifts and stash busters.,positive
Do not recommend.,negative
As a NOVA resident I love this magazine...Read it cover to cover every month.,positive
Love it...so much good information!!,positive
"By far the top auto magazine of both US and UK crop!  Love the in depth coverage, the industry insights, and the exclusive first coverage.  Simply the best!",negative
I bought this for my mother who suffers from arthritis and she didn't think it had as many articles that it should and too many advertisements.,positive
ITS CALLED SPIN TO WIN RODEO BUT IT ISN'T ABOUT THE RODEO,negative
We love this magazine!  We live in a very rural area and having this magazine allows us to stay current with our rodeo friends!  Love this!,positive
"I love this magazine and have subscribed for many, many years.  Highly recommended!",positive
i would rather buy hustler then pudhouse,negative
"My granddaughter loves the magazine, and I got a good price by purchasing through  Amazon.  I highly recommend this magazine for students.",positive
i  purchased this magazine for my granddaughter in November as a Christmas gift . She has only received one issue since .now being March . what is going on ?,negative
Amazing magazine. Love love love the information and ads given.,positive
Very high quality and will keep you informed on the trends in the industry. Highly recommended if you are a web designer or dev.,positive
3 MONTHS to receive first issue? ?!!??? C'mon  :(,negative
This is now nothing more than a liberal mag.  Might as well be the Ladies Home Journal or the Washington Post.,negative
I use to get cosmo all the time but now i feel like its just full of ads...like every time you flip a page you get an ad....,positive
I'd like to order two subscriptions to Cosmopolitan magazine as gift subscriptions. It says only one subscription is allowed. That's a shame.,negative
"It's good, I like it, I recommend him to my friends. Iam very love it",positive
"what a joke ordered a monthly subscription on january 03,2018.....and today is March 21, 2018... WERE IS IT....BETTER YET CANCEL MY SUBSCRIPTION",negative
Its one of my favorite cooking magazine!!!,positive
Too many ads not enough info.  I used to love their website.  Now it wants you to watch videos.,positive
"Got these to put in the kids area of our waiting room, very popular read for the kids!",positive
"Waste of money, all adds.",negative
The new issue was released this past Friday. It is now Monday! Where is the newest issue? This is rather annoying,negative
MY mom has one received otero magazines. Very disappointed,negative
Great magazine! Everything you want to know about cameras! Very Satisfied!,positive
I use this mag for design ideas for my home.  It's perfect for my needs.,positive
Luv it. My favorite interior design magazine currently in print. Even if Metropolitan Home was successfully resusitated (pleeeeeze) I think I would still love Elle Decor.,positive
"I have subscribed to Country Woman for many years.  Love, love, love it!  Nothing negative to say.",positive
Did not order this!,negative
What a terrible magazine. A waste of my money for sure. Didn't get a single thing out of it. Would NEVER recommend this to anyone!,negative
Only evening listings!  Not much info on the shows.  There must be something better!,positive
have gotten this for several years,positive
"Pretty skimpy magazine. If you want lots of ads, here's your magazine. The articles that are there are decent, just not enough content. May not renew",positive
I will not be renewing as too many ads and too little information.,positive
love this magazine!!!,positive
seems like there is ore ads than recipes and most of the recipes are stuff don't normally have around the house and i not comfortable cooking with since i normally don't use them,negative
"This magazine isn't good.  It's outdated, boring, and there's about four pages of useful content in each issue.",negative
This was given as a gift but he loves it!,positive
I have an active subscription which i cant download,negative
My daughter didn't like this magazine - she flipped thru it once and was bored.,negative
Love doing crosswords so this so works for me.,positive
Not a great magazine. Don't like the slick cover.,negative
34 pages of ads before you even get to an article,positive
"I get the print edition but wanted to get it on my Kindle Fire, but its not offered in a non-print version.",negative
"I have not received my magazine as of yet so I can not comment on something I don't have for which I though I would after a month.

Regards,
Betty McCloy",negative
"The delivery was quicker than expected. The magazine is as I expected. Well represents O style - elegant, classic, something for all price ranges, beautiful and practical items",positive
"I rec'd the first issue exactly one month from the day that I signed up
for it. Excellent service. Very pleasantly surprised!!",negative
If is possibly I assign 0 stat. The diagramation and graphics are a shame. I feel very disappointed that amazon offer a magazine for kindle in such low standard.,negative
The magazine never appeared on my kindle.,negative
Not formatted for K-Fire 8.,negative
"Great coverage of current events, I look forward to reading it weekly.",positive
Only three issues in 7 months,negative
"very informative, happy I am getting it",positive
"As this is my 1st time on this Magazine I enjoyed it thus far, plus it's very informative for me as my interests have turned to Technology of the day.",positive
I find this mag to be really boring. I'm not going to renew my subscription.,positive
"Loved this magazine, sad they are no longer printing it.  They said they would replace my paid subscription without a year of People magazine, at have yet to receive it.",negative
Only received 2 issues.  Magazine content is poor,negative
"My grandson only received 3 magazines and as of the date 03/11/18, still trying to settle this.",negative
The best magazine written for progressive values,positive
Love readers digest!,positive
Tried it as a trial. ..not what I remembered,negative
A very expensive magazine; does not offer too much,positive
"Love it.
Great magazine.",positive
SINCE MY ORDER OF 6/1 STILL HAVE NOT RECEIVED THE FIRST ISSUE FROM SUBSCRIPTION TO RC MAGAZINE???,negative
My husband really loves when this magazine comes in the mail.,positive
"You have to wait 3-4 months , and even then it's out of date",negative
Far superior to the American version. The photography is absolutely beautiful and you learn lots about rural life in England.,positive
"Interesting magazine, with useful ideas that can be carried out easily. Always presents the latest trend in decoration.",positive
"I ordered this magazine in March and have never seen a copy.  Yet, it's still being advertised.  Has the magazine gone out of business?",negative
My mom loved this magazine and cant beat the price compared to in store,positive
Grandma love it!,positive
"Not at all what I was expecting. Instead of a gay life magazine, it was just ads. Barley any real articles.",negative
I didn't like the layout.  Too small for an Fire 7 tablet.,negative
"This magazine is a gem, filled with great writing. If you still like the feel of a print magazine and love basketball, Basketball Times is a must for you.",positive
"Good global news,covering politics and business and technology. Some unique stories",positive
"I didn't order this. I didn't ask for renewal. I tried to make it stop, but cant.",negative
Poor history.,negative
Great for sewers of all expertise levels.,positive
"I always look forward to each issue, there seems to be something I want to try each magazine. I've been a subscriber for 20+ years! Call it an addiction.",positive
Compelling lyrical short stories well worth the read.,positive
"Good content; I like reading about how politics, sports, and taste in clothing, electronics, and cars change over the years and decades. A mini history lesson and time capsule.",positive
I loved this magazine when I was pregnant and during baby's first year. Now I'm sure to get it for any of my friends who are expecting. Great product reviews!,positive
Love the articles and tips in this magazine. Offers great photos and ideas for trending hairstyles.,positive
I cannot rate something that has not yet been received.  It has been a month since I ordered and nothing has been received to date.,negative
An excellent publication.  The only literary/book review that I read from cover to cover.  It has lead me to several wonderful books.,positive
I thought this was a magazine about nice pickup trucks not a for sale and parts catalog.  Do not like it!,negative
my sister loves this magazine,positive
First time.. There are too many advertisements and not enough pictures and content... so far..,positive
Every issue makes me want to visit or move to Maui.  Beautiful Photography and interesting articles. What else could you ask for.,positive
"I bought this for my niece for her birthday on June 3rd.
Estimated arrival is the end of August. What are they doing with my money?",negative
"Nice variety, easy to read.  A perfect gift for my mother, who is an avid puzzle fan.",positive
Great magazine!  Learning a lot about the building process and enjoying all the photos of existing homes!,positive
So much more advertising than actual articles.  I was hoping with the advertising they would list already existing log homes for sale.,positive
The print is too small on the iPad,positive
I enjoy the gear and route information,positive
LOVE ALASKA WE WERE STATIONED THERE IN THE MID SIXTYS SO SEEING THE BEAUTIFUL PICTURES BRINGS BACK LOTS OF MEMORIES.,positive
Love the Puzzles,positive
"We love wildlife and want to know what kind they have here in AZ.  Very informative, his aunt apparently subscribe to the same magazine.",positive
I love this magazine. It helps keep me connected to my home state.,positive
I can't review this product because I won't start receiving it until March. I didn't realize this was a subscription to a magazine. Poor advertising on this product,negative
Haven't received it yet.....I ordered it in December. I hear I won't get it until April or May....kind of a long wait! I am excited to get it....,positive
"SUBSCRIPTION SUCKS!!!! ordered for my son and so far only received 1 magazine.  Really,  thieves.  Deserves no stars.",negative
I have had terrible problems with delivery,negative
"I ordered this for my 12 yr old daughter and she loves it, she's always asking when he next one is going to arrive",positive
What the hell is this little girls magazine doing in the suggested gifts for fathers day????,negative
I was hoping for some good information on mountain living but what I got was big glossy pictures and lots of ads.  Will not renew.,positive
"Terrific Magazine, great ideas, plans, etc!",positive
Awesome magazine.  Very informative!  Love to hear other hunting stories!,positive
"One big fat advertisement.  The ""hunting"" articles are nothing more than sales pitches.  Pages are slick and non absorbent, not even good for toilet paper.",negative
"Like most mags, most stories are actually advertisements for something",negative
Never have received even one issue!,negative
not good.,negative
"Whatever, it was a promo. Cancelled after one issue. Ever since Kardashian this rag has crashed for me. Actually, crashed few years earlier, but Kim was the death knell.",negative
Loved the magazine! I'm from DC so it keeps me in touch with home. Articles are relevant and  interesting. I am very glad I subscribed.,positive
Lots of interesting content.  Always timely.,positive
I subscribe and Takes abot four months to get the first so I get it at the news stand but is nothing good On it!,negative
Muchas paginas con anuncios y nada interesante.,negative
Have been getting this in print for years. Live getting it on the kindle.,positive
Im beginning to wonder if I ever will receive this!  I will never order again!,negative
Excellent publication to improve your philosophical awakening..,positive
Only received ONE copy. Sux!,negative
Absolutely love this knitting magazine! Such a nice variety of patterns and techniques.,positive
I gift this magazine to my daughter each year. She loves it. The patterns are more on trend.,positive
"I enjoy this magazine, I would order it again.",positive
It contains a lot of useful information to entertain people of all ages.,positive
Several subjects covered to inspire and guide you. Found to be interesting and realistic in the spiritual arena. Worth reading.,positive
Truly excellent writing. My favorite magazine ever!,positive
I have been buying it since HS 15 years ago! Love it!!,positive
"Contains liberal prayers, reflections etc. dealing with healthcare, economics etc.  Would not recommend.",negative
The best specialty guitar mag out there.,positive
"Took forever for it to arrive and when it did the mag was not in a protected plastic bag, and it had rips and folds as thought it was just used by the last user..",negative
Love all the recipes.,positive
The articles are uninteresting and not helpful. The entire magazine is basically ads.,negative
"Poor information wrong numbers etc
Ex McDonalds pricing now is less than ten years ago I think not",negative
My mother in law is a master gardener & she loves it.  Great ideas & articles.,positive
"I really like these short stories, sometimes I only have time to read a short story and some of these I would never had read until now. Great way to find more intersting writers.",positive
I am subscribing!  Love it.,positive
Great magazine!  It helps me keep informed with well-written articles and current events.,positive
No reviews. No technique tips. No real information. Just pretty pictures of things that are likely to get me killed.,negative
The subscription his news stands tuesday and i receive it on friday some Saturday. Not good for me.  It would be good to receive it wednesday at tbursday the latest.,negative
A must have for the Buckeye fan,positive
"The best Magazine I ever read. Easy to read, short articles.",positive
Mostly adds not much reading,negative
Always full of SEASONAL recipe ideas! ME LOVE VT LONG TIME,positive
I have always liked the magazine. The vegan recipes appealed to me,positive
I received 4 of the same issue.,negative
very anti God publication,negative
Wrong magazine. Thought I was ordering Taste Of Home.,positive
Always love Taste of Home,positive
Great publication. I enjoy reading it each issue.,positive
I read this daily. A wonderful part of my day.,positive
I enjoy  this  magazine. It is interesting  and has many useful  articles. I would strongly recommend it to preachers and all who value their religion .,positive
i don't have kindle and it was too big of a hassle to convert. So i closed the account,negative
i look forward to my monthly edition but disappointed that jan 2014 had strange sentences and missing organogram. this spoils the whole article.,positive
Informative in a variety of articles. Each article makes you think and reflect on what you read.,positive
Czytam i polecam - chyba najbardziej wywaony tygodnik w PL,positive
I absolutely love this magazine! The pages are full of education. I learn something new with each edition. I would highly recommend to all Canon shooters.,positive
"I ordered this a couple weeks before Christmas, and as of yet it is still in limbo waiting for the subscription to start.",positive
this is the best magazine in the world... i love it :) don't think about buying it just buy it.. its that awesome,positive
who is the demographic for such bland and insipid content?,negative
Didnt have info I was most interested in. My low rating is personal and not an actual reflection on the magazine. I will not be renewing my subscription.,negative
"We gifted our married children for Xmas! They love this mag! So informative, esp. for the converts in new marriages.",positive
never got an issue,negative
"I have yet to receive my first issue, and it is two weeks late. I keep getting to run around. I won't do this again.",negative
The best magazine in Spanish!!,positive
The best of the casino magazines!!,positive
go to the ohio game a fish website and it is cheaper,negative
Hands down the best photo mag I have ever had the pleasure of reading...WELL worth the money!  It is the only magazine that I have read cover to cover...every time!  Get it!,negative
"as expensive this magazine was,iwas very disappointed when i realized it was an british publication. it difficult to read and is unenjoyable.",negative
Really - how should I know since it takes two months for the first issue to arrive!,negative
"I ordered this a long time ago, still have not received it.  Amazon is requesting a review of the product..  It would be nice if I had it to review.",negative
not impressed by the publication at all.,negative
It was ordered by accident and cancelled and one copy came I glanced thru it and was  glad that I cancelled it,negative
Lots of ads,positive
"My favorite magazine,",positive
"Do note that you will not be able to download this magazine to a computer. This also means that if there are patterns, you cannot print,",negative
I have not recieved my copy yet.  It was supposed to be deliver by aug 1st.,negative
So sad this magazine has shifted from gorgeous editorials showcasing really top-end interiors to what seem to be paid advertorials.  Really a shame.,positive
I just love this magazine!,positive
"The idea of the magazine is great for nail enthusiasts alike, however I ordered the magazine at the start of December and it still has not come (it is now the end of January",negative
This is the perfect magazine for the nail polish lover. The trends are easy to understand and incorporate. Tutorials are easy to follow. The pictures are gorgeous.,positive
Best magazine for book reviews out there!,positive
DO NOT WASTE YOUR MONEY! Unless you really like to collect rehashed videos from other Avena Lee videos...but why do that?!,negative
Took a really long time .,positive
one of the best publications in the business,positive
Great magazine for girls. Content is age appropriate.,positive
"I ordered this magazine for my husband for Christmas. Placed the order 12/10... well, now it's February and we haven't gotten a single issue.",negative
Very upset about this subscription. I got a duplicate magazine. They are always behind in mailing currents ones. Thanks Castilla,positive
"I subscribed to this mag years ago and the standard is dropping sadly with opinionated cookie cutter ""DJ Advice""

Best bet? Join an online forum and ask questions",negative
Clear writing and thoughtful articles - great reading for anyone interested in contemporary Catholic thinking!,positive
Good magazine. Great photos! Good content.,positive
did not download,negative
Love! Love! Love it! Looking forward to learning more! And I appreciate getting permission to do what I have been doing. ;),positive
This magazine has been the most helpful for me  in my writing career. I love the helpful articles it holds.,positive
Enjoying every issue and learning about the various dictates of assigned values.,positive
"Love this magazine.  There is a lot of nfo and the dogs are adorable.  I bought a product from the ads.

cjo",positive
Why does Foreign Policy not allow my Kindle Paperwhite in the list of available devices? Does that make any sense whatsoever?...,negative
"Great reporting, without bias... Objective and honest!",positive
Enjoy this publication.,positive
not that much of iteresting contents.,negative
Never really got the printed ones in the mail.,positive
i love car and driver my son owns 8 magazines.,positive
"Waited 3 months for First issue.
Received one issue then they stopped coming.

What's the deal?

They need to get their act together seriously.",negative
this was a birthday gift for my teenage grandaughter and she really likes it.  Alex loves reading about One Direction.,positive
Not a very good emag,positive
I love this magazine.  I homeschool my 2 5-year old twins and the magazine is full of information and ideas.,positive
I love this magazine and have ordered it for years. It was nice to be able to order it through Amazon. It was a reasonable rate as well as being quick and easy.,positive
A great magazine for dog lovers,positive
"We have read Historia y Vida since the '70s and it has always kept it's high standards,it is the best historical reading ever.",negative
Love this German Magazine!,positive
Canceling auto-subscribe failed - was charged for another year anyway,negative
Never got the issues. Ever. Waste of money,negative
Always great recipes!,positive
Total rip off. Auto renewed subscription without any warning.,negative
"major problems with auto renewal. Did not get Jan-Mar issues. Called repeatedly. Received the April issue today. Hopefully, the problem is now solved.",negative
One of my favorite mags.  Been reading it for years.,positive
Great magazine. If you like golf  you'll love this plus with the digital edition you get to watch videos of lessons .,positive
"The Mag can switch up ? , catch your curiosity ....makes worthwhile.",negative
Didn't want  didn't ask for. Want to cancel. I am an 81 year old woman!  Go away. P,negative
Where's my digital access? I'm not a happy customer.,negative
I was never granted access,negative
I used to really like Self but it seems like they are trying to appeal to a much younger demographic.  I won't be subscribing anymore.,positive
Love it...Lots of information!,positive
"I was so happy to find this issue, at such a great price, with two of my favorite shows included: Frasier and The Waltons. Thank you for a smooth transaction all around!",positive
"Unless you are an expert in Cal backpacking - I do not suggest buying this bland, thin, memo like paper.",negative
articles are not very good,positive
"This magazine is a fun read filled with a wealth of hunting/fishing intel, stories and tips! I highly recommend it!",positive
"Meh. By the time you get the paper, the news from the web is old. Why bother?",negative
"Recently the publisher has taken to publicly bashing presidential hopefuls.  Their comments are racist and inappropriate, I will not pick up another GQ.  Cancelled immediately.",negative
Nothing more than Maxim Magazine these days. I wish I had tried Details instead.,negative
...mostly advertisements and very few pages.  Not like the old days when there were many recipes to try.,positive
way too many advertisements.,positive
Never received gift and magazine folded,negative
Hard to change address. Haven't seen an issue yet so apparently still hasn't worked. I will try again and then go back to finding a copy at bike stored every so often.,negative
I got the report that my young granddaughter dearly loves her first issue of Disney Princess! This was a great gift idea--I love gifts that encourage kids to read.,positive
While I ordered a subscription for my son I would not know but what I do know is I only received one issue for him since ordering.,negative
"I can't wait to received the next issue, every single page deserves close scrutiny, so enjoyable and inspiring.",positive
"Cannot download in Kindle app on phone, Need to cancel or contact kindle team.",negative
great magazine. interesting ideas. great price,positive
"Great magazine, and I read it upon arrival, and can't wait for the next one. Excellent pictures and stories of wilderness camping and fishing",positive
"Wonderful, the best watercolor magazine.",positive
"It is by far, the best Watercolor art magazine I have ever seen. I love it. If they are all as good, I will be thrilled.",negative
Absolutely love this magazine and the make up bag is amazing. It is not cheap it's good thick material easy to clean and great size. Great deal,positive
Not impressed... cancelled,negative
Steelers fans deserve better.  Zinio is a digital subscription that takes week's to get.  Horrible.,negative
I absolutely love this magazine and have gleaned loads of tips and ideas from it since getting pregnant last year. Highly recommend! And a great gift idea for new mums!,positive
Issues are continually late,positive
My wife's favorite magazine.,positive
Would not subscribe again!! Too many ads and was not impressed with content.,negative
Great value for one of my favorite magazines,positive
The app for on-line access is useless. It keeps rejecting my sign on.  Guess I'll just use the hard copy.  Will not renew this magazine thru on-line.,negative
Bought this for my mother. Very pleased.,positive
"Honestly, y'all, it's 99% trash and 1% somewhat interesting idea-inspiring articles.",negative
I hate this app. Every time I download the issue on my IPad most of the pages download blurry and it doesn't download the whole magazine. I wouldn't recommend it.,negative
"So many great projects, so little time!",positive
Love it. Will keep after 30 day free trial.,positive
damaged package and the product was actually damp,positive
"I cannot download it and I don""t know why. I usually buy books here and all of them were ok, but now it doesn't work. Can you help me?",negative
needs in to interactive. but isn't. so don't get it.,negative
"This is the best magazine for sewing with many items, I love it. You just follow instructions. It's easy and fun to make something",positive
only the 1st 2 issues arrived. I didn't get August issue,negative
"Good magazine, plenty of recipes and good ideas.",positive
This is a pretty mediocre publication.,positive
Husbands favorite. Also makes a great gift!,positive
I love the Wired magazine. Challenging article,positive
Great magazine with super recipes.,positive
"I got the tote and I get emails, but I have not gotten a magazine.",negative
great writing; worth the money.,positive
"Poorly written. Not supposed to be a politically driven magazine, unfortunate.",positive
My FAVORITE magazine ever! I look forward to each new one,positive
The tote bag sent was not as shown. It was a tiny bag that can barely fit a copy of AD.,positive
I never received my tote.  I already had and AD subscription and thought this would just extend it but now I get 2 copies of the magazine.,negative
I no longer like the magazine.  The reason:  it used to have more articles from various people...not just those from the US.,negative
Love Dr. Oz! Love the Magazine!,positive
FAVORITE MAGAZINE,positive
I enjoy his advise. I get excited to see each issue comng,positive
was not notified of auto renewal would have stopped it,negative
Renewal wanted twice the price from last year so I cancelled.,positive
It did not download.  I ask for a refund but to date that has not happened.,negative
No stars because I can't access my digital copy as indicated on-line.  Not impressed.  Rip off!!!,negative
"No longer meets my satisfaction.
Wish to cancel tnis subscription before delivery.",negative
"102 days, (more than 14 weeks) no magazine",negative
"We have been subscribing to this magazine for several years and it is definitely our favorite.  Beautiful photography, poetry, and a wealth of history.",positive
"This magazine is a wonderful slice of all kinds of english activities both past and present. The pictures of flowers, gardens, people and places are simply wonderful.",positive
Not what I expected. Would like to cancel it,negative
Way too many ads. I feel like they are just recycling articles from when I was in high school and college.,negative
Girlfriend loves these,positive
My wife has always loved Cosmo and been a faithful subscriber.  Even after all these years it always makes her day when her new edition arrives in the mailbox.,positive
It is a continuous gift for our Mom.  She has always loved this magazine.,positive
"I subscribed for the combo subscription also, but have not ever received any info on the digital version.  I thought it was included.",positive
Appear that you would have online access but you don't its another $20!!!,negative
No access to much if any information with digital version of the magazine. Waste of money and time. Do not buy!,negative
It took sooo long for the first issue to arrive I forgot I ordered it! Way overpriced for the subscription . Stay away from this investment,negative
"received 3 issues and then none, zero, nada.",negative
Very displeased !,negative
I love your magazine!,positive
Best everr!,positive
great magazine and great delivery,positive
"Too small for the phone and can't view it in my kindle on my pc. For some reason it doesn't sinc and is missing.
Waste of money on my part.",positive
Takes from January to May for subscription to begin.,negative
wanted magazine not computer reports,negative
The mag take you one step further than the TV show.  It's excellent and you are able to follow the recipes at your own pace.  The pictures and articles are fab.  Give it a try!!,positive
Arrived much quicker than anticipated! Awesome deal!,positive
"I've found several great authors and book series through Forever , it's consistently high quality and draws from tons of diverse sources through the years",positive
Lots of ads and content not terribly valuable,negative
Love her and of course this magazine!!,positive
I haven't received any issues of it yet.,negative
"Seriously Popular Mechanics, I am done subscribing, I have been a subscriber for YEARS and it's like 99% ad's these days. Forget it, I am done",negative
A must for modellers !,positive
Never received any issues of this magazine yet,negative
"Simply awesome. Have everything I need now. The circle is complete. Good job, keep up the good work. Even the wife is happy",positive
"No , I can't download digital copy of the magazine , no even the app , also not receiving the new magazine on the mail yet",negative
Publisher taking our money and not responding to inquiries. I was looking for a good mag for preteen grand-daughter.. wish I had read these reviews first. DO NOT SUBSCRIBE!!!,negative
I have been unable to acces the digital access,negative
Love House Beautiful!!! A great Interior Design Mag!!!!!,positive
Kind of useless.  I enjoy this sporadically.  I don't know what possessed me to subscribe.,negative
"Definitely thought it would be coming within the next month, not at the start of 2017. Oh well.",positive
Love this magazine and the price!,positive
"Love this magazine, good price.",positive
Best magazine! Love it!,positive
I don't like auto renewal. I never order your magazines because of it. Wish you got rid of auto renewal.,negative
LOVE THE MAGAZINE!! ALWYS HAVE-SINCE I WAS YOUNG!!,positive
A little boring.,positive
The other reviewer was right. It's a bait and switch. I cannot download on my Kindle.  What crooks!,negative
Won't let me download issues in iPad. Reset the password 50 times. Nothing works,negative
when i actually get the magazine/.,positive
A lot of advertisement,negative
Great magazine.  Gorgeous photography.,positive
One of my favorite magazines. I love traveling so this is absolutely perfect and such a good deal. Articles are well written and always interesting.,positive
I like the daily e-mails better than the magazine.,positive
"Horrifically useless.

Tried to return, and Amazon's site wouldn't take my email.  Ripoff.",negative
Always a good mag,positive
"Like all magazines, too many adds, but they have to make money somehow!",positive
Only got one issue and More Magazine went out of publication....would like to get my money back,negative
Won't be renewing.,negative
"Could not access the issues. They were sent by Zinio, which requires Adobe flash, which is not compatible with the Kindle Fire.",negative
"Awful, just awful. It ads punctuated with stories that scare you into buying goods advertised.",negative
O have only received 3 magazines since I subscribed April 2017!  What happened to all the others?,negative
"Fairly lame stuff, could figure out on your own.",negative
"disappointed that ""Family"" Circle not support traditional family values",negative
Not happy.  Almost every page has advertisement.  Lots have all advertisements 3 pages in a row.  What has happened to Family Circle?  Will not be renewing.,positive
I ordered MORE magazine and ended up getting Better Homes & Gardens. Waste.,negative
The Magazine quit publishing as of April 2016.  Now I have to get a refund.  BEWARE,positive
Never worked!,negative
Not happy with the content of this magazine.  Too many advertisements compared to actual content.,negative
"I love having access to the magazine on digital devices, so as not to carry around heavy issues.  But I also love to have the paper issue to keep in the guest room.",positive
Vanity Fair is unbelievabley left liberals.  Stay out of politics and keep your magazine full of pretty people and photos.,negative
"Cannot get access on line to review the magazine, even after logging the first time.  Never could get back on.",positive
Never got the digital issues.  Contacted Amazon - they couldn't figure it out.  If you are purchasing this so you can read them digitally you won't be able to so don't bother.,negative
"I bought this subscription hoping to learn some new techniques and recipes, however it was choc full of advertisements and not enough content.",negative
To much advertising. Not enough recipes.,positive
Some of my digital edition is missing in my kindle. I can't seem to get it in my iPad.,positive
One of my favorite magazines! My first copy arrived really quickly!,positive
Subscription lied on start of deliveries. Magazine is not the same as the 90s,negative
Haven't been able to access this subscription since the first month. iPad app does not work for me. Have emailed Hearst support many times and received non-helpful responses.,negative
"waste of paper, etc. stick to online content. this magazine's primary purpose is to advertise paints.",negative
This was such a good deal at $5/year that I couldn't pass up renewing my subscription. Thank you.,positive
Too many commercial ad instead of quality articles so stop subscribing it any more.,positive
Definitely one of my favorite magazines.,positive
Excellent read,positive
It is a wonderful magazine. I read several articles and they were very inspirational.  The magazine is beautifully illustrated and very colorful.,positive
I read each word of this magazine every month. Renewed my subscription for two more years.,positive
i like being able to access my subscription at all times anywhere i want. All i need to do is download it once and its available all the time.,positive
More pages of ads than stories!,positive
"I am totally unhappy with Good Housekeeping.  Over the years I loved it but maybe because I am older, I don't find anything interesting in it for me.",negative
Almost as many pages of ads as articles. I won't purchase it again,positive
Too high class for me.  Lots of ads and stuff that just isn't my taste or style.,negative
"I've been subscribing to this magazine since it first came out, and never plan on missing an edition! Simple, timely, and great for a vegetarian household.",negative
Books are behind a month. I bought for son but he has already read at friends because of late delivery,positive
"Had to cancel.  Could never get digital subscription to work.  Rodale said it was Amazon's fault, Amazon said it was Rodale's.  I said bye bye.",negative
after 4 months I have only received 1 physical magazine. What a rip off,negative
Did not appreciate the automatic subscription.,negative
Digital issues take too long to post,negative
They renewed my subscription without notifying me first!  Did not subscribe again.,negative
"I take my issues to the doctor's office for others to read. I am sure that there are many costs involved in publishing a magazine, but there are just to many ads in the magazine.",positive
"fluff

Not much to really sink your teeth into.",positive
Cancelled order. I just like the physical magazine.,positive
Impossible to cancel online.  A lot of adds in the magazine. Auto renewed.  Save your money!!!!,negative
Great source of healthy eating alternatives.  Well thought out recipes and reviews of food/produce.,positive
Love this magazine. Great price,positive
"so so...70% ad's, font in articles tiny",negative
"do not know how rhey use this title??- is a ""religion "" magazine whatever that has to do with a mind?  kms",negative
Way too much advertising and most content was not of interest to me.,negative
stupid magazine I cancelled but never got a refund,negative
"Wasn't impressed, won't be ordering again. Not a whole lot of good or entertaining content.",negative
"I ordered for gifts 2 subscriptions.  Only 1 person received all issues, other person received only 1 issue.  Why?",positive
"If you want a magazine full of ads go ahead, otherwise don't waste your money.",negative
Love the gorgeous photos that showcase many designers and decorating styles!,positive
pretty boring,negative
I have not been able to access good housekeeping,negative
"A waste of paper, all adverts.",negative
"Love this magazine, full of great articles!",positive
I can't get Hearst to extend my subscription as advertised in the offer.,negative
I am a new subscriber and a little disappointed with the magazine as a whole.,positive
Can I give it NO stars? I still can't get the online versions resolved for the people I gave these gift subscriptions to.....really annoying!!!!!,negative
Very few recipes that are of interest to me.  I am looking for healthy and recipes for one or two.  Waste of my money.,negative
My print copy hasn't been coming and the label says my subscriptions is good through December 2016,positive
not what it used to be.  even the paper is poor quality.,positive
"Too many ads in the magazine-almost every other page is an ad! Also, many of the stories are fluff, with no real content to them. Not my kind of magazine anymore...",negative
print is way to small to read,negative
Love this magazine -- always have!,positive
Great ideas with food recipes!,positive
Amazon subscribed for me!!!! And finally I found out how to cancel it,negative
for a person my age it was a little disappointing.  Kathleen Cavalenes,positive
"Terrible support from the publisher. Took me over a month to process a cancellation. Amazon was great, publisher not so much. Stay away if you don't want to deal with the hassle.",negative
"Not much content, mostly ads.",positive
The person I buy this for loves it.,positive
I love Reader's digest. Great mini stories and articles.,positive
Too much advertising...too little content.,positive
"I'm not as satisfied with this magazine as one would think.  Like many products on the market, it has more advertisements then informative content.",positive
"We didn't order it and I am having trouble getting it taken off my bill.  Not happy.  Love the magazine, but don't want it online.",negative
Not impressed with magazine. Flooded with ads and not enough articles.,negative
Love Runners World! Best magazine!,positive
This was the only magazine I read regularly when I lived in Italy!!! I just LOVE this magazine. I has everything and more about women's issues and concerns!,positive
TOO EXPENSIVE FOR WHAT YOU GET. THIN MAGAZINE AND EVERY 2 MONTHS IS WHEN YOU GET IT. DID NOT RENEW.,negative
totally useless. Do not renew,negative
Great deal on a good magazine,positive
Awesome mag for beginners and experienced pilots. Well written and easy for the novice to understand.,positive
My Favorite magazine,positive
Really the best way to experience this incomparable publication,positive
"Great magazine! Smart, intelligent, humorous.",positive
Doesn't work on my tablet (android with kindle app),negative
great price-sent it to my daughter at college,positive
It won't let me order,negative
"Great magazine, great deal!",positive
I thought I would give Cosmo a try but it just isn't doing it for me.,negative
Over done!,positive
"Love the mag, great price!",positive
She's very positive I look forward to her magazine every month.,positive
Excellent Mag. have been reading it for more then 8  years. coupled with digital & magazine makes it the best of both worlds,positive
Nothing to read really. It took me not even 15 minutes to finish reading the whole magazine.,positive
One of my faves!,positive
I never received the digital copy.,negative
I really wanted to love this but the majority of the magazine is just ad after ad. It felt like i was paying to get a book of advertisements rather than beauty articles.,positive
great bargain,positive
No iPhone support,negative
"I received a letter telling me that they were not publishing the magazine anymore, and replaced it with Glamour, so no, not happy.",negative
Can't access the digital version.,negative
I love the magazine and am happy that I can view it on my iPad now.,positive
Could never figure out how to get it on my device since it doesn't work on the kindle app. Also paper copy is lame and thin,negative
This is my favorite magazine and it was a great value!,positive
This magazine is full of AMAZING recipes with mouth-watering photos to go along with. Especially love the articles on wine that give great tips for the wannabe wine connoisseur!,positive
"Did not like the magazine. Too outrageous. Plus, they tried to charge me more than the initial subscription fee 3 months later.",negative
Do Not Buy,negative
simply the best magazine there is!,positive
Best way for subsciptions,positive
Awful access and bad customer service,negative
"I was supposed to receive 5 issues, i only got 2.",negative
My brother loves this magazine!,positive
"I freaking love this magazine. It's funny, informative, contemporary, and has an excellent mix of recipes, stories, tips, reports, and photos and infographics.",positive
"Too many ads.  Not enough content.  Very pricey!!!  Also, it auto renews!!",negative
I got a subscription for $5 and may get $5 worth of articles during the year. This magazine is 95% ads and is geared towards the rich and famous.,negative
"I paid extra for the digital edition, come to find out, that I can't get the digital on my computer.  It's only for notebooks, etc.",positive
This magazine has been filled with ads. I mainly wanted this magazine for home decorating tips and such and there is some of that. Not the best. Its also thin,positive
This is my favorite all purpose magazine.,positive
There is very little substance to this magazine. It is primarily advertisements.,negative
This was for my son who builds cabinets. He really enjoys this magazine.,positive
Best garden magazine out there.  Advertising FREE.,positive
"Great magazine, been reading it for years. Have learned a lot from it.",positive
I never got the tote bag and the articles are poorly written.,negative
Automatic hundred dollar payment. No.,negative
Great draft guide!,positive
Great Magazine for fashion ideas...and articles for reading,positive
I got this for my husband. He likes to play golf so this magazine makes him feel like hes a pro.,positive
For some reason my issues don't make it to me even though I pay for them,negative
Not very useful for recipes that I could or would use.,negative
cancelled this item,negative
Always nice to read. Family friendly( don't have to worry about my young kids being exposed to inappropriate pictures/words). Great articles.,positive
Loved it! Short concise articles,positive
"I am sure it is a great magazine, if I would deer receive what I paid for 5 months and one issue, and no way to contact. Do not buy subscriptions through Amazon",negative
just not the same; won't renew,negative
This magazine loves to talk about left-wing politics all I wanted was travel.,negative
This a nice colorful magazine loaded with great ideas.,positive
"Love, love, Love reading The Daily Word every morning.  Keeps me focused on Truth.  And makes my day better!",positive
BEST ARTICLES EVER,positive
"I love the articles and the writing...and of course, the pictures!",positive
My favorite magazine. Fun and informative articles for history lovers. Wish I could download past issues.,positive
"Love this magazine,  tips,  products,  motivating stories,  guide to races and events all over the country,  it's great.",positive
Love this magazine - keeps me motivated to run!,positive
There are too many ads. Just stick to reading Wired online.,negative
Great information - arrived earlier than expected.,positive
great for cooking ideas,positive
Disappointed. Inthecontent.  Used to be better. Wont Get again,negative
I just love IT!,positive
Very disappointed. Will not download magazine after repeated attempts.,negative
Terrible.  Complete waste of money!,negative
